id,dim_0,dim_1,dim_2,dim_3,dim_4,dim_5,dim_6,dim_7,dim_8,dim_9,dim_10,dim_11,dim_12,dim_13,dim_14,dim_15,dim_16,dim_17,dim_18,dim_19,dim_20,dim_21,dim_22,dim_23,dim_24,dim_25,dim_26,dim_27,dim_28,dim_29,dim_30,dim_31,dim_32,dim_33,dim_34,dim_35,dim_36,dim_37,dim_38,dim_39,dim_40,dim_41,dim_42,dim_43,dim_44,dim_45,dim_46,dim_47,dim_48,dim_49,dim_50,dim_51,dim_52,dim_53,dim_54,dim_55,dim_56,dim_57,dim_58,dim_59,dim_60,dim_61,dim_62,dim_63,dim_64,dim_65,dim_66,dim_67,dim_68,dim_69,dim_70,dim_71,dim_72,dim_73,dim_74,dim_75,dim_76,dim_77,dim_78,dim_79,dim_80,dim_81,dim_82,dim_83,dim_84,dim_85,dim_86,dim_87,dim_88,dim_89,dim_90,dim_91,dim_92,dim_93,dim_94,dim_95,dim_96,dim_97,dim_98,dim_99,dim_100,dim_101,dim_102,dim_103,dim_104,dim_105,dim_106,dim_107,dim_108,dim_109,dim_110,dim_111,dim_112,dim_113,dim_114,dim_115,dim_116,dim_117,dim_118,dim_119,dim_120,dim_121,dim_122,dim_123,dim_124,dim_125,dim_126,dim_127,dim_128,dim_129,dim_130,dim_131,dim_132,dim_133,dim_134,dim_135,dim_136,dim_137,dim_138,dim_139,dim_140,dim_141,dim_142,dim_143,dim_144,dim_145,dim_146,dim_147,dim_148,dim_149,dim_150,dim_151,dim_152,dim_153,dim_154,dim_155,dim_156,dim_157,dim_158,dim_159,dim_160,dim_161,dim_162,dim_163,dim_164,dim_165,dim_166,dim_167,dim_168,dim_169,dim_170,dim_171,dim_172,dim_173,dim_174,dim_175,dim_176,dim_177,dim_178,dim_179,dim_180,dim_181,dim_182,dim_183,dim_184,dim_185,dim_186,dim_187,dim_188,dim_189,dim_190,dim_191,dim_192,dim_193,dim_194,dim_195,dim_196,dim_197,dim_198,dim_199,dim_200,dim_201,dim_202,dim_203,dim_204,dim_205,dim_206,dim_207,dim_208,dim_209,dim_210,dim_211,dim_212,dim_213,dim_214,dim_215,dim_216,dim_217,dim_218,dim_219,dim_220,dim_221,dim_222,dim_223,dim_224,dim_225,dim_226,dim_227,dim_228,dim_229,dim_230,dim_231,dim_232,dim_233,dim_234,dim_235,dim_236,dim_237,dim_238,dim_239,dim_240,dim_241,dim_242,dim_243,dim_244,dim_245,dim_246,dim_247,dim_248,dim_249,dim_250,dim_251,dim_252,dim_253,dim_254,dim_255,dim_256,dim_257,dim_258,dim_259,dim_260,dim_261,dim_262,dim_263,dim_264,dim_265,dim_266,dim_267,dim_268,dim_269,dim_270,dim_271,dim_272,dim_273,dim_274,dim_275,dim_276,dim_277,dim_278,dim_279,dim_280,dim_281,dim_282,dim_283,dim_284,dim_285,dim_286,dim_287,dim_288,dim_289,dim_290,dim_291,dim_292,dim_293,dim_294,dim_295,dim_296,dim_297,dim_298,dim_299,dim_300,dim_301,dim_302,dim_303,dim_304,dim_305,dim_306,dim_307,dim_308,dim_309,dim_310,dim_311,dim_312,dim_313,dim_314,dim_315,dim_316,dim_317,dim_318,dim_319
GUN25_ARATH,0.06871117,-0.08731626,-0.027083566,0.14913394,0.25142193,-0.20138863,-0.07094349,-0.155532,-0.14434704,-0.11945856,0.20471704,-0.01153403,0.060291946,0.08402625,0.23467329,-0.17521553,0.083220266,0.13493145,-0.12637669,0.012694297,-0.05084416,0.036592938,-0.0024080444,-0.08039537,0.0072844704,0.29960477,-0.057469178,0.09252135,-0.04925224,0.1467918,-0.06229474,0.20482962,0.055714022,-0.055757035,-0.008462976,-0.16236971,0.01733026,-0.01989585,0.15721723,0.0042111655,-0.19332072,-0.040669065,0.018427253,0.18191361,-0.12009064,0.030176116,-1.0732397,0.28533158,-0.15050516,-0.016101532,-0.014620434,0.077047035,0.04000792,-0.012061421,0.011355093,-0.19203825,0.22245896,-0.07904675,0.26072264,-0.023050154,-0.021841407,-0.08380106,-4.835472,-0.20103005,0.15475783,0.013149509,0.023989733,0.17897764,0.082533,0.08953816,-0.14112775,0.1368701,0.06887823,0.1759516,-0.12775633,0.014878132,0.060166728,0.118291445,0.10835881,0.064689755,0.22922671,-0.018454593,0.039777953,0.11841716,0.07979073,0.008800481,0.1496243,-0.090878025,-0.016572382,0.053104553,-0.1979266,0.081899025,0.15939578,0.2106001,0.0032085904,0.10238223,0.08001418,-0.06266791,-0.14697488,-0.071248874,0.093813695,0.08190484,-0.24223807,0.07207576,0.090907715,0.12848166,-0.111692086,0.006596273,-0.004022627,-0.09190033,-0.06502286,0.053996276,0.060543586,0.074462555,-0.071698055,0.018026862,0.08426496,0.22864401,-0.33078638,-0.0039012092,-0.04113786,-0.066130035,0.22149903,0.27543044,0.250449,0.117042825,-0.038488545,-0.05887212,-0.17716818,0.05612797,0.07692995,-0.09805107,-0.015279101,-0.14772667,0.36608136,-0.02104488,-0.20779948,0.041841343,-0.1631767,-0.20749597,0.1576584,-0.12996739,0.055210225,-0.085959814,-0.060521837,-0.1449799,0.049249776,0.016931964,-0.19752365,0.15694588,0.0596098,-0.105684794,-0.20578721,-0.38474974,-0.013801931,0.18368354,0.023893334,0.18500027,-0.04867649,0.103697605,-0.04565812,0.057942435,0.061461195,0.07263149,-0.023758996,0.004038954,0.29213327,-0.120799035,-0.00442314,0.027805809,-0.114271306,0.12802047,0.21210098,-0.20823054,0.18734844,0.23755746,0.08371436,-0.12835236,-0.093911044,-0.08430296,0.22694904,-0.20291546,0.061035354,0.07645445,-0.12656173,0.1092218,-0.22528677,0.29269308,0.011442455,-0.11478797,-0.14436282,0.047223486,0.19796592,0.114292264,0.0356445,-0.030201558,-0.06151642,0.100801416,0.02905263,0.175155,-0.07935436,0.20890713,0.16666202,0.18313496,0.005752399,-0.026066344,-0.116435096,0.049816456,0.017325738,-0.018901402,0.096595764,-0.04034018,-0.12471431,-0.023763407,0.010412235,0.019200869,0.06641768,0.009571265,-0.085431024,-0.14254065,-0.35980588,-0.00084529375,0.026242519,-0.020710707,0.007813754,-0.105408795,-0.0062740706,-0.2085016,0.06778567,0.0003457058,0.072541006,-0.050048202,-0.008961963,-0.073165625,0.031764366,0.11080343,0.107912265,-0.036851685,0.10565813,0.18987982,-0.086033694,-0.14639884,-0.027012419,-0.17835219,0.06539573,-0.12657756,0.21904105,0.053056672,0.013309312,0.01699363,-0.063738994,0.039748516,-0.10208809,0.09191642,0.018146047,0.21078065,-0.12607914,-0.046422444,0.23102678,-0.050798677,0.013701347,-0.07144837,-0.0061435,-0.10381108,0.09584577,0.13718137,0.02725731,-0.1473393,0.16450259,-0.1072807,0.09344625,-0.0703759,-0.076151766,0.022203863,-0.07282297,0.09058939,0.024425296,-0.06196639,-0.031475957,0.009935831,0.01754192,-0.044692222,0.14239705,-0.08159913,0.2070145,0.19510493,-0.12376701,-0.23189563,-0.009590625,0.037864316,-0.054992303,-0.1069908,0.08175528,0.08062107,-0.0026543627,0.05105764,-0.12619174,-0.18120441,-0.078770414,0.22787122,0.000111010064,-0.03689466,-0.056059487,0.041878995,0.059856147,-0.15924558,0.017529089,-0.06788171,-0.18519543,-0.08438187,-0.03620966,-0.04388915,-0.020924687,-0.12550446,-0.025135165,-0.19215047,-0.12251459,0.19795595,-0.039837774,0.018845262
GUN_CRYAT,0.14814161,0.13644932,0.16173272,0.11223057,0.14052203,-0.014838255,-0.19828463,-0.3096646,0.16718592,-0.19545199,0.22057827,0.30221775,0.06277282,0.022874521,0.08910291,-0.11444691,0.057818316,0.10005386,0.1960414,-0.055332698,-0.010061094,0.16473599,0.04948405,0.0390608,0.23320994,0.20763333,-0.070089824,-0.30642828,-0.22235245,0.22081627,-0.41827348,-0.020886762,0.099758744,-0.26202336,0.10204263,-0.065242,-0.15264323,-0.22612487,0.15335408,0.10690127,-0.07224957,0.08516313,0.09774282,0.11029067,-0.18047863,0.0659191,-1.1906478,0.20567167,-0.32244205,-0.09600499,0.098645195,0.15545566,-0.099106714,-0.0891246,0.010689643,-0.2008858,0.17776124,0.1554476,-0.091223,0.22946505,-0.05019093,-0.011163178,-4.7460985,-0.34809512,0.14245354,-0.2012359,-0.09951461,0.46742377,0.13731423,0.1274574,-0.20277053,0.2304816,-0.039025262,-0.37561616,0.10862453,-0.37462008,0.13776928,-0.03641555,-0.12655579,-0.11156134,0.38201421,0.006299454,0.043180555,0.09375433,-0.09242424,0.012549413,0.27270368,-0.009802341,-0.07033337,0.14791518,-0.020457663,-0.040728897,0.08545541,0.15711477,-0.08524379,0.13035291,0.038445216,0.049705025,-0.11405065,-0.21141589,0.31321305,-0.225314,-0.011026145,-0.025871418,0.0058759195,-0.037818085,-0.07896315,0.10190388,-0.051133055,-0.05983535,-0.09799298,0.26685488,-0.016738681,0.08166217,-0.0471048,-0.21361335,0.44195586,0.08186029,-0.16320266,0.13532478,0.012262214,0.1377956,0.1486268,0.30188718,-0.03402639,0.12785248,0.058681987,0.02578681,-0.28674194,0.025039509,0.2043051,-0.28486064,-0.124754965,-0.11448341,0.07350355,0.19578433,-0.1931356,0.32018012,-0.23991452,-0.1525463,0.24076071,-0.15161057,0.041452844,-0.12255715,0.051796414,-0.34384182,0.09029572,0.070486054,-0.25690886,-0.20410082,-0.0929768,0.010969563,-0.017279848,-0.22647084,0.051919665,0.09863374,-0.045917798,0.2326293,-0.15527251,0.3070526,-0.112339556,0.011731151,0.21295176,-0.046756834,-0.13013388,0.18877098,0.05925558,0.012577532,0.072953835,-0.030554324,0.17540035,-0.1377432,0.15639392,-0.13255787,0.18413857,0.04146973,-0.047441017,-0.05438559,0.080637805,-0.2110927,0.1689952,-0.15462497,-0.058490504,0.025618695,0.055680964,0.12774849,-0.17322317,0.43980142,0.16426678,-0.22929312,-0.12367264,0.0895851,-0.07505467,0.14103176,-0.019342326,0.096901126,-0.2985038,0.2718269,0.33572945,-0.12866959,-0.18479034,0.2962061,0.062762365,0.16142268,-0.010372259,0.16796505,0.074972026,0.22961399,-0.19891433,0.16333616,-0.0581877,-0.15676752,-0.17149755,0.13022858,0.11808106,-0.047251444,-0.0908393,0.06516879,-0.082301676,0.09016824,-0.112024255,-0.30212978,0.1816718,0.1735155,0.022012481,-0.057387147,-0.2942171,0.06113025,-0.096901044,-0.17182006,-0.0061748996,-0.014003115,0.092534624,-0.3109858,0.20012748,0.010528893,-0.02633331,-0.1763383,0.20195653,-0.027362617,-0.07539438,-0.24906348,0.28873605,0.038190417,0.18445584,0.14334044,0.07990598,0.12813021,0.00042128155,0.14605415,-0.071399085,0.031018782,0.14191216,-0.073817365,-0.23440258,0.2550237,-0.1526413,-0.025081532,0.1857374,0.27440956,-0.0163408,0.06496119,-0.030771893,0.0742476,0.108612016,0.3104385,-0.14557236,0.00431212,0.45391786,-0.119046286,0.16485871,0.07648343,0.03003375,-0.12597108,-0.19287172,-0.08969938,-0.037312604,0.12570179,-0.059691846,0.15586887,-0.15813854,-0.11937341,0.27292833,0.083461985,0.09184866,0.6042463,-0.15019107,-0.15119354,-0.12035001,0.09424684,0.09023858,-0.06635514,-0.12877057,0.3504418,-0.043951366,-0.070313856,-0.37902227,-0.111095764,-0.22991742,0.15944773,0.017895035,-0.024273686,0.059200447,0.22915909,-0.17777267,-0.5080321,0.0830826,-0.14134929,-0.12820297,-0.1689961,0.08880686,-0.14216457,0.031109318,0.023641385,-0.07063204,-0.29796284,-0.15734865,0.0848253,-0.080338895,-0.019877408
GUNZ_DICD3,-0.013581861,-0.08419166,0.14535703,0.037897654,0.23576856,0.11190903,-0.042867202,-0.08877986,-0.12529299,-0.11538859,-0.047006503,0.16618854,-0.01750639,0.13913648,0.14685504,-0.08975888,0.015616899,-0.019281482,-0.23595381,0.07823357,-0.012104074,0.22012275,0.039467804,-0.023161823,0.14712152,0.109720804,0.0004516361,-0.20776388,-0.076075636,0.21933708,-0.1495935,0.22824542,-0.018560499,0.08540098,0.120072514,-0.04959061,-0.07824492,-0.13830523,0.04077287,0.058865868,0.0014028003,0.087243676,-0.018151378,-0.09120234,-0.050857536,-0.08563682,-0.8052067,0.007877942,-0.035924006,0.026964473,-0.037668232,-0.02908501,-0.14565691,0.08311435,-0.07029325,-0.3284642,0.332145,-0.1682006,0.24217045,0.14220522,-0.0062399358,-0.19833682,-4.2492876,-0.25099272,0.20127423,-0.10975724,0.06299969,0.09566716,0.14823116,-0.04751375,-0.11261091,0.14968874,0.088003926,0.13926294,0.25267553,0.112686746,-0.032115933,0.06081936,0.06389867,-0.027126018,0.14796187,0.10544282,0.00036834445,0.23035645,0.13516323,-0.030236084,0.13353041,-0.30744365,0.071891874,0.12726514,-0.0847625,0.13174202,0.2637056,0.038352538,-0.15768303,0.012552204,-0.0384232,-0.05471352,-0.24713744,0.0013156706,0.07428005,0.031601176,-0.06364663,0.050827987,-0.060569353,-0.058358584,0.058400955,-0.057257272,-0.16261694,0.05003846,-0.12366785,0.040461566,-0.10370884,0.012824522,-0.040088378,-0.040057223,0.094952665,0.13431564,-0.086574234,-0.24785729,0.14421305,0.053227138,0.021812776,0.11185439,0.10740041,-0.08134707,-0.06811237,-0.047499567,-0.21439362,0.0068820235,0.115655616,-0.12379477,-0.008626907,-0.26038548,0.28829768,0.1983789,-0.1941308,0.17677373,-0.2646386,-0.18025433,0.100010596,-0.11674721,0.059826534,0.0012850828,0.028465033,-0.22849059,0.13737752,0.18293032,-0.07249146,0.14597155,-0.041137423,-0.06480192,-0.26861092,-0.0361389,0.055817336,0.054980483,-0.07375393,0.33647206,0.044015255,0.11709627,0.08610204,0.12547635,0.20650984,-0.09576671,-0.032356318,-0.019222794,0.057973005,-0.023032429,-0.03525065,0.08275954,0.1599268,0.001975788,0.21124867,-0.10751856,0.06278982,0.23353602,0.11497407,-0.08904549,-0.048722375,0.05096543,0.22453162,-0.13953094,-0.062558554,0.047819402,-0.14856315,0.17359649,-0.23777722,0.36841336,0.13055925,-0.12848772,-0.14301051,0.039901786,0.2063325,0.047897216,0.08979501,-0.06586839,-0.1586497,0.06854513,0.21638581,0.034534514,-0.14212391,0.16230628,-0.009840085,0.12325668,-0.051371217,0.03925212,-0.16163756,0.079716235,-0.21090509,-0.26173025,-0.043835025,-0.11110994,-0.09569325,0.09228369,0.1433074,-0.043159552,-0.028620625,-0.024048239,-0.050955027,0.13712771,-0.23018767,-0.157188,0.060509656,0.0201862,0.07037889,0.002394097,-0.236185,-0.09063481,-0.04398913,-0.15462929,0.16649802,-0.045789927,0.09309481,-0.12350218,0.22783975,0.045422934,0.0020827667,-0.08081348,0.120439634,-0.030929733,-0.0117823295,-0.14127786,0.017943386,0.03302055,-0.04723171,-0.080103934,0.14132246,0.056240465,-0.09915171,0.0059637423,-0.058412764,0.12843922,-0.11866906,0.16421255,-0.1210878,0.26013723,-0.16358857,0.07456388,0.075452805,-0.07473231,-0.09981716,-0.061667778,-0.07351365,-0.11542555,0.15914592,0.20978291,0.043552354,-0.14860745,0.13079263,-0.07888175,-0.047081336,0.039777916,-0.023041511,-0.2132659,-0.044842336,0.044143282,0.086547494,-0.12248628,-0.005231851,0.053725883,0.050526217,-0.051851183,0.080689475,-0.06715921,0.14722523,0.29130033,-0.034967862,-0.1170221,-0.05509765,0.12602183,-0.089718804,-0.028901303,-0.01607848,0.17831795,0.12958175,0.007148535,-0.14981262,0.091161095,0.004893091,0.08378032,-0.029168932,0.10337046,0.025058884,0.15681532,0.00839938,-0.18694496,-0.005613968,0.007589865,-0.08433514,-0.18315786,-0.20154828,0.05316154,-0.00441309,-0.009165282,-0.08624184,-0.32200792,-0.18858527,0.28285766,-0.102923885,-0.095047
GUN1_HYPJE,0.16726287,0.17876919,0.032250714,0.03534538,0.3327322,0.049313605,-0.06162324,-0.19342627,0.15049599,-0.30710706,0.2863969,0.21023996,0.060557,0.04084689,0.06165535,-0.161684,0.13086669,0.06100882,-0.015809348,0.08155358,0.004878444,0.18667579,0.049469907,0.036026385,0.22411539,0.19115423,-0.080449104,-0.31530052,-0.13386309,0.16510415,-0.29896286,0.050354056,0.11268551,-0.091005735,0.12504956,-0.03668874,-0.14658006,-0.21863723,0.11982833,0.068791956,-0.10076563,0.039969552,0.07241821,0.07905109,-0.09639816,0.06858334,-1.3321372,0.076759286,-0.24408121,0.020344526,0.010565307,0.12194987,-0.09675739,-0.007576938,-0.008879544,-0.31588772,0.12407356,0.046444066,-0.1003091,0.19347265,0.0068855286,0.0068972376,-4.8136334,-0.3413977,0.11470667,-0.26057357,-0.060986053,0.44795355,0.09492493,0.15420873,-0.24240153,0.18773961,-0.13105582,-0.25233036,0.13713174,-0.24983145,0.09195232,-0.06867885,-0.07555898,-0.12899828,0.34063372,0.050455473,-0.031381875,0.16576748,-0.0263954,0.051382177,0.182616,-0.06569732,-0.111853264,0.18071708,0.004004586,-0.040971246,0.055121858,0.12565865,-0.16246387,0.14857262,0.05999619,0.026724555,-0.061964784,-0.19709814,0.23157641,-0.14593363,0.026331352,-0.05376644,-0.06513114,0.009157888,-0.0923991,0.035860628,-0.094684914,-0.05803549,-0.116804846,0.12227852,-0.1329444,0.10561727,-0.031994037,-0.14554515,0.3621578,0.10540646,-0.13222764,0.061710216,-0.0019244069,0.14804457,0.23000056,0.273605,-0.01807665,0.0512364,0.106560074,-0.029748593,-0.31797126,0.032236345,0.21189347,-0.25671688,-0.12987404,-0.1553542,0.21596266,0.15509209,-0.24174292,0.31844154,-0.120650336,-0.054303624,0.25450408,-0.13409118,0.12077603,-0.08478775,-0.0018770718,-0.28324333,0.107303075,0.06859407,-0.27475107,-0.098118365,-0.10136518,-0.048104495,-0.05311471,-0.26231515,-0.010466997,0.08718253,-0.050258122,0.2145681,-0.017673455,0.232136,-0.06371069,-0.045551952,0.1961132,-0.077586964,-0.09629782,0.056890715,0.11587152,0.03670486,0.051997487,-0.01343749,0.19272383,-0.14000139,0.08900361,-0.008944566,0.15272212,0.1514411,0.12243425,-0.025050497,0.06094773,-0.18580367,0.3413047,-0.23011474,-0.0011218903,0.048100073,0.06467918,0.06198473,-0.23221911,0.31370005,0.14811285,-0.21111204,-0.12839732,0.057800118,-0.12008144,0.16540785,0.024714004,0.07988749,-0.3087196,0.16162738,0.30933344,-0.15235831,-0.1606774,0.27861473,0.13311446,0.06426584,-0.09012154,0.12835605,-0.014501959,0.15945362,-0.15326795,0.109295316,-0.0404122,-0.24424364,-0.15499428,0.08843803,0.044457603,-0.0047040987,0.022210881,0.068364434,-0.09993298,0.07488137,-0.09893971,-0.20725122,0.1246534,0.11579736,0.009904844,-0.03974625,-0.31362984,0.04586513,-0.09328783,-0.08751898,-0.038243636,-0.017414656,0.0700072,-0.27182436,0.23352525,0.029192314,0.09638404,-0.097192734,0.21353577,0.041948594,-0.08025784,-0.16446874,0.18372409,-0.027889643,0.116238356,0.18518741,0.15113837,0.10509594,-0.022318562,0.15670736,0.004408793,0.08161143,0.05239764,-0.020306433,-0.18519332,0.21979585,-0.17405012,0.06817008,0.17795198,0.17166223,-0.05321784,-0.015129404,-0.017163359,0.0072041014,0.18777117,0.30452245,-0.13807143,0.02120538,0.2780964,-0.022123747,0.10169882,0.056169838,0.010755508,-0.13821147,-0.20577857,-0.095331274,-0.03442349,0.041444223,-0.0098019885,0.08111379,-0.056079164,-0.020090504,0.33590856,0.0888619,0.22159073,0.40004277,0.004492583,-0.12994799,-0.093679756,-0.060036376,-0.054771654,-0.08957138,-0.09004852,0.3323884,0.093404405,-0.038480088,-0.3596393,0.034914993,-0.23193435,0.19866355,0.03987473,0.035215426,-0.018860454,0.22851682,-0.21291879,-0.41810268,0.044310696,-0.13244657,-0.14361773,-0.08503781,0.050049298,-0.037930336,-0.03646435,0.015283826,-0.09743012,-0.24952163,-0.1593419,0.18481328,-0.09584639,-0.055157844
GUN2_THEFU,0.075961724,0.08514975,0.01437442,-0.10538855,0.2196437,0.086119644,0.039423455,-0.17250904,0.061555825,-0.116876625,0.024403265,0.08428323,0.057666812,0.11539768,0.1694073,-0.090521894,0.018038154,0.060545962,-0.084212825,0.034230888,-0.048434097,0.22373109,-0.0085683465,-0.04868655,0.27677414,0.086959414,-0.012936433,-0.37093496,-0.10629409,0.19301704,-0.25973165,-0.13923125,-0.14801447,-0.015956696,0.12675942,0.05503428,-0.07111269,-0.16272636,0.12755693,-0.031805128,-0.00042601605,0.0725536,0.087835886,-0.0029475123,-0.07227152,-0.0140259145,-0.824099,0.024354603,-0.10617768,-0.05404231,-0.18358904,0.08268184,-0.17244186,-0.0076942933,0.0016118323,-0.2354642,0.1626254,-0.103110604,0.0860308,0.26745623,-0.05028782,-0.05628033,-4.654745,-0.3092955,0.17149025,-0.22851595,0.070432514,0.3617283,0.1372336,0.14612223,-0.11313478,0.1983235,0.07641746,-0.1376741,0.11861082,-0.16813867,0.01550841,0.10078855,-0.04240951,-0.14379513,0.2069938,0.051691033,-0.081640914,0.23492149,0.044399675,-0.08424469,0.2729225,-0.19047678,-0.066661604,0.048411626,-0.040733017,0.09978774,0.09490299,0.12753287,-0.15926121,0.09387136,0.0077774683,-0.035720114,-0.21400173,-0.06612076,0.19157842,0.04374159,0.01256095,-0.11919661,-0.11944413,-0.04319027,-0.00892042,-0.05479373,-0.030573063,-0.1346008,-0.021822952,0.13658547,-0.11498901,0.063626826,-0.057465393,-0.12490796,0.19668111,0.16829295,-0.04196281,-0.05000361,0.11703574,0.005196083,0.13723356,0.34730664,0.027971432,-0.062882945,-0.014478726,-0.086120404,-0.19282041,-0.06958148,0.18000837,-0.2731223,-0.17890456,-0.2653148,0.29898876,0.12526412,-0.18126892,0.12018623,-0.090980165,-0.048035737,0.14123306,-0.13372375,0.007468895,-0.03932308,-0.0153495,-0.23006855,0.103123136,0.22026438,-0.22326894,0.0097114425,0.026445273,0.07743392,-0.21000333,-0.10088414,0.14004898,0.015547467,0.044379074,0.2072944,-0.016807884,0.25790706,0.04563984,0.006364096,0.15333521,-0.13767771,0.031941373,0.028891435,0.03596299,0.054935113,0.05852536,0.0418642,0.27328056,-0.143035,0.22067086,-0.15678981,0.19959787,0.11467869,0.0035971778,-0.04376206,-0.00016735369,0.122824244,0.37211785,-0.033248138,-0.07837274,0.012759492,-0.054566663,0.13161735,-0.10320527,0.43103158,0.14903924,-0.12565808,-0.095891245,0.037621137,0.0046065957,0.071668476,0.12934121,0.027836224,-0.23895396,0.1068499,0.15728472,-0.10986238,-0.29826,0.16255644,0.08914692,0.22915116,-0.08322369,0.07427098,-0.12508169,0.52663344,-0.12822044,0.0467002,-0.095879376,-0.17347845,-0.09323618,0.011563583,0.15995476,-0.08000054,0.017542252,-0.04601546,-0.067848794,0.16923085,-0.11696756,-0.13492058,0.025767518,0.105395235,0.006679096,-0.0013279667,-0.20646049,-0.040650565,-0.094890416,-0.2130954,0.043144666,-0.021604069,0.055113584,-0.1127537,0.30214503,0.06873218,0.030483412,0.012083355,0.17662837,-0.01973502,-0.06075057,-0.20255019,0.0953618,-0.031084724,0.042553794,0.07972028,0.14377187,0.044797033,-0.032309987,0.12989828,-0.073626705,0.053267475,-0.09093139,0.070792675,-0.06498549,0.39387894,-0.11942164,0.08840383,0.10562378,0.039080806,-0.07545024,0.054894976,-0.024233261,0.065056555,0.20201649,0.2355183,0.023280373,0.03971904,0.16456671,-0.12488965,0.03858579,8.36564e-05,0.022398708,-0.18444212,-0.16858342,0.021445358,-0.020680519,-0.08472653,-0.106599346,0.0780821,-0.078146435,-0.094205335,0.12446001,0.0141493,0.23445384,0.37990403,0.09385322,-0.18946962,-0.2881412,0.07260354,0.08136661,-0.03325698,-0.050953142,0.057561763,0.09095961,0.049016465,-0.21628417,0.07777288,-0.1236193,0.07437528,-0.042908292,0.08897404,-0.067069076,0.23605195,-0.036434203,-0.37330252,0.0737545,-0.23468848,-0.13226002,-0.17715186,-0.07888547,0.07440156,-0.096292414,0.049082987,-0.058692634,-0.38131365,-0.19340713,0.27710274,-0.16408964,-0.21548672
GUN2_HYPJE,0.088811636,-0.09480622,0.07478169,-0.08128258,0.1862454,0.050564885,-0.11009905,-0.13219203,0.10010643,-0.15054208,0.093625225,0.17669992,0.0481023,0.086767636,0.16677013,-0.023442604,0.052950215,0.029930282,-0.1652789,-0.0023265225,0.033184964,0.19131906,0.030708617,0.04394295,0.28288764,0.1375615,-0.054805864,-0.35787213,-0.117667325,0.2322417,-0.23976575,0.0456386,-0.052852068,-0.061156813,0.09718276,-0.04764203,-0.0011407273,-0.13966604,-0.023135241,-0.045278475,-0.051413823,-0.016062466,0.09860648,-0.028377946,-0.16722271,-0.01680488,-0.7916533,-0.056114525,0.036160104,0.062407058,-0.08868381,0.0805857,-0.17478561,0.0007156656,0.01781925,-0.3180399,0.28216973,-0.14386566,0.07625786,0.27841648,0.055290706,-0.14182052,-4.224554,-0.34055227,0.21902114,-0.23714818,0.080468535,0.2282557,0.08337368,-0.028121691,-0.162172,0.20900312,0.06710822,-0.0006876718,0.25766292,-0.050805617,0.05302124,0.08114085,-0.006952007,-0.0656977,0.18094353,0.09440016,-0.0061609633,0.20863312,0.06395585,-0.03418072,0.15987018,-0.22465257,0.0010231336,0.1412156,-0.09532453,0.06569714,0.20226692,0.10009286,-0.26417398,0.0704664,0.069464214,-0.067788094,-0.26357636,0.005556667,0.060581226,-0.005445443,-0.036592554,-0.13481994,-0.002013009,-0.13890949,0.03312742,-0.12882487,-0.08933682,0.06511344,-0.15768474,0.083160274,-0.103191055,0.062257096,-0.04105799,0.0010061264,0.19311737,0.10139292,-0.06577063,-0.11732386,0.067742534,0.02469581,0.096546225,0.21267076,-0.015334922,-0.033890083,-0.063291274,-0.074541494,-0.3099956,-0.08988447,0.28649557,-0.23642632,-0.0020589454,-0.32356375,0.38762635,0.23029949,-0.1616069,0.34741247,-0.20858052,-0.043634515,0.15413165,-0.14243893,0.096037075,-0.08307398,0.032010168,-0.26846334,0.06211818,0.20555812,-0.23046991,0.07035699,-0.05784824,0.029777173,-0.28018332,-0.14203931,0.15514609,0.06032057,-0.1429871,0.2793065,0.0167773,0.14527403,0.015930144,0.10952788,0.16966005,-0.22579142,-0.021085238,0.076925784,0.08826151,0.04786291,0.08121966,0.050874893,0.32275742,-0.066266775,0.25377572,-0.05812597,0.19609018,0.21877532,0.11244181,-0.021612104,0.081262544,0.033815958,0.25400937,-0.11245351,-0.12062476,-0.044635683,-0.07556227,0.19925208,-0.2781,0.46373162,0.11823423,-0.11017116,-0.07497818,0.10945353,0.08128045,0.15401207,0.13569432,-0.04057403,-0.16207603,0.046350516,0.33602157,-0.20679344,-0.13175417,0.14320563,0.043937903,0.13514955,-0.13337533,0.12998156,-0.2230496,0.22293876,-0.16637787,-0.0968878,-0.020598223,-0.15628743,-0.19718167,0.045981076,0.13767959,-0.06671021,-0.0072943084,-0.022587905,-0.12887272,0.10136501,-0.19686882,-0.16366035,0.10555047,0.0597237,-0.048797105,0.015536694,-0.3109282,-0.0655992,-0.07302787,-0.16156438,0.046837084,-0.13521029,0.070647955,-0.23888753,0.20994015,0.098988235,-0.023111565,-0.11438415,0.15160492,-0.04285994,-0.059392937,-0.14336833,0.0057522594,0.025041625,-0.019932263,-0.049079668,0.20296817,0.09702102,0.002730418,0.0744993,0.0038939205,0.11561343,-0.07229502,0.08831987,-0.09187797,0.25917667,-0.22137648,0.11998973,0.04760516,0.0034171627,0.03019151,-0.055579394,-0.09994402,-0.0642939,0.15929472,0.24900873,-0.13507245,-0.11472736,0.14322576,-0.1045958,-0.031320333,-0.013944469,0.01859905,-0.14595003,-0.13573343,-0.07190548,-0.00967052,-0.18549581,-0.020968875,0.103385456,0.017067757,-0.036350846,0.08284428,0.079310164,0.1779047,0.34103462,0.03418365,-0.2309541,-0.04588536,0.16259311,0.075575575,-0.0064641885,-0.04473382,0.22484475,0.11423861,0.09021835,-0.24151203,0.14688097,0.027101535,0.042830203,-0.060235113,0.12371557,0.08354532,0.13652806,-0.072801396,-0.27146438,0.039750267,-0.06297552,-0.15939967,-0.17801271,-0.16860752,-0.08358824,0.049385592,0.06046163,-0.10318632,-0.25164825,-0.16630413,0.3713039,-0.15134855,-0.11016675
GUN1A_HUMIN,0.11934887,0.022017658,0.1374565,0.20473312,0.20021522,-0.020182395,-0.10280324,-0.17536695,0.008598939,-0.2613822,0.17203598,0.17433174,0.02265969,-0.01781289,0.07358573,-0.1258936,0.068900496,0.045573622,0.035063572,0.17546067,0.044869065,0.08064231,0.04208247,-0.0024841472,0.033136733,0.2287837,-0.1429874,-0.10186879,-0.025322514,0.11168572,-0.219796,0.20093676,0.13820371,-0.22903457,0.043236516,-0.12026808,-0.17007141,-0.065946594,0.17010343,0.07111566,-0.02349717,0.19046202,-0.07719658,0.17971118,-0.09493237,0.08254652,-1.459573,0.15550853,-0.37741098,-0.053755414,-0.031244148,0.04644187,0.06607752,0.0074120094,-0.123996586,-0.1855612,0.17382756,0.103108734,0.12950952,0.008531534,0.067196704,-0.018208647,-5.091645,-0.22497962,-0.047514662,-0.006388245,-0.0037407025,0.22776859,0.061188497,0.10762603,-0.25981763,0.15962128,-0.05054029,0.020528099,0.04511658,-0.05173279,0.049134642,-0.07319813,-0.13988818,-0.0025806092,0.2782883,-0.017270572,-0.033270776,-0.029068002,-0.08466832,-0.05075004,0.039165027,0.030829484,-0.13076141,0.1731843,-0.016199738,0.016454956,0.056840207,0.21432298,-0.0076159905,0.16330628,0.066509865,0.10688678,-0.008307204,-0.17851794,0.10819928,-0.059281208,-0.02177466,0.10225279,-0.09152849,0.1578968,-0.14404893,0.08312473,-0.21584314,-0.17609207,-0.09058264,0.008717175,0.031557705,0.095220715,-0.0064574326,0.008872835,0.2128777,0.09783003,-0.23060624,0.046987362,0.015884511,0.11171698,0.24447879,0.26061574,0.11624959,0.063021846,0.0816139,-0.0477068,-0.23065254,0.041081704,-0.03909741,-0.24863973,-0.18178982,0.061130036,0.09887444,0.016310684,-0.19847254,0.0065888404,-0.08218228,-0.24833764,0.27979815,-0.22319019,0.057034757,-0.027089607,0.04747131,-0.15740576,0.10888757,-0.020976907,-0.30828217,0.04693325,0.015695084,-0.05076732,-0.10172765,-0.3281655,-0.0012602735,-0.049879566,-0.02364533,0.21600032,-0.054373685,0.11622855,-0.123954654,-0.05726401,0.051897068,0.16390102,-0.13485904,0.057070628,0.12705703,0.006370502,-0.072070785,-0.015762836,0.057755206,-0.029377514,0.17771466,-0.07549837,0.015185149,0.16470514,0.14188045,-0.029206963,-0.0926147,-0.087689854,0.21205881,-0.22353478,0.13846843,0.063515015,-0.026906237,0.019314542,-0.052215926,0.28539544,0.115646586,-0.18556122,0.051374927,0.035305463,0.17513199,0.17868133,-0.09078717,0.051558834,-0.26618198,0.23068704,0.12615585,0.13017221,-0.10412263,0.28720486,0.081919536,0.15086386,-0.037837073,0.035042904,0.055994205,0.07785924,-0.060417727,0.31534988,0.043077525,-0.103290215,-0.01445078,0.06345907,0.033098817,0.115801066,-0.15178873,0.11450378,0.10793121,-0.017691398,-0.044440005,-0.05332321,0.15244304,0.10779759,0.09763534,-0.065312065,-0.1766777,-0.109096184,-0.04336866,-0.005129114,0.117670976,-0.020052074,0.08349592,-0.13815856,0.088374026,-0.066490136,0.09729293,-0.044526346,0.13567251,0.1619983,-0.089397885,-0.17676613,0.15991181,-0.036660288,0.072091065,0.030256663,-0.00048429542,0.092381865,-0.0032525826,0.02417376,-0.1487421,0.06245377,0.079672635,0.11745554,-0.20995508,0.21959724,-0.11605781,-0.054739475,0.05255208,0.10357124,-0.08020854,-0.018204795,-0.032316912,0.013676046,0.017948711,0.27939042,-0.12929274,-0.08636726,0.32218325,-0.10638135,0.21220072,0.11000086,0.003988959,-0.018799828,-0.17707328,-0.024265138,0.029349176,0.18741253,0.018696643,0.06417297,-0.041786138,-0.05415268,0.33909017,0.030114653,0.14763735,0.35130832,-0.1343744,-0.0074151778,-0.05078693,-0.0770673,-0.04919247,-0.14658745,0.07694351,0.21106906,0.04084543,-0.022734614,-0.25328645,-0.060896736,-0.24621594,0.07799219,0.012014963,0.009886057,-0.02636436,0.0060174535,-0.17458484,-0.2500824,-0.008516713,-0.15612632,-0.024215238,-0.12889841,0.11518274,0.067382626,-0.10859652,-0.04175524,0.087123565,-0.13979843,-0.11461041,-0.036007553,0.08455189,-0.03472037
GUND_ACETH,0.043354575,-0.05939788,0.018442126,0.076084584,0.3726193,-0.1458897,0.032437705,-0.18148354,-0.16082646,-0.1415422,0.17164539,0.1217877,0.027214108,0.09924477,0.17443413,-0.12615943,0.06691548,0.09044008,-0.15588164,0.111679755,0.01789668,0.06564038,0.03418017,-0.05662206,-0.05861,0.12144093,-0.099995375,0.034806658,0.07554695,0.14350627,-0.0018899703,0.39473656,0.110139206,0.034768976,-0.010513415,-0.15951924,-0.076879784,-0.004614063,0.17830431,-0.0011628097,-0.06999703,0.012940865,0.08324285,0.12728433,-0.08776863,-0.052407812,-0.9791878,0.1930979,-0.10810237,0.075208515,-0.12160386,-0.06631146,0.09842292,-0.057968773,-0.07177474,-0.21472584,0.18028942,-0.05298897,0.25518966,0.055677515,-0.0028836473,-0.07981634,-4.65423,-0.16622905,0.16837569,0.020989561,0.10659846,0.09015031,0.014987979,0.05941274,-0.0891276,0.13152061,0.094133794,0.14556694,-0.09781011,0.08021477,0.040424522,0.16239339,0.08601035,-0.018508758,0.18958838,-0.030767292,0.01939967,0.2201797,0.07239501,0.03555471,0.029345624,-0.028355429,-0.009130883,-0.03148456,-0.18884811,0.062337495,0.20645069,0.14738475,-0.036621362,0.110733606,0.010820416,-0.07324071,-0.0630063,-0.11741042,0.001220964,0.063445285,-0.16077405,0.10007424,-0.06373385,0.048271246,-0.053122032,-0.031677168,-0.06972851,-0.05067314,-0.15769033,0.051581413,-0.044107884,0.11363964,-0.1347248,-0.07352507,-0.006424227,0.2256892,-0.17869437,-0.042657793,0.07469985,0.021841295,0.17162372,0.12290188,0.2588811,-0.020912442,0.06576421,-0.084747836,-0.15426573,-0.01939545,0.11933904,-0.10512987,0.022764247,-0.26065037,0.36491102,-0.06570839,-0.24854642,-0.00045394897,-0.21975565,-0.33071053,0.11838322,-0.13680989,0.0050346786,-0.0073337737,-0.060116697,-0.13006637,0.013327459,0.024617178,-0.08954265,0.1584975,0.06917205,-0.13012828,-0.3277538,-0.28522047,-0.017691225,-0.0027376993,0.058486402,0.15845583,-0.002352684,0.14160281,0.066746235,0.15981734,0.19183022,0.1228602,-0.046325404,-0.05554794,0.1646027,-0.093218625,-0.00047717956,-0.004543721,-0.094924636,0.032621562,0.209832,-0.107341625,0.16485533,0.24092782,0.067834556,-0.16649033,-0.09278311,0.0084792385,0.1392878,-0.16491042,0.09221761,0.04605265,-0.10596218,0.054358676,-0.24145892,0.30398923,0.07461181,0.037137154,-0.09039263,0.0740073,0.26915872,0.089788556,0.09016589,-0.07470051,-0.14297913,-0.0071719047,-0.0041149207,0.19675997,-0.021216894,0.23599593,0.12804875,0.16207245,-0.004453092,0.015235173,-0.05734758,-0.0019386803,-0.03770547,-0.102904946,0.13763024,-0.045315932,-0.121601135,-0.12612401,0.042223826,0.03992986,0.064273424,0.018299848,-0.05557773,0.004400358,-0.26135713,-0.027563995,0.10028337,0.050246105,0.039503075,-0.046263948,-0.15634531,-0.18135682,0.0032774662,-0.051191054,0.12582344,-0.03535081,0.027308932,-0.10379297,0.0716,0.10779479,0.09463254,0.06411552,0.059512835,0.08753319,-0.07906148,-0.24857302,-0.05766671,-0.12819298,-0.05444044,-0.13807988,0.31137693,0.09519496,-0.08084702,0.020660363,-0.016441375,0.0007719554,-0.1421683,0.040039476,0.008459825,0.15780658,-0.12014351,0.0065140137,0.18187486,-0.023909923,-0.06754715,-0.006970702,-0.067693025,-0.020051131,0.10453866,0.12759061,0.112962455,-0.27399033,0.06130772,-0.06698922,-0.021448495,-0.087392315,0.0130151855,-0.071553856,-0.05628009,0.058031328,-0.021106753,-0.0813953,-0.015159626,0.015643647,-0.040220503,-0.0198728,0.18885449,0.048644762,0.19965334,0.1868731,-0.015415185,-0.13067795,0.054704558,0.087983035,-0.057383902,-0.11047755,0.0067238905,0.0525432,0.06694093,-0.0330873,-0.085296914,-0.048685417,0.044854145,0.10308894,0.06729445,-0.04178018,0.017691517,-0.002341961,0.042019494,-0.12890448,-0.029730007,-0.010540326,-0.08108321,-0.06324168,-0.0681656,0.01972871,-0.07330086,-0.13350601,-0.07458189,-0.1930582,-0.17494589,0.24102461,-0.02572222,-0.03593941
CELE_ACET2,-0.004171574,-0.060029235,0.013797475,0.09700117,0.26016173,-0.05511563,0.011998831,-0.13653977,-0.11983597,-0.10560913,0.11636938,0.07577035,-0.07899366,0.065020226,0.17785782,-0.08453905,0.013573048,-0.047114544,-0.23143144,0.16491269,0.10452035,0.060309265,0.016267518,-0.040722128,0.024976412,0.116455,0.022092473,-0.092950955,0.042215567,0.2194363,-0.08449457,0.35475674,0.07060477,0.02456647,0.05309422,-0.16951524,-0.09822733,0.03865816,0.03331141,0.027945379,0.07963643,0.09622923,-0.022478363,0.04093717,-0.055725228,-0.050223142,-0.91728073,0.13340603,-0.026437989,0.013278352,-0.06420202,0.0017482019,-0.01779607,0.094418444,-0.14036421,-0.27376217,0.29201585,-0.17881854,0.24261002,0.089140154,0.08536091,-0.2018305,-4.024931,-0.24176657,0.17236695,-0.105733015,0.08007449,0.23823288,-0.002045745,-0.026648674,-0.042672556,0.19427796,0.07899185,0.19895421,0.12729362,0.1407322,-0.043323055,0.054458886,0.006617241,-0.036113407,0.17405765,0.068386786,-0.05098752,0.16693334,0.17500278,-0.00677109,0.07779729,-0.21733482,0.022406416,0.0873022,-0.11080939,0.079474345,0.19189197,0.14439343,-0.2232525,0.09810594,-0.020045502,-0.09561785,-0.14618975,0.0018014405,0.102420084,0.062725365,-0.119416244,0.07460442,-0.049630012,0.081401706,-0.056033865,-0.08453069,-0.12552841,0.09563665,-0.1406578,-0.014234809,-0.0676588,0.01603269,-0.12474357,0.022451682,0.022322599,0.13327754,-0.06442828,-0.031062037,0.059606075,0.13198778,0.049628574,0.14771381,0.111703716,-0.12882923,-0.035556313,-0.06014058,-0.22727667,-0.03041791,0.14173885,-0.14827707,-0.08393922,-0.21730553,0.3620983,0.023674913,-0.15190618,0.13352059,-0.21949829,-0.27220777,0.061966587,-0.10962409,0.07168572,-0.009550657,-0.0041139466,-0.10987765,0.03127845,0.17047742,-0.15077269,0.16982327,-0.012600067,-0.060171146,-0.33056775,-0.11611564,0.07290201,0.04391752,-0.11479597,0.2358755,-0.0052920952,0.040737066,0.0050523533,0.063447975,0.23503327,-0.0040894337,-0.08870814,-0.015237177,0.13464104,-0.10458622,-0.0403001,0.0052520563,0.17311941,-0.045775976,0.27975604,-0.09133472,0.08091388,0.18448845,0.121445514,0.0028254343,-0.09226843,0.09274304,0.14478126,-0.14384924,0.028143385,-0.008333122,-0.15996598,0.19147043,-0.19055347,0.3779037,0.06423583,-0.043337632,-0.12584637,0.037284195,0.16033061,0.15473695,0.07912452,-0.064677946,-0.10251192,-0.026791656,0.027316222,0.121291235,-0.004854591,0.2075736,0.007820053,0.1936716,-0.14648607,0.06320886,-0.17731962,0.08691601,-0.13221444,-0.17085885,0.051747177,-0.10081289,-0.06046469,0.016136164,0.09699496,-0.087070085,-0.015034404,0.07746751,-0.024985077,0.0935538,-0.16924651,-0.08421328,0.07311453,0.02829648,0.042216104,0.008168309,-0.21444927,-0.09039197,-0.00932988,-0.17093506,0.113199405,0.0018913981,0.11115176,0.046485376,0.18603143,0.02727301,0.0080759395,-0.055541147,0.06027481,0.07091775,-0.0542928,-0.15765497,-0.0057168473,-0.059357494,-0.055932004,-0.14721334,0.19749688,-0.017893864,-0.041983362,-0.024153588,-0.09481699,0.018293833,-0.09025655,0.1070381,-0.09687227,0.19985455,-0.13827981,0.063548736,0.014174719,-0.07555411,-0.08846512,-0.24460493,-0.13402522,-0.094621405,0.10023635,0.17497241,-0.10658131,-0.28857836,0.054477856,-0.049771104,-0.06704257,-0.085142724,0.02900804,-0.1606829,0.024580464,0.052398585,0.040382188,-0.17244646,0.058349054,0.028882954,0.08166566,-0.050991822,0.10941329,-0.039650343,0.15378553,0.26689753,-0.049393088,-0.091956586,0.041691042,0.02107379,-0.106559716,-0.11681064,0.013741008,0.22643891,0.13965864,0.0011176649,-0.12538944,0.033789907,-0.06412516,0.064126536,0.014673537,0.08051468,0.07626943,0.026898414,0.018375874,-0.113718204,-0.07835883,-0.055540796,0.00791943,-0.16192646,-0.15875983,0.067965046,-0.07196097,-0.04222387,-0.03694135,-0.20225377,-0.08299526,0.27774104,-0.029989291,-0.067994356
GUN3_FIBSS,0.08975918,-0.05419916,0.08649252,0.05076862,0.31932104,0.066344894,0.033342317,-0.036365148,-0.02957198,-0.18526056,0.038011033,0.091048226,-0.06269363,0.16791551,0.06108585,-0.15926634,-0.024964709,-0.080439426,-0.16785471,0.13732736,0.045952376,0.14695798,0.072203375,-0.052231263,0.037831794,0.0829181,0.012054609,-0.13271727,0.012880504,0.21421106,-0.019606445,0.31507903,-0.015269999,0.15529965,0.066514984,-0.08455061,-0.050442968,-0.07962185,0.03775637,0.0430216,0.037077013,0.14668947,-0.10156139,-0.07666937,-0.0799598,-0.072464705,-1.1024939,0.116177365,-0.10572301,-0.017914684,-0.08934282,-0.023719711,-0.06334109,0.24505134,-0.19127882,-0.3044384,0.32231483,-0.1407897,0.29638574,0.07909052,0.022864379,-0.12753084,-4.243792,-0.21873793,0.1400045,-0.12504654,0.15459615,0.08713873,0.10455341,0.024244629,-0.056863606,0.14081153,0.04893939,0.25349644,0.20689447,0.28782195,-0.067164466,0.04037305,0.06983694,-0.016924962,0.05725888,0.11500323,0.021977091,0.11725156,0.1262086,-0.0018767914,0.055692717,-0.3384672,0.019668596,0.07024509,-0.1527114,0.088085555,0.22510779,0.09581483,-0.17618795,0.03970352,-0.019937186,-0.09380664,-0.14392559,0.014439667,0.037781112,-0.035380602,-0.11983159,0.009423091,-0.097539194,0.025609748,-0.0048415605,-0.03742277,-0.22353855,0.05071381,-0.22622639,-0.01424419,-0.10295384,-0.00901048,-0.11881168,0.01084745,-0.019107413,0.24190168,-0.10791793,-0.21067786,0.12902907,0.11203523,0.052664734,0.054170042,0.22938348,-0.109491594,-0.026310926,-0.054036066,-0.22461005,-0.0065954933,0.21315837,-0.07161383,-0.096704185,-0.20957795,0.34055698,0.09659441,-0.21851496,0.077581815,-0.17593598,-0.2927366,0.12262518,-0.08176381,0.09422821,-0.08825871,0.05586097,-0.121470004,0.065148935,0.17715874,-0.0933482,0.20494398,-0.03178226,-0.093733,-0.33431712,-0.07139296,0.044628292,0.00084850285,-0.11129987,0.2521671,0.0167354,-0.019517355,0.083871186,0.07947774,0.23625465,-0.0345741,0.07818582,-0.116549395,0.16565667,-0.022925554,-0.06613676,0.1008501,-0.007974163,0.057123184,0.21863718,-0.052987427,0.018743616,0.23238833,0.16896531,-0.021557633,-0.098844,0.07223909,0.21309038,-0.19191588,0.08601807,0.0108828945,-0.22064553,0.08840013,-0.105235755,0.32710966,0.13616122,-0.04967846,-0.12864062,-0.015906522,0.24620236,0.010413793,-0.055953573,-0.060783144,-0.1655539,0.009647394,0.05178202,0.21044156,-0.119045675,0.13310036,0.032576248,0.20812604,-0.032542847,0.04404446,-0.2130892,-0.07645889,-0.24409735,-0.18911165,0.0027914376,-0.13331492,0.024104409,0.041899808,0.09468575,-0.06922432,-0.08700339,0.11241196,-0.07328775,0.10400172,-0.23318717,-0.07491216,0.15521844,0.017211989,0.09324164,0.0005724892,-0.17087336,-0.16179341,-0.03063812,-0.14992201,0.23246716,-0.08108758,0.13084814,-0.033320867,0.13390002,0.017298486,0.15876971,-0.043840356,0.06779368,-0.015099135,-0.0007799055,-0.095502794,-0.062203556,0.04642667,0.038997233,-0.028298644,0.2044558,0.054337345,-0.059644256,0.0062824106,-0.07244644,0.14245138,-0.11558681,0.11991344,-0.05799107,0.30963522,-0.18365231,0.07847586,0.11662435,-0.1458026,-0.12463645,-0.177192,-0.041347798,-0.14199314,0.09989051,0.29614413,-0.037339732,-0.27018368,0.1378421,-0.12701063,0.011361906,0.019597065,0.024620209,-0.15824199,0.0028000977,-0.033747345,0.061344158,-0.06735594,-0.043079305,0.054253493,0.10965523,-0.14264053,0.083950154,-0.04340844,0.28951403,0.13325441,-0.010566327,-0.04768286,0.09301573,0.18038191,-0.12279816,-0.08491749,0.06487279,0.14465562,0.13790588,-0.06610686,-0.14087334,0.09944778,0.016976845,0.04695474,-0.062114503,0.03390897,0.07846291,0.050587453,0.047953136,-0.07085615,-0.009325513,-0.02331562,-0.0816307,-0.18320143,-0.12424347,0.064648695,-0.107170165,-0.015564326,0.025630763,-0.301867,-0.12808391,0.22758661,-0.08743883,-0.06687852
GUN6_DICDI,0.15522948,0.033954006,-0.013796478,0.059529312,0.47525504,-0.007148284,0.04787335,-0.112421624,-0.08269042,-0.1808002,0.23725201,0.105859384,0.016569763,0.1217143,0.12210473,-0.18266709,0.013022375,0.009749427,-0.21226582,0.10341047,0.035741754,0.13659936,0.11536729,-0.106808014,0.19434614,0.07982915,-0.06730455,-0.17644323,0.05321251,0.16690998,-0.038951468,0.20194474,-0.050421137,0.228015,0.06057222,-0.05601852,-0.12742819,-0.0980749,0.13178515,0.024196548,-0.14494236,0.07436342,-0.022402007,0.07798598,-0.013588111,-0.021706732,-1.0120213,0.19081712,-0.17946517,-0.02175649,-0.088151224,0.0558553,0.015585135,0.1289738,-0.069255255,-0.28640467,0.25793952,-0.11761908,0.11824023,0.13488044,0.018153345,-0.0098407855,-4.2536726,-0.28456584,0.12957749,-0.086912446,0.099012196,0.24587901,0.106047675,0.121537745,-0.0662209,0.09878666,0.07747336,0.033636246,0.12719053,0.13289468,-0.020797405,0.100123145,0.1137877,-0.1818473,0.2507125,0.071190864,-0.041862823,0.24113834,0.0815536,0.047487844,0.06959571,-0.1257045,-0.019382821,-0.004791902,-0.2537814,0.05758968,0.14363083,0.075751625,-0.08370108,0.0051971055,-0.013580509,-0.16681416,-0.046603665,-0.12239778,0.051463865,-0.015436032,-0.13313754,-0.044553157,-0.21787699,-0.012758474,-0.0356208,0.009465602,-0.17598099,-0.09052401,-0.17187847,0.043202613,-0.115992695,0.13007978,-0.033576008,-0.082209826,0.104098596,0.1821961,-0.14518404,-0.09578002,0.067849375,0.072691336,0.118573025,0.17040896,0.14072429,-0.018987572,0.052404962,-0.04276416,-0.13351633,-0.042060625,0.13330632,-0.13850686,-0.057501484,-0.1610946,0.30212134,0.07125167,-0.20453328,0.12268848,-0.14797497,-0.23774162,0.15301377,-0.14296977,0.019399107,-0.117710926,-0.05383508,-0.19337872,0.031545512,0.028990094,-0.06898142,0.09680785,-0.06743779,-0.07525745,-0.24697153,-0.24536413,-0.06576772,0.0013767153,0.012924742,0.19690706,0.068431534,0.16044602,0.044051453,0.11207968,0.24416672,-0.02787501,0.00019032074,-0.049551386,0.24739218,0.005211197,-0.082178436,0.052058473,0.01658968,0.02451316,0.17835112,-0.09783849,-0.010462608,0.22127517,0.15099575,-0.092010304,-0.10639039,-0.07314259,0.25032508,-0.2693498,0.078535825,0.03944945,-0.06905221,0.014683495,-0.22967449,0.33887544,0.08993299,-0.042289857,-0.17421997,0.0018870156,-0.2112265,0.05339391,0.06676815,-0.0785351,-0.1306007,-0.05966916,0.06520749,0.13047034,-0.13942106,0.20600392,0.1981772,0.2082709,0.05373697,0.017500376,-0.068284295,-0.04721201,-0.19526948,-0.21004848,-0.0990408,-0.19603384,-0.054405168,-0.023819318,0.10250472,-0.12665647,0.07463977,0.016133029,-0.13387954,0.16975315,-0.22192518,-0.07190096,0.07708119,0.026772743,-0.02511062,-0.18682313,-0.17790006,-0.037371207,-0.06053888,-0.17516364,0.097135045,-0.07865083,0.101462446,-0.11268057,0.15900338,0.0035551386,0.06751317,0.05637629,0.18580107,0.06443856,-0.015823402,-0.09399973,-0.090270005,0.023373825,0.07431328,0.039467245,0.2960846,0.02230866,-0.098450765,0.13756992,0.002393351,0.104931444,-0.095996484,0.10085292,0.024043309,0.26935798,-0.17023729,0.1165978,0.23527126,-0.005187365,-0.12306645,-0.05350882,-0.13827397,-0.01011769,0.15017405,0.2326185,0.025156038,-0.024103923,0.09401713,-0.03676674,-0.014577517,-0.08367014,0.06906192,-0.16567457,-0.096646816,0.003394483,-0.018260513,0.048655502,-0.109231554,0.040510368,0.08145996,-0.097907685,0.13809003,-0.05505967,0.20570652,0.17551374,0.0934287,-0.20420507,0.028639464,0.025014397,-0.12085082,-0.06553706,-0.010948262,0.12979096,0.117629744,0.026132215,-0.17489447,0.0036415656,0.045054566,0.18837534,0.018441599,0.04554751,0.04843526,0.048883013,-0.02417474,-0.19695726,-0.008861455,0.09066948,-0.13319236,-0.1570416,0.03824642,0.07923204,-0.11275444,0.035146695,-0.0010311189,-0.17787986,-0.10563701,0.21126708,-0.06029288,-0.074439585
GUN2_ORYSJ,-0.012756921,-0.038060464,0.04012242,0.05400613,0.21028033,-0.19708276,-0.017986165,-0.11264402,-0.24391247,-0.06353194,0.22065495,-0.014201586,0.09962491,0.027029261,0.22395933,-0.12382813,0.0762569,0.16487509,-0.2823047,0.15471019,-0.14124146,0.15551123,-0.12832843,-0.04509836,-0.113495156,0.21149117,0.00909944,0.09205735,-0.12279653,0.18538064,-0.15846679,0.04158901,0.069578096,-0.112316824,0.023637446,-0.2550474,-0.00016542016,0.059632264,0.1604033,-0.015048201,-0.14812627,0.031127544,0.13347071,0.15139498,-0.057631228,-0.04142136,-0.98710704,0.166303,-0.1454063,0.046530247,-0.13680702,-0.00167083,-0.043870796,-0.012268987,0.023205208,-0.21094637,0.2329861,-0.12901914,0.2597774,0.031926837,-0.07801611,-0.12233229,-4.777095,-0.15791556,0.15836933,-0.14609344,0.0727298,0.10561549,0.15793549,0.08064668,-0.090477586,0.16693427,-0.075507045,0.18152606,-0.0738295,0.01755973,-0.009567675,0.1181945,0.13010661,0.047271628,0.22156358,-0.1417541,-0.138138,0.20645772,0.03539045,-0.053960133,0.0772174,-0.034792293,-0.07290748,0.030060178,-0.14090759,0.22204837,0.103059076,0.14014043,-0.021383842,0.07551582,0.1494525,0.015753742,-0.12271088,0.006950191,0.03461869,0.048453048,-0.24424553,0.1475488,-0.006443351,0.10880448,-0.054677676,-0.08918087,-0.030658258,-0.073768675,-0.04726372,0.09400614,0.054903768,0.04229454,-0.16358112,-0.0022166779,-0.03358935,0.25770816,-0.33255833,0.14502464,0.0524568,-0.057334382,0.21174265,0.4408777,0.12316553,-0.0013345811,-0.0026525084,-0.06060231,-0.1386763,0.08438294,0.1267762,-0.10959977,-0.08397957,-0.24201886,0.38346344,-0.080850646,-0.21652853,0.097210534,-0.090791516,-0.094563305,0.04194613,-0.08650539,0.04716938,-0.047103975,-0.052507438,-0.15942012,0.044201497,0.040237937,-0.2288531,0.08365014,0.019217592,-0.034657184,-0.19186011,-0.2928002,-0.009980009,0.14234568,-0.006276157,0.13848917,0.014862825,0.115241125,-0.02713228,0.07743226,0.12203887,0.006107582,-0.062402304,-0.058358695,0.2082214,-0.025160536,-0.02241159,-0.02335723,0.14499718,0.07537259,0.1791938,-0.1420377,0.34391028,0.1423579,0.0391045,-0.10061997,-0.0012596211,0.082647145,0.27257502,-0.076772936,0.0124060465,0.076342665,-0.09674392,0.1515316,-0.171688,0.34320262,0.05307521,-0.14812288,-0.16404402,-0.01110599,0.2754674,0.10631733,0.055572517,-0.0515291,-0.07087691,0.031172134,0.053353444,0.17472795,-0.11801869,0.27581087,0.10332875,0.11757514,-0.030348178,0.058291987,-0.17181523,0.43774644,0.03394892,0.0018666589,0.13136406,0.02056018,-0.10346186,-0.016103234,0.033251364,0.11389887,0.09933573,0.0054224627,-0.002820985,-0.013807846,-0.19114272,-0.0800691,0.025824687,0.06500222,0.07659711,-0.009725056,-0.15372846,-0.27649513,0.06150496,-0.056365658,0.051798634,-0.01825746,-0.025237128,-0.030846108,0.053895194,0.10457093,0.16517007,-0.060363423,0.09251294,0.13719942,0.009229101,-0.25667053,0.09362025,-0.18800709,-0.024625128,-0.1791331,0.25289088,0.02584122,0.02710333,0.033646695,-0.12042128,-0.10570161,-0.11025725,0.037832666,-0.08570494,0.31171373,-0.11198971,-0.03180378,0.11037124,0.01105734,-0.06065126,-0.07217279,0.013838639,-0.10006712,0.1527344,0.013102527,0.12805198,-0.12206814,0.13775069,-0.11017858,0.14587569,-0.06817505,-0.044881903,0.05558796,0.004982308,0.01801736,0.07541361,-0.101159476,0.078838035,0.0040026037,-0.111861765,0.019971073,0.08997635,0.006370889,0.22516389,0.15583406,-0.11559172,-0.20336886,-0.22381043,-0.018448025,0.009454775,-0.03769009,0.06875759,0.025097143,0.10903559,0.0044951392,-0.21253344,-0.08439137,-0.13087283,0.20337445,0.03921922,-0.036819343,-0.06699246,0.061336398,0.028695645,-0.12000682,0.012455271,-0.16033274,-0.1293309,0.033894766,-0.15510246,-0.10109034,-0.09150693,-0.17459759,-0.1973931,-0.27255726,-0.17232746,0.28902748,-0.02770327,-0.09482715
GUN9_ARATH,-0.0035550396,-0.0934143,-0.011792748,0.079271875,0.203868,-0.231254,-0.07401822,-0.11712485,-0.24062355,-0.024958022,0.24309798,0.12267153,0.086679146,0.10109465,0.19963293,-0.15118088,0.13175763,0.15373905,-0.18067084,-0.009903164,-0.11421041,0.07273788,-0.03250402,-0.09457972,-0.03169896,0.30764338,-0.069580175,0.057508193,-0.018525423,0.09476414,-0.04779552,0.14085212,0.035336867,0.07926543,0.020294886,-0.25300553,0.05549287,0.0053503914,0.16545011,0.06695188,-0.3147257,-0.030642845,0.16634797,0.19663249,-0.11180133,0.07688928,-1.0307287,0.23973781,-0.04212198,0.015689198,0.016067253,0.023079298,0.0018037808,-0.10547998,0.026579354,-0.18773682,0.24969304,-0.115256175,0.18135531,-0.09861035,-0.072173856,-0.060307644,-4.8830853,-0.17897598,0.12612426,-0.12893315,-0.024213135,0.13970761,0.05400113,0.080471985,-0.17732209,0.17295267,-0.012680029,0.11749476,-0.075397044,0.028706238,0.09931241,0.102574654,0.14881161,0.03286654,0.18667692,-0.017074691,0.0606767,0.31419072,0.052007332,-0.078638256,0.12083928,-0.010857396,-0.025767202,-0.013851765,-0.17977604,-0.048497107,0.20677401,0.18087979,-0.124543615,0.11210807,0.0881389,-0.031445645,-0.109932356,-0.061231896,0.07059433,0.06463388,-0.17701247,0.054982983,0.20097828,0.05148265,-0.12853985,-0.0471191,0.048999317,-0.025483215,-0.034718614,0.04932627,-0.010177222,0.08530914,-0.1430519,0.030642897,0.08531114,0.16164355,-0.259248,0.03214779,-0.013333463,-0.08748977,0.20714264,0.15581532,0.17083207,0.044761535,-0.012045687,-0.06806321,-0.25064388,0.03177853,0.17678519,-0.12385578,0.17372319,-0.1820064,0.32135883,-0.05923824,-0.17520867,0.12468391,-0.14334376,-0.16844654,0.2802561,-0.14005826,0.05319672,0.0036054854,-0.061077088,-0.17910367,0.06030632,0.03225799,-0.2114483,0.12130357,0.011126987,-0.0828986,-0.18316208,-0.3930261,-0.024546865,0.13246831,-0.018600238,0.07172055,-0.10173768,0.19986264,-0.065167055,0.096141696,0.08513911,-0.035976246,-0.106322676,-0.02070395,0.16789508,-0.1002758,0.117898196,-0.080197744,0.00086457445,0.11588889,0.10922991,-0.14926732,0.27910262,0.14500779,0.09706281,-0.21219638,0.042113446,-0.11754218,0.18589,-0.27394608,-0.060946938,0.0943193,-0.07208154,0.18910575,-0.28703153,0.3572734,-0.04935156,-0.072262846,-0.11413685,0.09638949,0.18479349,0.20880975,0.10706306,0.026267176,-0.082912035,0.10874369,0.14234358,0.077908084,-0.037611466,0.2839149,0.13832441,0.14453168,0.056796275,0.047698844,-0.14070801,-0.0019182432,0.03557665,-0.03320174,0.074165165,-0.041358206,-0.21049911,-0.0257249,-0.010784899,0.029179156,0.08375069,0.003604565,-0.14287545,-0.052519605,-0.31034413,-0.06448992,0.15252095,-0.04213676,-0.037382104,-0.098578654,-0.022269752,-0.16506238,0.11397962,0.0686858,0.011304013,-0.017026262,0.028821046,-0.09352539,0.029580351,0.16333902,0.070912726,-6.589796e-05,0.07002211,0.18555929,-0.12689045,-0.22762698,0.00561599,-0.14130095,-0.035599206,-0.15053342,0.24839664,0.09283201,-0.014695123,0.059559647,0.048946958,-0.1170015,-0.08181719,-0.05545592,-0.09079357,0.18590266,-0.20320873,-0.04137667,0.24646045,0.03828973,0.028064823,-0.07378259,0.002148545,-0.13648358,0.18938802,0.04058285,0.06886753,-0.16837722,0.17826876,0.013738221,0.0043764953,-0.07755336,-0.046935152,0.09373303,0.009094529,-0.008857972,-0.004456585,-0.18268299,0.025443386,0.038613103,-0.029671477,0.0037148627,0.1796285,-0.045211617,0.21158622,0.17089939,-0.102740474,-0.22062458,0.07383419,0.05653747,-0.016120205,-0.09403191,0.06553754,0.12676175,0.029721892,0.064322926,-0.18138798,-0.04020801,-0.170139,0.30949947,0.026939174,-0.008561043,-0.026873557,0.08150386,0.021000603,-0.10248003,0.007063216,-0.086145,-0.20767528,0.030427858,-0.05866669,-0.14013538,0.06725779,-0.07526116,-0.14800379,-0.1383713,-0.16120128,0.2759278,-0.0068569477,0.06179582
GUN9_ORYSJ,0.041102003,-0.100596525,-0.030257909,0.13119443,0.19576293,-0.23875953,-0.06375339,-0.14902048,-0.18988575,-0.08893941,0.21116208,-0.035321217,0.05301676,0.05679436,0.22334406,-0.15714504,0.10965557,0.16503036,-0.13918824,0.0068984963,-0.106748365,0.014652825,-0.07216105,-0.084757894,-0.026808703,0.30439034,-0.0651616,0.090994075,-0.08780695,0.19092986,-0.10539891,0.111477874,0.045918565,-0.13986236,0.0009749224,-0.20938115,0.02916603,0.0009237234,0.16494115,0.000540145,-0.2115537,-0.03806275,0.09103854,0.2227309,-0.15827362,-0.010649238,-1.0352398,0.23722392,-0.15751953,-0.038513493,-0.0048737093,0.079001404,-0.027235974,-0.009444137,0.03934976,-0.18782611,0.23329537,-0.08462755,0.26785356,-0.051711537,-0.043330304,-0.08953124,-4.849359,-0.21100932,0.12860087,-0.05845779,0.0010630508,0.20366226,0.08338214,0.08596729,-0.12627831,0.14946432,0.062624365,0.17767231,-0.13016632,0.014278733,0.07274861,0.09502101,0.12312431,0.09937225,0.22415692,-0.052688856,0.030654708,0.1429727,0.052342303,-0.0068737464,0.17876318,-0.076028265,-0.022134818,0.05537479,-0.18129958,0.104533814,0.12340569,0.24125947,-0.0013337227,0.08317291,0.11541119,-0.023640057,-0.16949062,-0.07053979,0.096913464,0.1123594,-0.24543892,0.111235075,0.14916569,0.17244782,-0.12652004,-0.003991216,0.058110256,-0.09122206,-0.05444351,0.06443039,0.08436969,0.048542295,-0.07996213,0.03617809,0.061589755,0.23021424,-0.36985555,0.05223036,-0.057202216,-0.07623451,0.23406608,0.36345533,0.22189058,0.10843503,-0.05394372,-0.06965265,-0.18214162,0.07893992,0.06339794,-0.07333487,-0.041003194,-0.17118691,0.33108515,-0.03182933,-0.16000865,0.06884533,-0.15461789,-0.14907466,0.1336004,-0.112973295,0.06031825,-0.06255454,-0.057933554,-0.1519926,0.05588792,0.029968346,-0.23177628,0.138035,0.046192177,-0.07413614,-0.17248906,-0.37772635,0.032876085,0.20724396,0.021298807,0.15774502,-0.04500242,0.08975724,-0.06515164,0.03340983,0.07052616,0.08370893,-0.07073943,-0.008884287,0.26048586,-0.12845562,0.0031580445,0.015684351,-0.025564656,0.10668141,0.21181706,-0.19414368,0.19603066,0.19885877,0.08070371,-0.107331514,-0.06908772,-0.039000552,0.23475787,-0.21282655,0.016950073,0.08286249,-0.14935564,0.1391633,-0.22525218,0.30403754,0.01037873,-0.14730771,-0.17410736,0.019341934,0.28730863,0.12898977,0.058341537,-0.008331966,-0.05063098,0.11283243,0.040924784,0.16731845,-0.06037727,0.20466697,0.14790963,0.15132348,-0.0069851116,0.0002675909,-0.15934704,0.21041356,0.059320703,0.028081775,0.11595438,-0.02276176,-0.12609509,-0.034667514,0.031595834,0.0560048,0.04997333,0.0050430433,-0.08991688,-0.14310579,-0.3497522,-0.047581375,0.058498267,-0.026814422,0.005894985,-0.036216225,0.006752137,-0.23083079,0.068725914,0.01059646,0.05797075,-0.009452197,-0.01250388,-0.03101876,0.05985139,0.12250922,0.10816164,-0.04441004,0.049966972,0.17962804,-0.100163825,-0.17975183,0.021777606,-0.19511133,0.017344821,-0.15141603,0.17872846,0.02876987,0.039911684,-0.014500693,-0.07943246,0.011864928,-0.07313763,0.07862838,-0.021876078,0.21095136,-0.112425655,-0.04154417,0.1906861,-0.028452361,0.010426283,-0.07762989,0.007066728,-0.12704185,0.08772611,0.10696281,0.03133905,-0.117924124,0.17331962,-0.0849417,0.12028193,-0.0982958,-0.075326845,0.064698614,-0.035456553,0.07102641,0.027169367,-0.09199988,0.007099004,0.0015879369,-0.049780115,-0.0032379392,0.11656107,-0.084424555,0.2405216,0.19241801,-0.15055361,-0.23150688,-0.08420045,0.04771642,-0.026843641,-0.09489539,0.121705025,0.06378581,-0.00272633,0.057993773,-0.13631824,-0.15269978,-0.13062742,0.23275231,0.020069616,-0.055776954,-0.05736663,0.05710969,0.09808462,-0.13680004,0.0070967874,-0.1301738,-0.16892135,-0.059916608,-0.029727548,-0.072174445,-0.020096898,-0.11223894,-0.06806423,-0.17294322,-0.10904429,0.18550888,-0.02530582,-0.0014467769
GUN3_ARATH,-0.021992233,-0.13315694,0.04607035,0.11100769,0.26104996,-0.2173707,-0.020098707,-0.14680932,-0.18973823,0.016196966,0.30797446,0.084461175,0.09535336,0.094067216,0.2301859,-0.14025727,0.17866758,0.17497265,-0.19885615,0.072544366,-0.111514896,0.069630414,-0.01858312,-0.1189424,-0.026203353,0.3077267,-0.080708176,0.115307726,-0.04028663,0.16287483,-0.04818322,0.22564654,0.11945126,0.014005418,0.0653788,-0.19932826,0.09714374,0.009088469,0.16625279,0.03380672,-0.3331555,-0.07306325,0.17101128,0.24741258,-0.096452154,0.03662381,-0.9699918,0.21728694,-0.030516628,0.055605184,-0.007457305,0.012488966,0.018134488,-0.10771026,-0.02393138,-0.18374276,0.18985754,-0.07412126,0.14630584,-0.039067477,-0.09518122,-0.08583652,-4.7160435,-0.27976078,0.13582811,-0.03148474,-0.058584463,0.121669374,0.058151975,0.051627934,-0.09232222,0.212597,0.03225185,0.15370388,-0.06923804,-0.045013405,0.13317204,0.133984,0.17191045,0.015210308,0.20758635,-0.017332936,0.054262355,0.24297073,0.06317702,-0.065442875,0.089490615,-0.06584194,-0.063454695,0.012693154,-0.10477395,0.005745285,0.16250679,0.21302864,-0.048949026,0.048924733,0.09443841,-0.07721513,-0.091962,-0.097760685,0.07878499,0.030635519,-0.24228075,0.07473284,0.15827496,0.12559712,-0.101293355,-0.0933476,0.037456095,-0.05788706,-0.078473225,0.09178576,0.010077749,0.08021823,-0.15690164,0.0038386004,0.078045495,0.17668302,-0.2648831,0.055518106,0.0018345432,-0.13917944,0.18654446,0.16840023,0.15235077,0.113764964,-0.03778518,-0.05379384,-0.24543253,0.05603251,0.19211096,-0.110763565,0.107869394,-0.19952609,0.3239606,-0.06745371,-0.2000545,0.1751995,-0.21141665,-0.2396705,0.18603249,-0.18530656,-0.0014703794,-0.04445205,-0.039880406,-0.16969346,0.01842521,0.035109267,-0.25305414,0.121087536,-0.036975555,-0.011165603,-0.14999008,-0.3112768,-0.079755984,0.1841477,0.0029183014,0.09088369,-0.12714851,0.15588756,-0.060814045,0.13925897,0.09699838,0.07069655,-0.05881593,-0.020284373,0.2010472,-0.04871868,0.10969562,-0.059179924,0.034989566,0.030774085,0.24834172,-0.14166734,0.2952988,0.22440307,0.020625543,-0.16200708,-0.020651214,-0.11571032,0.22373755,-0.25972712,-0.066641584,0.0855713,-0.12411364,0.20237345,-0.39844906,0.34156027,-0.03421724,-0.081053086,-0.07679718,0.10165812,0.12878472,0.16020644,0.020134604,-0.054625195,-0.030643525,0.098122194,0.14851367,0.094692014,-0.070792474,0.2852478,0.17815349,0.1940187,0.020815602,-0.0036269855,-0.15761484,-0.038608104,0.06756934,-0.0730493,0.17303385,0.0042484635,-0.25500947,-0.0446767,0.032302476,0.07386298,0.11602752,-0.025004024,-0.084538095,-0.076550424,-0.33883825,-0.042041987,0.091130376,-0.060391735,-0.001066622,-0.13105571,-0.081322365,-0.1988067,0.07076165,0.032523468,0.00039674385,-0.10453051,0.017664643,-0.10029466,0.11128955,0.17463686,0.025573963,-0.036771197,0.10561639,0.15934141,-0.12148522,-0.2357216,-0.00551277,-0.15902804,-0.007606097,-0.15042584,0.34813794,0.074841045,-0.02114161,-0.004991547,-0.01396544,-0.11465324,-0.0778102,-0.015849736,-0.09676537,0.19687253,-0.16164479,0.0025023727,0.23647803,0.061641686,0.02889332,-0.031037228,-0.05516948,-0.14656416,0.12853622,0.036842912,0.071883306,-0.20494875,0.16867596,-0.03886724,0.066063285,-0.10555911,-0.04995182,0.1344601,-0.04495481,0.07230235,-0.012681923,-0.17442529,0.02862883,-0.0033523713,-0.030221928,0.04907615,0.13351262,0.019530421,0.17761017,0.21393457,-0.17288412,-0.28003287,0.071841285,0.084229365,-0.09705744,-0.1314033,0.043378964,0.12230314,0.019940007,0.036930103,-0.13457488,-0.12289045,-0.09127486,0.27009824,0.05008852,-0.015731083,-0.032187223,0.07762699,-0.05345285,-0.15119748,-0.049982477,-0.059290323,-0.21365623,0.009838294,-0.008725182,-0.13266063,0.09424922,-0.11819782,-0.1401403,-0.13615349,-0.1473444,0.31181553,-0.049380753,0.03655951
GUN_ECOLI,-0.004337967,-0.11057528,0.1657664,0.07443198,0.2142225,-0.050729338,0.0586753,-0.15914956,-0.20997335,0.008666654,0.19855535,0.036685746,0.09807166,0.11884046,0.35822117,-0.13185199,0.047974143,0.15572235,-0.29040855,0.1429411,-0.24425408,0.12881346,-0.05491335,-0.018428039,-0.08816069,0.1886527,-0.069485374,0.015300525,-0.039857086,0.0650295,-0.01840994,0.13635628,0.05631424,-0.003124848,0.011734436,-0.08068777,-0.010364525,-0.06606534,0.15063913,0.058497712,-0.12146761,-0.062410593,0.15081337,0.092032745,-0.12573303,-0.041683394,-0.5414018,0.061983738,-0.014631475,0.017471783,-0.24151543,-0.07236859,-0.025084099,0.058923744,-0.029610848,-0.13069963,0.19074373,-0.069508374,0.30229753,0.07937544,-0.07253288,-0.11582044,-4.6148324,-0.23525551,0.027320608,-0.0045779217,0.020938573,-0.08682297,0.026320916,0.07561052,-0.09584078,0.13859381,0.072432764,0.29199,-0.04995178,-0.012206997,0.071726754,0.16001537,0.14350592,-0.028341375,0.15433641,-0.18141545,-0.0102063175,0.22413829,0.09405998,-0.12641817,0.037178386,-0.015282726,-0.09314883,0.030497443,-0.14523427,0.13898484,0.14189203,0.14127298,0.025329342,0.109147266,0.05240962,0.024491604,-0.21633697,0.021341866,-0.01227726,-0.009075619,-0.26714966,0.007983029,0.08234381,0.06467742,0.013791636,-0.050810758,0.03989247,-0.1429109,-0.080014594,0.10678547,-0.004156744,0.09781929,-0.1217892,-0.06684609,-0.07811476,0.19495219,-0.27286774,-0.09428172,0.14047365,-0.18698613,0.23747317,0.21688575,0.192176,0.09761486,0.00067574787,-0.1178004,-0.08279528,-0.024214307,0.18692414,-0.1543337,-0.020528585,-0.22619903,0.30791208,-0.051767386,-0.15970719,-0.0017882338,-0.0943341,-0.29585984,0.12219302,-0.16952872,0.09750657,-0.013622848,-0.019780973,-0.20388891,0.028647108,-0.0337798,-0.16684265,0.19858056,0.070656195,-0.035635818,-0.40192088,-0.32278138,0.07305863,0.06300896,0.08601966,0.06159177,-0.12633523,0.18100747,0.061220374,0.16414139,0.12692752,0.14163771,-0.097536035,-0.038830746,0.1238975,-0.087101676,0.05400029,0.005785395,0.029093258,0.10662114,0.23188259,-0.0898667,0.22570801,0.16927128,0.04840499,-0.17733517,-0.011687866,0.06647109,0.19283521,-0.1805226,0.049447864,0.046191905,-0.15313625,0.11567484,-0.23508675,0.29947788,0.062011976,-0.09059928,0.037156064,0.045348894,0.41774812,0.015606231,-0.03273531,-0.059022304,-0.16834317,0.16255157,0.14302433,0.12838148,-0.11366715,0.19758353,0.06549841,0.20461123,0.014551088,0.017628087,-0.13601029,0.095771305,-0.09214919,0.0547855,0.11949974,-0.025970716,-0.096406534,-0.2075906,0.07797527,0.15673994,-0.068124525,-0.053337272,0.0938768,-0.03358276,-0.16190962,-0.06199282,0.04328497,0.023064373,0.18190034,-0.06056931,-0.05493398,-0.326439,0.032903243,-0.03857885,0.096569054,-0.17579961,0.05184675,-0.22287697,-0.012818902,0.13655764,-0.012459848,0.08256674,0.09337036,0.040758055,-0.003057804,-0.28613645,0.025726251,-0.090213016,0.047475126,-0.16834939,0.17517498,0.049724042,-0.013334875,0.018459415,-0.027483512,-0.0027808382,-0.053653914,-0.02570088,0.0057657114,0.28786555,-0.0072730845,-0.02074791,0.110173136,0.05261953,0.022896122,0.035179812,-0.079110555,-0.05746359,0.025802769,0.05076792,0.20483598,-0.23309495,0.052796587,-0.2089189,0.101474784,-0.06993307,-0.04738488,0.06761322,-0.06083502,0.05979401,0.039347056,-0.11310843,-0.098443285,0.02916338,-0.051420223,-0.024934093,0.010409466,0.0017144133,0.13441087,0.19990616,-0.0697099,-0.13127159,0.19265658,0.20307945,-0.040806692,-0.14915015,0.09007465,-0.02121028,0.04034131,0.03341221,-0.02115593,-0.12489239,0.077676535,0.08161018,0.054020695,-0.048874263,0.03440531,-0.08454212,0.055230595,-0.13207254,0.005058058,-0.06628643,-0.12311391,-0.08476789,-0.13155206,-0.008199592,-0.019770822,-0.06478959,-0.09283635,-0.23333648,-0.21884376,0.31802753,-0.023281109,0.07991053
GUN8_ARATH,-0.04008843,-0.123243116,0.038530126,0.12253117,0.21619356,-0.24358821,0.0026632687,-0.15774067,-0.31538343,0.016499454,0.23850258,0.06459181,0.03653172,0.062096145,0.3336229,-0.13071786,0.16136907,0.21650739,-0.18319795,0.14564952,-0.09044423,-0.004746602,-0.049937535,-0.16024546,-0.018345471,0.2477429,-0.07671735,0.15459076,0.034315247,0.13777001,0.012719606,0.21469255,0.071768254,-0.07338599,-0.005383681,-0.1455935,0.054826707,0.05261113,0.18983874,-0.004780289,-0.19752885,-0.030118423,0.1630618,0.21273908,-0.12673052,0.016213575,-0.8776774,0.22040261,-0.042583443,0.0390264,-0.09222057,-0.07198379,0.01992627,-0.10231555,0.004962897,-0.21556467,0.22535615,-0.09726433,0.27211678,-0.049624797,-0.04059354,-0.15821661,-4.789336,-0.23928173,0.14841232,-0.03177298,0.028135868,0.07484944,0.054619484,0.07298227,-0.07985108,0.12690368,0.08413249,0.17934276,-0.16476552,0.023777751,0.08723298,0.19960955,0.14500539,-0.011027817,0.17113622,-0.080706775,-0.061741415,0.23065352,0.07762614,-0.08403993,0.021651385,-0.035506915,-0.07217543,-0.036199152,-0.1281252,0.12046904,0.2197735,0.22722663,-0.010572255,0.0658654,0.11472002,-0.0656236,-0.18683994,-0.0070012165,0.035459217,0.06088713,-0.28998378,0.21283166,0.13430119,0.17502221,-0.077205904,-0.03970407,0.043245193,-0.08938776,-0.070651345,-0.0033324398,-0.068546765,0.06530267,-0.11734154,-0.02613429,0.015337253,0.24264339,-0.2870826,-0.034739845,0.059837542,-0.13536382,0.18386881,0.23006181,0.15904836,0.07348354,-0.006812756,-0.1087307,-0.1796841,0.06290614,0.10225825,-0.09789954,0.10574662,-0.23398101,0.30109835,-0.121875174,-0.15751167,0.066029504,-0.15303953,-0.21279939,0.16263683,-0.23003526,-0.061021984,0.047254067,-0.049166583,-0.14942326,0.07199708,0.011231403,-0.2189129,0.16096677,0.026477715,0.04030408,-0.14630392,-0.34347266,-0.02511297,0.06030703,0.035316836,0.06534857,-0.10769281,0.1405262,-0.02642578,0.120887004,0.102043755,0.10108681,-0.118286595,-0.013100231,0.19373773,-0.080365986,0.064206496,-0.07777495,0.10146807,0.08483085,0.16656716,-0.24535601,0.26100203,0.16723011,0.0557652,-0.15340674,-0.05116947,0.0015040583,0.20104736,-0.13737349,-0.02091011,0.034445256,-0.19847344,0.16291867,-0.29480308,0.30965874,0.018800192,-0.0072127734,-0.12630923,0.001389663,0.31638545,0.17113553,0.031071078,-0.026666727,-0.023617236,0.07970456,0.015533768,0.1340602,-0.022121951,0.31537995,0.14209482,0.16577479,-0.05580949,-0.024555681,-0.14508897,0.11681921,0.15992008,0.0465737,0.17973278,0.03629614,-0.11735209,-0.13797595,0.07574642,0.13086927,0.03469634,0.050821263,-0.034199942,-0.05575971,-0.25702813,-0.011307773,0.088734336,-0.10710559,0.023960287,-0.07833931,-0.11105112,-0.2554325,0.024472859,-0.0050417627,0.052498642,-0.059941772,-0.006663345,0.033880793,0.051883332,0.16237484,0.05320272,0.062085208,0.07279513,0.16148353,-0.1896599,-0.2813649,0.042492546,-0.25864002,-0.066887446,-0.2086625,0.3003461,0.017567357,0.0058626197,-0.0135707045,-0.0318338,-0.09331414,-0.028771926,0.04159806,-0.045690417,0.26334783,-0.07694316,-0.05962005,0.10838931,0.012760935,-0.009093931,-0.070028916,-0.030684065,-0.067937754,0.082530886,-0.002794312,0.107712656,-0.17946975,0.07863089,-0.059599392,0.05784926,-0.072831646,-0.06640132,0.1178748,-0.017874062,0.09951322,0.003947719,-0.20820627,0.059239775,-0.0067114127,-0.08278887,0.059178032,0.07798059,-0.043711696,0.103530265,0.19986367,-0.15791829,-0.25103727,0.037495892,0.060074348,-0.057962008,-0.15421209,0.046830233,0.013768879,0.008716904,0.053178996,-0.09010971,-0.1065261,-0.073022075,0.21160299,0.06384318,0.007871271,0.010782901,0.038672753,0.021998517,-0.068504244,-0.008220747,-0.07632596,-0.15844244,-0.037623372,-0.012248323,-0.111770354,0.029885279,-0.1593757,-0.09777754,-0.15443547,-0.11211687,0.29592368,-0.00017561603,-0.00963982
GUN2_HYPJR,0.088521905,-0.09182937,0.07450298,-0.07733122,0.18554668,0.05476723,-0.10561242,-0.13255276,0.105000325,-0.15056759,0.08944387,0.16562852,0.04455399,0.08507039,0.17339598,-0.017642941,0.04992903,0.033245258,-0.16672157,0.006500042,0.024951236,0.19692092,0.029998511,0.04522549,0.27771488,0.13463818,-0.057809874,-0.3649577,-0.12294606,0.23146908,-0.24501367,0.039576467,-0.05196574,-0.06918887,0.094783336,-0.045051113,-0.0062964056,-0.14271706,-0.019833138,-0.041935213,-0.048844047,-0.010344855,0.096941106,-0.03500602,-0.16516672,-0.018492432,-0.78684676,-0.06525588,0.040706806,0.057149313,-0.0925594,0.08194571,-0.17723526,-0.004634487,0.023502577,-0.31815076,0.28407773,-0.1437199,0.080696896,0.28671005,0.05648593,-0.14562419,-4.2140775,-0.34689912,0.22073954,-0.23881803,0.082554825,0.22365981,0.089834996,-0.027214706,-0.1703496,0.2107585,0.06793128,-0.0050241584,0.25813213,-0.055195075,0.055934787,0.082772836,-0.010215779,-0.066927366,0.18021366,0.087172665,-0.015360291,0.20793962,0.06795162,-0.04091621,0.16501445,-0.2262853,-0.0014406863,0.13699566,-0.089615084,0.075386725,0.20523924,0.10168731,-0.2606215,0.07413438,0.072046004,-0.06439728,-0.27719337,0.0076213176,0.06495049,-0.012486738,-0.041279167,-0.13555391,-0.0063727004,-0.14034446,0.03734765,-0.12684794,-0.08402402,0.05833238,-0.15381335,0.08537678,-0.10310361,0.06541944,-0.04240919,-0.00030522345,0.19488093,0.107652426,-0.06497465,-0.11967982,0.079537064,0.027659694,0.09737354,0.22157386,-0.0163395,-0.031145573,-0.06854635,-0.08165872,-0.30522734,-0.09229698,0.29007939,-0.2357964,-0.011262359,-0.3299383,0.3910941,0.23278214,-0.15743712,0.3429361,-0.20427969,-0.033804663,0.1601973,-0.14890523,0.091767445,-0.07802703,0.029434917,-0.27233744,0.067402974,0.20950292,-0.22913024,0.062168386,-0.059433732,0.03529312,-0.28272322,-0.14042166,0.1640904,0.05671984,-0.14226997,0.2810384,0.0196157,0.15545556,0.024700556,0.11348505,0.16758113,-0.22163187,-0.029111292,0.08112639,0.08399998,0.050275102,0.08614817,0.052227724,0.32407513,-0.06370039,0.24898063,-0.06588496,0.19279696,0.21733187,0.115296915,-0.026988102,0.07666065,0.037208084,0.25248912,-0.104695074,-0.12033141,-0.04715665,-0.0716151,0.19578716,-0.27583906,0.46826994,0.11710537,-0.116679095,-0.07741058,0.106866,0.08036643,0.15204522,0.1384723,-0.049182754,-0.17030364,0.047170304,0.331174,-0.216283,-0.14065348,0.14471902,0.042173028,0.13300346,-0.13251534,0.13451874,-0.22175863,0.24056378,-0.17748602,-0.088486455,-0.027186017,-0.15342917,-0.19075446,0.04621162,0.13858601,-0.066667795,-0.011031512,-0.029779857,-0.123536274,0.104293324,-0.19505022,-0.16896813,0.10047591,0.06408524,-0.043307554,0.0114447,-0.3106879,-0.07126662,-0.07752413,-0.1736843,0.04361217,-0.13017654,0.07329892,-0.23822904,0.212083,0.099344134,-0.021682525,-0.114598766,0.15907174,-0.038263645,-0.05362954,-0.14545704,0.012365213,0.02196089,-0.01935527,-0.04982185,0.19564965,0.09336197,0.0084304735,0.07827846,0.0047459328,0.11714987,-0.069908984,0.08993058,-0.09373826,0.26943567,-0.22615418,0.11388891,0.049867816,0.0059782867,0.032202758,-0.05581339,-0.09787606,-0.06056935,0.16281109,0.24844658,-0.1324852,-0.10711096,0.15132912,-0.10694653,-0.02649744,-0.0105276955,0.017307138,-0.14746653,-0.1381999,-0.064265594,-0.0076290183,-0.18571925,-0.023672074,0.109984495,0.010584526,-0.034666218,0.07652801,0.073298305,0.17748244,0.34042707,0.038173597,-0.23346588,-0.060707908,0.1638552,0.08141283,-0.0031439662,-0.04581887,0.2206664,0.112779625,0.09563543,-0.24308047,0.14272045,0.024115726,0.03946792,-0.058044586,0.12434796,0.07935707,0.1429769,-0.07066056,-0.27074996,0.046141114,-0.07227429,-0.1633513,-0.18167646,-0.17851412,-0.075505726,0.04135684,0.06104558,-0.10646117,-0.2631357,-0.17144586,0.377354,-0.15300024,-0.11698627
GUN1_HYPJR,0.16726287,0.17876919,0.032250714,0.03534538,0.3327322,0.049313605,-0.06162324,-0.19342627,0.15049599,-0.30710706,0.2863969,0.21023996,0.060557,0.04084689,0.06165535,-0.161684,0.13086669,0.06100882,-0.015809348,0.08155358,0.004878444,0.18667579,0.049469907,0.036026385,0.22411539,0.19115423,-0.080449104,-0.31530052,-0.13386309,0.16510415,-0.29896286,0.050354056,0.11268551,-0.091005735,0.12504956,-0.03668874,-0.14658006,-0.21863723,0.11982833,0.068791956,-0.10076563,0.039969552,0.07241821,0.07905109,-0.09639816,0.06858334,-1.3321372,0.076759286,-0.24408121,0.020344526,0.010565307,0.12194987,-0.09675739,-0.007576938,-0.008879544,-0.31588772,0.12407356,0.046444066,-0.1003091,0.19347265,0.0068855286,0.0068972376,-4.8136334,-0.3413977,0.11470667,-0.26057357,-0.060986053,0.44795355,0.09492493,0.15420873,-0.24240153,0.18773961,-0.13105582,-0.25233036,0.13713174,-0.24983145,0.09195232,-0.06867885,-0.07555898,-0.12899828,0.34063372,0.050455473,-0.031381875,0.16576748,-0.0263954,0.051382177,0.182616,-0.06569732,-0.111853264,0.18071708,0.004004586,-0.040971246,0.055121858,0.12565865,-0.16246387,0.14857262,0.05999619,0.026724555,-0.061964784,-0.19709814,0.23157641,-0.14593363,0.026331352,-0.05376644,-0.06513114,0.009157888,-0.0923991,0.035860628,-0.094684914,-0.05803549,-0.116804846,0.12227852,-0.1329444,0.10561727,-0.031994037,-0.14554515,0.3621578,0.10540646,-0.13222764,0.061710216,-0.0019244069,0.14804457,0.23000056,0.273605,-0.01807665,0.0512364,0.106560074,-0.029748593,-0.31797126,0.032236345,0.21189347,-0.25671688,-0.12987404,-0.1553542,0.21596266,0.15509209,-0.24174292,0.31844154,-0.120650336,-0.054303624,0.25450408,-0.13409118,0.12077603,-0.08478775,-0.0018770718,-0.28324333,0.107303075,0.06859407,-0.27475107,-0.098118365,-0.10136518,-0.048104495,-0.05311471,-0.26231515,-0.010466997,0.08718253,-0.050258122,0.2145681,-0.017673455,0.232136,-0.06371069,-0.045551952,0.1961132,-0.077586964,-0.09629782,0.056890715,0.11587152,0.03670486,0.051997487,-0.01343749,0.19272383,-0.14000139,0.08900361,-0.008944566,0.15272212,0.1514411,0.12243425,-0.025050497,0.06094773,-0.18580367,0.3413047,-0.23011474,-0.0011218903,0.048100073,0.06467918,0.06198473,-0.23221911,0.31370005,0.14811285,-0.21111204,-0.12839732,0.057800118,-0.12008144,0.16540785,0.024714004,0.07988749,-0.3087196,0.16162738,0.30933344,-0.15235831,-0.1606774,0.27861473,0.13311446,0.06426584,-0.09012154,0.12835605,-0.014501959,0.15945362,-0.15326795,0.109295316,-0.0404122,-0.24424364,-0.15499428,0.08843803,0.044457603,-0.0047040987,0.022210881,0.068364434,-0.09993298,0.07488137,-0.09893971,-0.20725122,0.1246534,0.11579736,0.009904844,-0.03974625,-0.31362984,0.04586513,-0.09328783,-0.08751898,-0.038243636,-0.017414656,0.0700072,-0.27182436,0.23352525,0.029192314,0.09638404,-0.097192734,0.21353577,0.041948594,-0.08025784,-0.16446874,0.18372409,-0.027889643,0.116238356,0.18518741,0.15113837,0.10509594,-0.022318562,0.15670736,0.004408793,0.08161143,0.05239764,-0.020306433,-0.18519332,0.21979585,-0.17405012,0.06817008,0.17795198,0.17166223,-0.05321784,-0.015129404,-0.017163359,0.0072041014,0.18777117,0.30452245,-0.13807143,0.02120538,0.2780964,-0.022123747,0.10169882,0.056169838,0.010755508,-0.13821147,-0.20577857,-0.095331274,-0.03442349,0.041444223,-0.0098019885,0.08111379,-0.056079164,-0.020090504,0.33590856,0.0888619,0.22159073,0.40004277,0.004492583,-0.12994799,-0.093679756,-0.060036376,-0.054771654,-0.08957138,-0.09004852,0.3323884,0.093404405,-0.038480088,-0.3596393,0.034914993,-0.23193435,0.19866355,0.03987473,0.035215426,-0.018860454,0.22851682,-0.21291879,-0.41810268,0.044310696,-0.13244657,-0.14361773,-0.08503781,0.050049298,-0.037930336,-0.03646435,0.015283826,-0.09743012,-0.24952163,-0.1593419,0.18481328,-0.09584639,-0.055157844
GUN5_MICS2,0.1197751,0.0014560777,0.07910547,-0.09873591,0.33616877,0.12982914,-0.044042487,-0.059539273,-0.042082563,-0.06228064,0.18834825,0.24130893,-0.03493752,0.046531625,0.11672107,-0.10967056,0.04945607,-0.02615266,-0.12989655,0.064596444,0.026128374,0.13407125,-0.07350967,-0.050573908,0.2561379,0.045804154,-0.03370023,-0.34523702,-0.0727308,0.17368391,-0.21593356,0.08363284,0.072976306,-0.07548958,0.108394235,-0.07745828,-0.1802794,-0.069168404,0.028459508,-0.01143245,0.061744366,0.068842895,0.038196806,0.0013348976,-0.07481651,-0.060004026,-0.7871033,-0.0802242,-0.0775069,0.08660468,-0.11772639,0.08671816,-0.114592575,0.037784103,-0.025268812,-0.37672433,0.3212004,-0.14671792,0.13619193,0.11949704,-0.02570914,-0.09175749,-3.9565089,-0.25424936,0.22240537,-0.26714686,0.05679389,0.30962178,0.1369113,-0.15772933,-0.19955802,0.1431799,0.08029504,-0.06371537,0.28458944,0.02717175,-0.074407205,0.047118623,-0.06366514,-0.10147813,0.28602803,-0.018451162,-0.07275808,0.35297585,0.023716101,-0.02371612,0.04302489,-0.27052453,-0.017046588,0.13541278,-0.03152485,0.09148955,0.15897362,0.057465214,-0.19292589,-0.054368697,-0.030909313,-0.104734436,-0.11105233,-0.07802585,0.08924302,0.01817442,0.038652454,0.089048214,-0.24921787,-0.06010736,0.04904084,-0.0644398,-0.15347037,0.0168996,-0.10840213,0.002464998,-0.08136379,-0.021823458,-0.105014645,-0.006146172,0.2079385,0.010230936,0.07775837,-0.0062454,-0.05832474,0.15832506,0.056086186,0.36577034,-0.10283322,-0.17302068,0.044915475,-0.060846243,-0.2813534,-0.13293083,0.22426726,-0.25742602,-0.047754973,-0.32185742,0.32848015,0.08891262,-0.056476314,0.22323582,-0.19681202,-0.13705319,0.094537094,-0.106317036,0.19244504,0.12674944,0.037232615,-0.23306279,0.06243382,0.11874688,-0.06135599,-0.040723387,-0.012006547,0.084193416,-0.1040878,-0.23907332,-0.013683533,-0.010037363,-0.08414513,0.25304583,-0.015363645,0.15118313,0.044992987,-0.008182529,0.19538547,-0.21252415,-0.06719173,-0.0048551,0.058150917,0.08382192,-0.120967776,-0.03325235,0.2650734,0.01924036,0.17638125,-0.10070174,0.079596415,0.26224172,0.123764426,-0.06851728,0.12484851,0.036705248,0.2852177,-0.055660482,-0.038486715,0.05242921,-0.061083212,0.13007258,-0.32630333,0.41317162,0.17858478,-0.05427445,-0.16058332,0.09466706,-0.1296001,0.13909091,0.10565376,-0.014108692,-0.23254201,0.04695988,0.24650727,-0.13620791,-0.11259303,0.26593062,0.01146919,0.17574787,-0.14808907,0.11021841,-0.06766707,0.2876917,-0.074735746,-0.08840201,-0.04905512,-0.1609461,-0.13530774,0.04187008,0.01667443,-0.043473396,0.08498526,-0.024665829,-0.0904961,0.16483153,-0.049879264,-0.17037798,0.056591995,0.0995753,0.06372663,0.009307526,-0.463251,-0.092167184,-0.11178731,-0.21707425,-0.020687073,-0.020248085,0.060537063,-0.20369667,0.16199234,-0.015518059,-0.06993177,-0.0017830826,0.10271778,0.013897255,0.11573068,-0.1250969,0.15704067,-0.039807152,-0.07608102,0.057723653,0.16867316,0.12750797,-0.030006392,0.119456366,-0.10004578,-0.032885507,-0.07931781,0.0644804,-0.05860258,0.2628068,-0.14995049,0.107236914,0.08588114,0.0130835585,-0.041567694,-0.039461806,-0.10014493,0.063986056,0.123041734,0.2922392,-0.06278043,0.0027410828,0.04166987,0.034294188,0.05458511,0.1631004,-0.07712649,-0.18914765,0.0247368,-0.05215074,0.076760545,-0.12869456,0.026927508,-0.04147281,0.05046886,-0.038888462,0.22479422,0.04675576,0.02121499,0.3438912,0.036156245,-0.08032337,-0.09391618,0.063426994,0.033514805,-0.10977865,-0.047749445,0.24276033,0.17495601,-0.07291646,-0.22339574,0.12135929,-0.0592741,0.12323386,0.032298792,0.04894473,0.15466408,0.10658795,-0.18755029,-0.25582045,0.06265242,0.047229785,-0.028139709,-0.16521382,-0.23123775,-0.063352995,-0.11159992,0.005495275,-0.1575304,-0.2441008,-0.17106952,0.24040365,-0.06079709,-0.23803855
CEL7B_PYRO7,0.16652113,0.093319066,0.15617645,0.12816997,0.1694317,0.03395918,-0.14279884,-0.17043391,0.020078434,-0.23049183,0.20596589,0.16907172,0.06577499,-0.017047824,0.089342706,-0.15803531,-0.010886708,0.06919882,0.022368865,0.15587391,-0.060363375,0.1397244,0.0133421905,0.01986374,0.030771304,0.19336121,-0.003430699,-0.15720873,-0.170565,0.16332793,-0.24518117,0.029818315,0.16351601,-0.20084557,0.06329621,-0.12717274,-0.17714459,-0.10266011,0.22928397,0.1421578,-0.036770258,0.17590943,-0.049718466,0.08799496,-0.1057121,0.08886511,-1.2007959,0.15116957,-0.28765067,-0.08088031,-0.040287297,0.02858672,-0.053363163,-0.043199025,-0.08463953,-0.16580161,0.13027658,0.12702258,0.15217006,0.08884066,-0.020875013,-0.04868195,-4.9878616,-0.20535758,0.04139163,-0.076082505,-0.036940288,0.19923541,0.12563118,0.11710612,-0.24101241,0.12120064,-0.14930132,-0.0818223,0.090349235,-0.11304736,0.004935152,-0.08564581,-0.11157454,-0.03987967,0.28470013,-0.13643712,-0.059173215,0.025503727,-0.06335053,-0.05695401,0.13655455,-0.034025047,-0.16211632,0.24133538,-0.07460221,-0.0009349109,0.045205273,0.15532851,-0.03206841,0.18838635,0.06680694,0.1437619,-0.06833905,-0.13079008,0.12294047,-0.18671899,-0.07512282,0.10782236,-0.058515288,0.11734802,-0.13300416,0.06191045,-0.16432591,-0.11375794,-0.043860722,0.042126376,-0.0010480433,0.071938835,0.0591055,-0.06654755,0.20469515,0.117072314,-0.2104571,0.12479952,0.108063854,0.1588144,0.2254863,0.30862325,0.05728495,0.06437473,0.080988295,0.028595624,-0.23109505,0.10743812,0.007606063,-0.23321202,-0.26224023,-0.007920326,0.13658325,0.07036905,-0.24356401,0.038515825,-0.07771296,-0.15536773,0.25338456,-0.1633102,0.09597991,-0.061307937,0.061580088,-0.20699063,0.141444,0.08219573,-0.27113426,-0.020496342,0.031138523,-0.14536412,-0.12192716,-0.23829342,0.034106676,0.0184486,-0.020439023,0.22944666,-0.009115545,0.17775752,-0.10742721,-0.024318026,0.1294324,0.16350892,-0.12494491,0.0746178,0.12730996,-0.054035217,0.015605385,-0.0525629,0.11640414,-0.00094479125,0.06592353,-0.011369301,0.03999118,0.083508916,0.15860641,-0.010615364,-0.050715208,-0.011609271,0.27150917,-0.25571954,0.07000576,0.032268744,0.030296536,0.035104115,-0.06297693,0.33586136,0.17163269,-0.28042963,0.007200156,0.051826663,0.21462241,0.12972257,-0.10409064,0.1371042,-0.31207618,0.20880996,0.17098433,-0.015419902,-0.14307082,0.34851632,0.082799785,0.09349385,-0.084141135,0.12018116,0.05586782,0.21671931,-0.17242704,0.34496474,-0.0044464045,-0.14753915,0.013825828,0.08166787,0.070586324,0.08405109,-0.23927909,0.11055974,0.09658857,0.03112629,-0.008889634,-0.15524763,0.14582078,0.18806633,0.10150727,-0.008479377,-0.13806309,-0.066056594,-0.0811148,-0.08216082,0.048327595,-0.032708902,0.051666655,-0.18739104,0.14855717,-0.02852927,0.021653632,-0.04249963,0.13436991,0.031355876,0.023327107,-0.16387074,0.22662981,-0.08855677,0.16159333,0.04924338,-0.013348113,0.018305793,0.030050492,0.08440028,-0.154118,0.044605892,0.06412969,0.014139469,-0.21807507,0.21288826,-0.15616725,-0.047310434,0.03076479,0.07434802,-0.10838722,-0.012512626,-0.006731802,0.007079152,0.022763671,0.24725907,-0.1388386,-0.062209625,0.315315,-0.16621628,0.20358817,0.08029666,-0.015191794,-0.014006525,-0.16022666,-0.04292965,-0.015247047,0.19783285,-0.009641703,0.07333505,-0.072405286,-0.031628333,0.3534287,-0.0072095618,0.15962608,0.2991546,-0.11117663,-0.0064918892,-0.18484479,-0.08394316,-0.042073335,-0.043899667,0.11541308,0.22716922,-0.011864876,-0.062398117,-0.30907208,-0.026483051,-0.20776173,0.12869021,-0.007745605,0.015017042,0.011512353,0.112466455,-0.16361557,-0.3700809,0.016974686,-0.21062878,-0.049295552,-0.058508147,0.05589195,0.063012466,-0.07403856,-0.031596825,-0.084029,-0.25303128,-0.14692406,0.03570164,0.045635797,-0.0055169426
GUNA_PAEBA,0.096163355,-0.14033099,0.09196798,0.017738467,0.17237304,-0.020154001,-0.110209286,-0.08258087,-0.033086084,-0.09021569,-0.0766997,0.076609164,-0.0136085,0.1902943,0.13945493,0.041777737,0.035256002,0.036127098,-0.19615878,0.004049577,0.06778734,0.18457837,0.018824164,0.04398532,0.13858008,0.18598972,-0.02115901,-0.21159765,-0.0860724,0.28959346,-0.25831798,0.29561043,-0.035774633,0.0147402985,0.061729223,-0.08175162,-0.103305854,-0.089424156,-0.056213956,0.005061648,0.023000997,-0.0049274717,-0.02172077,-0.14120097,-0.11877959,-0.051421303,-0.89883447,0.06973031,-0.047358256,-0.020662831,0.04447682,0.066921234,-0.1230143,0.14538996,-0.12385194,-0.31302965,0.38079196,-0.27527562,0.2155652,0.22073671,0.0279828,-0.22417296,-4.126289,-0.30719706,0.30057886,-0.14017794,0.13637018,0.18798842,0.12644392,-0.057149056,-0.08355785,0.23409544,0.12497417,0.20355216,0.2874734,0.053921923,0.018581402,0.085686736,0.03922939,0.036522754,0.110568486,0.18347117,-0.0069695893,0.1858268,0.1681228,-0.01872091,0.2133414,-0.3191402,0.13151152,0.054415915,-0.10649716,0.13613409,0.29125112,0.09948987,-0.22285248,0.08407569,-0.018706914,-0.1052393,-0.31401685,0.032587007,0.06796384,0.09479713,-0.10110055,-0.07508549,0.03623224,-0.076650776,0.02890613,-0.14139314,-0.09906988,0.05167452,-0.2123574,0.092815995,-0.051291708,-0.014862473,-0.19189173,0.031330243,0.0465502,0.22056215,-0.15322953,-0.2974484,0.08007251,0.0068787048,0.024426136,0.10183865,0.1837724,-0.06668654,-0.12817773,-0.10151173,-0.24947843,-0.085094355,0.27329388,-0.12126544,0.014999844,-0.3037234,0.43451458,0.21683808,-0.15758851,0.2751168,-0.31863987,-0.22033505,0.12420539,-0.12105629,0.0806668,-0.13181612,0.039300986,-0.25904724,0.11170016,0.20526108,-0.18170413,0.12828884,-0.06719276,-0.022891346,-0.400886,0.02104276,0.2263655,0.09864166,-0.1402066,0.33547047,0.007255821,0.08550644,0.117665246,0.13539961,0.18634933,-0.18981446,-0.11669807,0.022730976,0.099839516,0.066574305,0.058692787,0.102043614,0.11876999,-0.012461008,0.31404886,-0.20915058,0.13821496,0.2690555,0.11935935,-0.040935364,-0.030651908,0.08694631,0.1309238,-0.085939154,-0.108213216,0.032739792,-0.1457245,0.30687332,-0.24378425,0.43411627,0.018398605,-0.033015266,-0.15024596,0.0095669795,0.23338963,0.096170776,0.17261617,-0.16016372,-0.12552254,0.11088174,0.16446517,-0.013676484,-0.07748178,0.06586429,-0.024044711,0.24831395,0.012787425,0.057360332,-0.29468527,-0.045827918,-0.263659,-0.30376428,0.0024739213,-0.11154664,-0.10990123,0.11599842,0.092248365,-0.11982494,-0.001971264,-0.006186364,-0.10817937,0.10707005,-0.26288545,-0.14347135,0.04481815,-0.0004286505,0.010248012,0.028841354,-0.22120549,-0.109742485,0.043128055,-0.1768622,0.21408464,-0.062997326,0.08756526,-0.123441115,0.23776302,0.05252752,0.07757695,-0.19958727,0.13284034,0.06922243,-0.05708248,-0.17581223,-0.04719585,0.009001558,-0.056200676,-0.15740944,0.23170987,0.059613004,-0.06694257,0.05475797,0.0074360264,0.1372455,-0.10863305,0.1604121,-0.053577024,0.3077735,-0.20190361,0.10704388,0.16895819,-0.09508429,-0.028906642,-0.1172496,0.0050727283,-0.14426784,0.19963129,0.20852274,0.03176112,-0.2271175,0.23205873,-0.13680454,-0.11959611,-0.05374553,-0.029856473,-0.30511096,-0.037232943,-0.004734922,0.014026989,-0.1752129,0.013251648,0.12836604,-0.011496261,-0.062164087,-0.046814624,-0.08218893,0.20539148,0.31739524,-0.060798954,-0.1901933,-0.020661369,0.233043,-0.006640936,-0.02931632,-0.01291136,0.26582223,0.14304307,0.108551934,-0.16834433,0.08041534,-0.0037495247,0.04220135,-0.03873806,0.050307605,0.009029438,0.12782118,0.082737796,-0.15335695,0.0074078026,-0.06145403,-0.086495474,-0.21271124,-0.31648642,0.00013756455,-0.02755472,-0.03927553,-0.040934928,-0.2841748,-0.19791871,0.34698156,-0.18170494,-0.102911055
GUNV_PECCC,0.035522588,-0.04197523,0.13322388,-0.04974184,0.28440884,0.0023536633,0.019380268,-0.08576789,-0.044792213,-0.12103616,0.010520551,0.037403636,-0.0061074845,0.16694921,0.15986058,-0.10254482,-0.017264593,-0.08429128,-0.18843837,0.0729393,0.038065758,0.1564613,0.043944772,0.007213749,0.1312273,0.077986866,-0.022819228,-0.23138103,-0.0023394553,0.21709514,-0.13894713,0.20303893,-0.06340148,0.0451607,0.103311315,-0.068611704,-0.07844177,-0.08627417,-0.014470112,-0.010477164,0.024093352,0.09261543,-0.03382929,-0.13148601,-0.1169449,-0.06686978,-0.9480548,0.11942955,-0.12201074,0.020883046,-0.129722,0.082326494,-0.13519375,0.18531242,-0.052702516,-0.32798305,0.34347963,-0.20327404,0.17397133,0.20543751,0.016616927,-0.15740092,-4.16527,-0.26952612,0.21617864,-0.14365697,0.12911256,0.21368495,0.11398396,0.024468122,-0.017630065,0.17589004,0.07073042,0.20047805,0.25437275,0.097204514,-0.028976869,0.093776345,0.02962004,-0.035908025,0.082733914,0.104630016,-0.021951599,0.16185743,0.1338158,0.043347683,0.20527132,-0.28253067,0.036372863,0.088580295,-0.10862384,0.1164697,0.21937922,0.14113559,-0.24139397,0.03633168,0.006130247,-0.1376474,-0.18472466,0.07197833,0.093439795,0.062339723,-0.013911125,-0.02534601,-0.0944718,-0.04150241,0.03442134,-0.0992067,-0.16434787,0.06897287,-0.15336101,0.035116933,-0.06724468,-0.0048898947,-0.1545925,-0.007591579,-0.012371464,0.19426791,-0.11221396,-0.17784216,0.083510794,-0.0022165864,0.051742047,0.16093616,0.15465201,-0.1263299,-0.054917812,-0.068086416,-0.18989648,-0.022894658,0.15988451,-0.1480959,-0.038479213,-0.21482557,0.3732749,0.13912565,-0.2146606,0.17378613,-0.22427718,-0.1991671,0.044713564,-0.11446383,0.06204076,-0.111893125,0.055674102,-0.15595894,0.084258504,0.18784165,-0.15709484,0.13790578,-0.061036635,-0.06260484,-0.2812379,-0.0825225,0.05541996,0.08016747,-0.10267657,0.26216567,0.059037566,0.055626765,0.023181174,0.065515235,0.24339493,-0.1864178,0.04235738,-0.049796823,0.1350934,0.022728335,-0.02429777,0.113726415,0.13859166,-0.010973323,0.2552835,-0.16431412,0.1624593,0.2013742,0.059328713,-0.023403054,0.0021764655,0.07480091,0.22126514,-0.063485116,0.003920557,0.006300548,-0.15932138,0.18359213,-0.12193925,0.38016254,0.112322845,-0.09719146,-0.15198714,0.005762262,0.18546867,0.051288627,0.049298894,-0.013070005,-0.09175458,-0.02445259,0.1717352,0.15145859,-0.18066101,0.0632359,0.037918232,0.17431788,-0.04654167,0.006470491,-0.21683788,0.23104268,-0.24794883,-0.1972346,-0.014729044,-0.099638104,-0.120999366,0.047126394,0.13921437,-0.11627104,-0.013056864,0.028778253,-0.06874752,0.15729511,-0.2863129,-0.12105419,0.039235923,0.02543059,0.07738946,0.031340785,-0.1946633,-0.14312813,-0.005020632,-0.23838127,0.24023749,-0.089543544,0.08799946,-0.053807683,0.21592547,0.06443735,0.15342309,-0.14460477,0.11232468,-0.01224082,-0.010892351,-0.14090551,-0.05081098,0.011179147,0.023832688,-0.05406517,0.17956674,0.034707893,-0.034191772,0.07967241,-0.09281307,0.05511414,-0.122902565,0.11982305,-0.052920047,0.3087039,-0.16941987,0.09444974,0.11795852,-0.07905114,-0.12993307,-0.08178796,-0.040683452,-0.17900817,0.19795287,0.26141256,-0.023213185,-0.20384221,0.12926078,-0.11517812,-0.025254454,0.054595783,0.05026572,-0.2269625,-0.035162434,0.02516072,0.07084067,-0.10464954,-0.036769237,0.09494766,0.050411306,-0.18518403,0.045761332,-0.039385855,0.22506835,0.24383725,-0.012274957,-0.1451283,-0.024845248,0.17754537,-0.061585367,-0.0497277,0.021664444,0.1951123,0.13419086,-0.017543236,-0.1713572,0.051151644,-0.049692024,0.0327522,-0.037005834,0.0887336,0.0004065775,0.04463634,0.043192726,-0.13476717,-0.04671059,0.0495421,-0.035705786,-0.19830385,-0.15889226,0.016176004,-0.06424755,0.005619087,0.003145139,-0.31820354,-0.1528321,0.2869238,-0.13876405,-0.17076758
EGLA_EMENI,0.23290157,-0.09252507,0.058264524,-0.15022534,0.2371227,0.076248735,-0.102721065,-0.08831407,-0.06816455,-0.16935034,0.09063271,0.10011274,0.038289156,0.057567284,0.05281416,-0.07099326,-0.03850606,-0.017144937,-0.03789612,-0.052755054,0.02604512,0.17998764,0.0072312066,0.03383957,0.20798634,0.053494606,0.09846604,-0.33509842,-0.022647526,0.31715798,-0.14806655,0.19538638,-0.05916725,-0.0058178566,-0.010289221,-0.10720973,-0.051822536,-0.040352643,0.006317502,-0.07367073,0.04158078,0.060484566,-0.016463317,-0.13906026,-0.16674758,-0.059969746,-0.7775838,0.026747227,-0.05026073,0.043698415,-0.15838668,0.05650793,-0.117228925,0.1360497,-0.10533042,-0.3178352,0.24088015,-0.23819712,0.242737,0.18718939,0.024205338,-0.12924388,-4.134263,-0.16699164,0.2459689,-0.13670887,0.14159009,0.17589794,0.04326882,-0.11772529,-0.22334322,0.13870919,0.02709576,0.20935862,0.16369244,0.07387815,-0.13674827,0.090377055,0.03830615,-0.024098376,0.12709703,-0.047051795,-0.04700832,0.3518605,0.08754858,-0.026859106,0.11945513,-0.38033164,0.0069120335,0.07456253,-0.12337347,0.059656877,0.18457887,0.15298745,-0.23009753,0.06112357,0.13079552,-0.09165736,-0.11531588,0.043080606,-0.026450029,0.0822353,-0.039225876,-0.024723856,-0.0016896673,-0.09505454,0.08584,-0.16527098,-0.12355958,0.12976453,-0.16637482,-0.025012743,-0.08824242,-0.084277734,-0.16085055,0.08902971,0.07222969,0.030367473,-0.11508745,-0.10800134,-0.019007353,0.070621,0.11783119,0.18672861,0.03235994,-0.10629314,-0.03298346,0.013670575,-0.40609542,-0.18299805,0.23219232,-0.14451928,-0.0076354938,-0.23460928,0.36323133,0.119572535,-0.1374381,0.18155229,-0.25276947,-0.23927929,0.053970687,-0.10557859,0.22304407,-0.12587635,0.06445397,-0.15719348,0.11569842,0.151256,-0.20839082,0.08731009,0.008584915,-0.010231917,-0.28493416,-0.16242419,0.14123076,0.004758852,-0.1326656,0.30771324,0.0701732,0.027218742,0.020592298,-0.027147157,0.26555604,-0.25803244,0.040739547,0.00048104627,0.099653125,0.028053772,-0.03872104,-0.014504305,0.24812838,0.039261322,0.25130126,-0.0112589495,0.12035266,0.22377619,0.24007544,-0.012461862,0.03646536,0.16273656,0.25502554,-0.11247753,-0.039556134,-0.10468062,-0.0965825,0.20693198,-0.26063204,0.41696075,0.12597975,-0.088107,-0.049930666,0.10644482,0.27151862,0.118624896,0.07900425,0.0042244093,-0.12756896,-0.09421486,0.18691494,-0.05598734,-0.022579504,0.1880027,0.096756,0.21120006,-0.21692045,0.11908264,-0.24012533,0.17021476,-0.13294266,-0.16546482,0.023791531,-0.26769197,-0.08477191,0.06655138,0.14929952,-0.066376954,-0.054778017,0.040285222,-0.09150472,0.046905406,-0.1773021,-0.008333474,0.07005739,0.09499164,-0.035165913,0.17808884,-0.23074394,-0.18641677,-0.000854655,-0.1262516,0.08331309,-0.10880938,0.043979425,-0.08377344,0.09269406,0.024546783,0.10582859,-0.034011345,0.052631292,-0.05730435,0.07668532,-0.1436796,-0.04141,-0.047762044,0.073220186,-0.07004521,0.17754392,0.028714936,0.035839003,0.19186616,-0.13873334,0.04637038,-0.18178211,0.041237637,-0.083333716,0.14773951,-0.21853347,0.098947965,0.03170479,-0.15769918,-0.08929169,-0.096554294,-0.027603196,-0.07132372,0.103792794,0.3121135,-0.1690223,-0.29156268,0.051745374,-0.12782577,-0.00832422,0.08232534,0.0070109703,-0.15138459,0.06320613,-0.10412357,0.021344937,-0.033459727,0.0017955881,-0.035755794,0.07225902,-0.013632093,0.16797481,-0.051753383,0.17614426,0.27446204,0.00018227391,-0.099908,0.06299147,0.17391747,-0.00977556,-0.07822321,0.11694038,0.22863483,0.13947076,0.015859587,-0.15929146,0.15930004,0.0060605234,0.018140247,0.023236569,0.101044826,0.2067677,0.04299289,-0.03547834,-0.16681203,0.06077133,-0.022487106,-0.07958673,-0.14817017,-0.25323886,-0.089919895,0.04552773,-0.016864574,-0.0279201,-0.25704876,-0.03540182,0.39216694,-0.0020186203,-0.19446224
CELDZ_THESZ,0.1079426,-0.17089298,0.114785284,0.08891912,0.15239298,-0.018920394,0.044132542,-0.034834642,-0.12360285,-0.0655398,0.060256425,0.13856901,-0.10077622,0.1965489,0.16259322,-0.0722683,0.11354446,-0.05819418,-0.042811677,0.039832972,0.07060216,0.0037279462,0.020067222,-0.12673774,0.13087758,0.21000691,0.0078076157,-0.065040566,0.077546746,0.24274068,-0.10071829,0.40440792,0.009857549,0.10603437,0.06332145,-0.07508649,-0.031693723,-0.07057736,0.013399353,0.061864823,0.081850074,0.06086002,-0.13501522,-0.034383394,-0.118168265,-0.038358532,-0.90514654,0.09569119,-0.016131407,0.06817284,-0.0659244,-0.02635259,-0.05072282,0.047867794,-0.066536464,-0.2541627,0.35477975,-0.20838521,0.27364698,0.045611158,0.03840958,-0.19072004,-4.3412037,-0.12266714,0.19179673,-0.009615139,0.16155791,0.049677793,-0.023437144,-0.09020856,-0.09334376,0.14784299,0.1617083,0.33451918,0.26945728,0.20489629,-0.026173325,0.09887017,0.048958585,-0.0060772384,0.06460081,0.105389334,-0.04656249,0.19062309,0.18432204,0.019875605,0.13287227,-0.30776432,0.15342088,0.09775189,-0.12015191,0.032367617,0.28932422,0.20169084,-0.15462744,-0.029864477,-0.072167054,-0.19982448,-0.18075593,0.045165755,0.056580655,0.05931243,-0.1393072,0.12385845,0.059460897,0.007757036,0.017972548,-0.038427927,-0.24704552,0.026254289,-0.1514134,-0.04282796,-0.042422343,-0.10718817,-0.0633684,0.089888945,-0.057045788,0.0342535,-0.099660635,-0.24162963,0.052775625,0.06179437,0.042329814,0.01740177,0.13774382,-0.029519385,-0.04879641,-0.011290997,-0.3410543,-0.013260894,0.11880229,-0.06977384,0.12990901,-0.12654544,0.35465786,0.09231242,-0.16775942,0.09181793,-0.3324745,-0.28786477,0.09980637,-0.15864985,0.029988805,-0.0557988,0.12969786,-0.12791763,0.070956245,0.22923629,-0.09674253,0.20451213,0.014079759,-0.022993756,-0.3817485,-0.120405704,0.057142153,0.047318466,-0.097323634,0.288651,0.0066497223,0.019944461,0.055783268,0.13617046,0.17267427,-0.10750718,-0.0051284125,-0.040082674,0.09585451,-0.085984096,-0.103846714,0.090269685,-0.0115184365,0.04707381,0.21326011,-0.19368292,0.06744742,0.27498186,0.14884967,0.005180874,-0.059179075,0.07131908,0.14019844,-0.15017073,-0.019597428,-0.04515155,-0.28474304,0.3269794,-0.19405623,0.29739213,0.10011792,-0.032978628,-0.01686954,0.046201434,0.21260844,0.083385594,0.048631914,-0.08450822,-0.016757345,-0.022249827,0.12339274,0.18420848,-0.007226786,0.11003153,0.012959086,0.19395658,-0.05479758,-0.034664996,-0.21287061,-0.18178582,-0.04382004,-0.2329447,0.098492004,-0.08421726,-0.06585579,0.114541814,0.18514667,-0.14534874,-0.071405955,0.074217565,-0.0913153,0.042436764,-0.2040093,-0.03665492,0.05599683,-0.08309004,0.030773211,0.067094,-0.23790632,-0.09423169,0.03715806,-0.120313816,0.14242858,-0.09494048,0.11684852,-0.027252167,0.115062214,0.012325928,0.116666846,-0.063134864,0.03801271,0.05271887,-0.10322323,-0.17633122,-0.07917182,-0.018407365,-0.11545983,-0.06362141,0.2594028,0.05561905,-0.058048986,-0.074568465,-0.10262878,0.09689281,-0.110489935,0.13748293,-0.05887051,0.13905485,-0.18407094,0.029069846,-0.0048765237,-0.2610756,0.008289458,-0.20113184,-0.06753869,-0.12259353,0.021297041,0.20462151,-0.04797037,-0.35571083,0.027859664,-0.026024668,-0.102295615,0.07356294,-0.07668058,-0.1731343,0.038298313,0.0789784,0.075236455,-0.21070616,0.046944767,0.029289106,0.12190213,-0.0950632,0.036562562,-0.12100056,0.12673397,0.1899823,-0.07205764,-0.096731834,0.12563063,0.12395347,-0.16244715,-0.06215643,0.06862771,0.15123218,0.20501792,-0.06142013,-0.10558132,0.005759498,-0.002060151,0.058262873,-0.031060804,0.061080962,0.08411841,0.022492463,0.023061328,0.0021995907,-0.058448248,0.099336185,-0.04540099,-0.20374556,-0.08244627,0.016486002,0.009210992,-0.056619503,0.09553567,-0.111514,-0.061537,0.18177862,-0.051286437,-0.033609144
GUNC_CELFA,0.07338833,0.13959275,-0.13081475,-0.19829628,0.45969602,-0.03409369,0.12829901,-0.081324905,-0.23340455,-0.059755184,0.36210543,-0.088832095,0.13202216,-0.06815459,0.20915067,-0.33544776,-0.11083272,-0.052002616,-0.36714262,0.13547462,-0.06981814,0.06744601,0.030336956,-0.14989816,0.098417066,0.022856534,0.11683124,-0.064538,-0.064376675,0.08152834,0.08888176,-0.063866235,-0.15487555,0.1032675,0.042179525,-0.18284392,0.01053132,0.05965355,-0.06450332,-0.18195951,-0.10818689,-0.024199903,0.17368731,0.05619909,-0.07948599,0.0778963,-0.880975,0.15357603,-0.15068476,0.02061695,-0.44105217,0.12149036,0.008237775,0.2188223,0.033275526,-0.21139883,0.10966075,-0.21472526,0.09362889,0.005322178,-0.08865147,0.032354873,-4.0831532,-0.26479617,0.1803258,-0.25261617,-0.013780528,0.25194213,0.13524935,0.07184071,0.022694457,0.101003915,-0.096814476,0.14444698,0.00237187,-0.042412832,-0.1391542,0.06730884,0.016441438,-0.1699505,0.08978166,-0.16646972,-0.06900692,0.36962518,0.036873963,-0.027668588,0.009430161,-0.15947185,-0.172683,0.10209499,-0.21746558,0.20353344,-0.056142293,0.17742452,-0.15266064,0.19256128,0.14407751,-0.11157044,0.074767426,0.11070895,0.06207151,0.09272359,0.052222386,-0.005810408,-0.32455653,0.13171099,-0.08476038,-0.17193255,-0.13399905,0.07919189,-0.12955433,-0.1866393,-0.05782746,0.01521122,-0.39885896,-0.15495767,-0.0771343,0.25787765,-0.07483648,0.09298944,0.037803754,-0.06404548,0.22685692,0.42158663,-0.03666892,-0.15686959,0.027408812,-0.12750253,-0.1843935,-0.12040151,0.17543373,-0.16984832,-0.22488126,-0.26997784,0.20916393,-0.17628431,-0.24467434,0.0090738665,-0.013503148,-0.1296202,0.06702898,0.12035602,0.13837734,0.042448923,-0.06503745,0.06214756,-0.031590886,0.13996115,-0.17089604,0.108474895,0.024034685,-0.13499495,-0.03007116,-0.16627991,-0.107102126,0.016927531,0.09835305,0.12837094,0.038687505,-0.053806446,-0.012795171,-0.11522341,0.15717407,-0.13607968,0.14472756,-0.22637834,0.23628289,0.059390984,-0.054780394,0.0781784,0.34493986,0.12445644,0.15966547,0.11044567,0.33007142,0.0029252237,0.027942006,0.06620758,-0.05272285,0.27263078,0.3872405,-0.018412558,0.21049955,-0.003739486,-0.055317275,-0.0057423003,-0.015368681,0.29984522,0.2064224,-0.11799522,-0.22000074,0.053481124,0.15700404,0.102225035,-0.036059912,0.07830596,-0.21388097,-0.08245692,0.005418583,0.29756477,-0.28540567,0.14138876,0.040068388,0.37494978,-0.16962883,0.06672941,-0.14037228,0.8689376,0.06963952,-0.023295451,0.002801843,-0.07960507,-0.14393768,-0.08269815,0.08486335,0.093256734,-0.026439644,0.122272395,-0.15320264,0.16723195,-0.23734948,-0.12142897,-0.049014285,0.25397772,0.19705406,0.1573681,-0.31759995,-0.3849694,0.07049966,-0.27704957,0.10318525,-0.09856799,0.07561027,0.05848998,0.10139774,0.0002429504,0.16647002,0.13649598,0.010094117,-0.032920733,0.12882175,-0.17679909,0.042098023,-0.08421819,0.094646625,-0.07156311,0.24711823,-0.09092362,-0.01122747,0.118727684,-0.23586324,-0.052871417,-0.22962874,-0.07352069,0.12921098,0.37996784,-0.017008452,0.0106125735,-0.03832286,-0.015811173,-0.10240835,0.045354493,-0.031874023,0.05091873,0.20141633,0.20228645,0.035720397,0.030239224,-0.11570868,-0.17903915,0.29557747,-0.03664645,0.11253567,0.022380877,0.09750278,0.10731082,-0.05298435,0.08296185,-0.1204795,-0.031813286,0.04325119,-0.089186706,0.2295696,0.16100693,0.2934301,0.09410031,0.058705963,0.0028704265,-0.107868,0.15459912,-0.006647585,-0.1921441,0.07458836,-0.007989138,0.091649115,-0.23614438,-0.097387806,0.1415487,-0.081063434,0.014702947,-0.14258923,0.03082398,-0.110814214,0.026079785,-0.059337758,-0.20628658,-0.031644095,-0.10604325,0.06532603,-0.06912923,-0.06527528,0.079763256,-0.28853497,-0.03724374,-0.17780238,-0.35271767,-0.044336185,0.3828749,-0.02042237,-0.21815667
GUNC_RUMCH,0.09925761,0.084032714,0.057985686,0.062072407,0.37295413,-0.13303596,-0.015301732,-0.15266828,-0.08445715,-0.14337848,0.10157613,0.09701712,-0.02522913,0.10221766,0.19307739,-0.076562375,0.12206967,0.16440627,-0.3546844,0.09859979,-0.006267411,0.13637803,0.081085406,-0.029183818,0.06659171,0.1705968,-0.087472625,-0.062076975,0.019532504,0.11234274,-0.11255172,0.35582465,0.10399121,0.2562338,0.037950046,-0.1069032,-0.17171533,-0.042732857,0.07110703,0.05713313,-0.11946389,-0.05014665,0.07282458,0.024553899,-0.08602994,-0.009637848,-0.8027478,0.1892576,-0.050542004,0.047195535,0.003300273,0.021905262,-0.003722291,-0.055079952,-0.04031322,-0.26160413,0.19425467,-0.161256,0.18055533,0.13810058,0.006468561,-0.10396895,-4.432889,-0.22937265,0.26461262,0.016307486,0.028543718,0.24877669,0.08256212,0.08488357,-0.06729518,0.17281651,0.13243337,0.060907792,0.04118623,-0.07422127,0.01929317,0.14274009,0.12348699,-0.022793638,0.29647863,0.055272877,-0.0383979,0.2904744,0.15679449,0.023690984,0.14068009,-0.0551536,0.0629352,-0.11456054,-0.16350542,-0.008373047,0.2517828,0.05081447,-0.059969228,0.13554657,0.004976126,-0.13676381,-0.18304913,-0.16388534,0.03259241,0.08952417,-0.18341939,0.03123626,-0.05082406,-0.0076963357,-0.028365731,-0.07877128,0.02104983,0.0025124138,-0.16041201,0.11495344,-0.06679184,0.16970703,-0.09830503,-0.13839608,0.07999159,0.25256094,-0.15310942,-0.13894895,0.07390953,-0.035829287,0.11604761,0.09396878,0.22961041,0.05028804,0.029152717,-0.042016167,-0.12779427,0.023930704,0.21322681,-0.074890845,0.08855045,-0.33381784,0.3791678,0.054826356,-0.30053282,0.18001054,-0.2665092,-0.255122,0.08586344,-0.17014395,-0.1064039,-0.06823252,-0.16621816,-0.22420435,0.05951202,0.032389846,-0.14997752,0.103003845,-0.013493971,-0.12096932,-0.30961937,-0.1899928,0.02801549,0.062885195,0.053181883,0.15236555,-0.03570739,0.26308754,0.07448746,0.17958005,0.18496992,0.028795375,-0.10934835,-0.04266249,0.17727503,-0.0475291,0.14411175,-0.030740013,-0.0008855676,-0.007131339,0.25708878,-0.19497643,0.14167513,0.27184358,0.12112082,-0.20801175,-0.07244674,-0.03223764,0.12956592,-0.24129744,-0.032234844,0.09878752,-0.046591844,0.1434198,-0.30661976,0.37843564,0.011442859,0.03587173,-0.10963873,0.024866588,0.05565712,0.043206397,0.26354396,-0.16683389,-0.15225478,0.048774686,0.036742885,0.051277768,-0.07977864,0.25153738,0.19463299,0.24577212,-0.029733483,0.0028297564,-0.107274525,-0.073891826,-0.15079087,-0.29582554,0.07202316,-0.108854204,-0.105436794,-0.13111986,0.078382626,-0.045413177,0.13391602,-0.087301925,-0.09595676,0.07683278,-0.2674719,-0.011543614,0.088503,0.0076738517,-0.03563475,-0.24134006,-0.13791569,-0.10096247,0.016801182,-0.1125677,0.11266,-0.06357488,0.075084135,-0.20637599,0.06571516,0.09486283,0.06465832,0.031137679,0.18911399,0.06798972,-0.016600614,-0.2157077,-0.055749513,-0.12038096,-0.014116485,-0.14644866,0.37594113,0.05023534,-0.11922024,0.13244382,0.10783229,0.11621082,-0.116874166,0.026426792,-0.0059277425,0.23374711,-0.16267085,0.06653715,0.33277932,0.045385394,-0.015134808,-0.06323069,-0.055649117,-0.06455321,0.282575,0.109227665,0.18767053,-0.21823964,0.18393026,-0.10327252,-0.10191111,-0.18577698,-0.011251703,-0.18967228,-0.1509801,0.091077074,-0.12207719,-0.115136266,-0.003043832,0.027032642,-0.09613069,0.027204936,0.1157462,-0.030608578,0.20322022,0.23460127,0.026707295,-0.23112185,0.09085761,0.062274273,-0.040862113,-0.019560052,-0.10147479,0.22096175,0.08892926,0.12948841,-0.118062615,-0.08483101,0.055769853,0.14204364,0.045679215,-0.069750465,0.006495563,0.0442283,0.066428766,-0.22756578,0.009137179,-0.026337855,-0.14772703,-0.035327733,-0.19428799,0.06381097,-0.05437459,-0.1395622,-0.14129773,-0.35625014,-0.31706935,0.27900353,-0.13235562,-0.02079647
GUNA_CLOLO,0.021784928,-0.06986941,0.095537946,0.09384837,0.3284992,0.045496505,0.04632603,-0.08486543,-0.092503265,-0.13047712,-0.011387861,0.19701505,-0.047669616,0.21794683,0.16187404,-0.12910089,0.022459483,-0.05222958,-0.23119113,0.0780467,0.07486432,0.14535469,0.12689038,-0.08674918,0.2063765,0.09125159,-0.019644745,-0.17233376,0.030846583,0.22445339,-0.08653273,0.41999835,-0.03307401,0.21321706,0.07278553,-0.05824917,-0.16985625,-0.11202352,0.008821446,0.09181969,0.08758301,0.10367929,-0.14489783,-0.07824212,-0.058574677,-0.062378716,-0.9487569,0.09672776,-0.09640752,0.045131348,0.010198946,0.0068001677,-0.08773508,0.10267988,-0.09628814,-0.34725133,0.29720727,-0.17896868,0.24166583,0.10277292,0.010821237,-0.2042384,-4.1396227,-0.179179,0.21647237,-0.037057143,0.10674348,0.15771297,0.015537203,-0.06251837,-0.01950493,0.18036678,0.089898326,0.17952055,0.32693198,0.16198857,-0.056847874,0.05731011,0.064348765,-0.07960582,0.07868378,0.16974942,0.031441517,0.19245756,0.19201972,0.005083454,0.14413677,-0.29098454,0.08833249,0.14412178,-0.12524527,0.012638825,0.27459913,0.06254404,-0.15352115,-0.01885879,-0.11385052,-0.11482102,-0.16759442,-0.0055718767,0.052156117,0.0073373197,-0.11053696,0.06267605,-0.06354898,-0.05165484,0.056728035,-0.029028775,-0.18217935,0.060051274,-0.1866877,-0.020992089,-0.07671757,0.029612627,-0.051972803,-0.03581164,0.05152946,0.16518027,-0.066573575,-0.32034564,0.069023974,0.08606366,0.019211788,-0.0693119,0.19035193,-0.047010638,-0.0043660323,-0.008676693,-0.2083723,0.047211543,0.10156499,-0.08124317,0.015173487,-0.21094829,0.35820973,0.17180778,-0.27612063,0.19734447,-0.32716373,-0.32989746,0.13565595,-0.13461106,0.07485433,-0.06876978,0.088673644,-0.17882383,0.08318843,0.19157621,-0.058436647,0.2545255,-0.031644333,-0.07983191,-0.3066634,-0.022425873,0.060218073,0.06924205,-0.06677804,0.3435227,0.020976296,0.05750551,0.11342767,0.112368494,0.20632024,-0.078635134,0.014241302,-0.060853776,0.117028825,-0.016828088,-0.03384505,0.11297569,-0.01405929,-0.010763265,0.25028688,-0.13693982,-0.023023225,0.25288805,0.15657802,-0.081531115,-0.08747531,0.035006125,0.17093809,-0.20791051,-0.030209411,0.06916978,-0.2151959,0.22015251,-0.27120456,0.29952106,0.08832786,-0.040953327,-0.111524664,-0.008260668,0.105986126,0.054593842,0.09192724,-0.077589765,-0.15662928,0.058157265,0.13883466,0.15067203,-0.14771388,0.07799138,-0.061019536,0.1738275,-0.032468725,0.049568854,-0.15907875,-0.1382835,-0.23010348,-0.35615343,0.03463697,-0.07121192,-0.12787515,0.061479084,0.12684433,-0.09006923,0.0010727745,0.01124677,-0.08846668,0.12283406,-0.24806198,-0.14039339,0.08753025,0.018803375,0.047952246,-0.07225602,-0.21218517,-0.012478643,-0.0022781272,-0.12217487,0.22043546,-0.13264634,0.11813124,-0.06952195,0.24132147,0.029473186,0.024155943,-0.07428071,0.12006549,0.041438393,-0.031257637,-0.15549861,-0.05916835,0.048686177,-0.025570136,-0.06328707,0.23913361,0.014900079,-0.15033278,-0.030952616,-0.047600046,0.16872874,-0.16299911,0.11485315,-0.051210232,0.21710266,-0.18394914,0.10135251,0.114631146,-0.1386164,-0.10185303,-0.15015881,-0.07925933,-0.16175665,0.15307903,0.2777822,0.0111285085,-0.22073695,0.09393411,-0.0745882,-0.08094149,-0.039769035,-0.07552366,-0.27671793,-0.053962722,0.056860317,0.03708838,-0.11855905,0.010327436,0.05613396,0.12669651,-0.09984324,0.1078744,-0.066981494,0.15343507,0.18741287,0.0014439169,-0.040288445,0.07650839,0.15858604,-0.13198732,-0.09473665,-0.03116801,0.22210634,0.1654261,0.012926962,-0.14811814,0.07069618,0.0100283185,0.06389284,-0.06831989,0.06959367,-0.0056231953,0.086715214,0.041671317,-0.1014437,0.024736954,0.07830187,-0.030852878,-0.16651149,-0.17162782,0.0898138,-0.04540041,-0.061382893,-0.014384315,-0.24611682,-0.17710853,0.20502684,-0.1119176,-0.048847694
EGLB_EMENI,0.23382178,-0.029122321,0.06745782,-0.102625504,0.2492547,0.1291937,-0.116974756,-0.1344377,-0.0961133,-0.13400345,-0.007717384,0.16115594,0.03584558,0.07862587,0.059470713,-0.047521804,-0.07613954,0.03073501,-0.07586796,-0.066389784,-0.027382515,0.21192038,0.007818903,-0.01115728,0.18989784,0.055379834,0.10223475,-0.3051226,-0.094695896,0.32350984,-0.17972602,0.18746774,-0.108257756,0.04986511,-0.032581013,-0.110227294,-0.11287915,-0.11167996,0.079415,-0.0034903325,0.09185432,0.073892705,-0.12695879,-0.19078025,-0.09126952,0.009465403,-0.72296274,0.11331258,-0.07831397,0.018575316,-0.0711743,0.030823098,-0.13195942,0.13415611,-0.1547308,-0.28739005,0.23156343,-0.23510282,0.3312029,0.19252406,-0.009950559,-0.14038448,-4.095691,-0.08784642,0.26140404,-0.13559595,0.08085684,0.24243584,0.0934289,-0.08223856,-0.19165379,0.2006903,0.009954782,0.13797522,0.20017095,0.02613078,-0.15329641,0.08324287,0.04502952,-0.056687247,0.11073377,-0.03380948,0.008982006,0.22823079,0.18489614,-0.04118695,0.23846057,-0.35704374,-0.02337074,0.145876,-0.15373957,-0.012588277,0.23483959,0.0675138,-0.14494924,0.07689078,0.0795626,-0.051660202,-0.17202532,0.021246713,0.033917144,0.040723257,-0.07877926,-0.031906214,0.05579071,-0.099069655,0.10175686,-0.13458867,-0.098506324,0.08178605,-0.15218168,0.022981757,-0.0769694,-0.043709356,-0.10218476,0.028649362,0.09961294,0.11600555,-0.16943745,-0.18288584,0.056927,0.13739176,0.017066997,0.12942986,0.094231084,-0.021504039,-0.079242095,0.110140495,-0.32347155,-0.08040056,0.10838052,-0.11557277,-0.06538049,-0.23944989,0.35566294,0.24976571,-0.19487049,0.18425137,-0.2969471,-0.25457573,0.11325435,-0.1307148,0.26094678,-0.16297401,0.06144228,-0.20134689,0.15580252,0.15599816,-0.15927732,0.14962013,0.018562127,-0.06957924,-0.3320877,-0.03826369,0.17279607,0.05308621,-0.117938034,0.42000788,0.031554036,0.029306564,0.055081744,-0.001867282,0.23928423,-0.17424719,0.044634797,0.028897773,0.10331005,0.042772524,-0.022270327,0.007133624,0.13088116,0.05089935,0.28791165,-0.04261281,0.012594775,0.14488648,0.19341524,-0.08440924,-0.026650198,0.1766924,0.20723233,-0.16337019,-0.100296274,-0.047611248,-0.09289335,0.21435606,-0.20774622,0.42837137,0.08555496,-0.16189471,-0.08110561,0.10214271,0.28672192,0.08735709,0.118226044,-0.03186424,-0.202553,0.047958646,0.1684598,-0.045764606,-0.09818729,0.17203274,0.018511105,0.19381933,-0.21477886,0.13622154,-0.19709933,0.11098323,-0.28187153,-0.21233296,-0.024111124,-0.24339207,-0.0503736,0.12762852,0.15540494,-0.10537193,-0.06903526,0.024235249,-0.098713785,0.018965421,-0.18710566,-0.032912757,0.057405014,0.120890476,-0.026635343,0.09021631,-0.15826438,-0.12200861,0.04289361,-0.16148078,0.09728709,-0.11760966,0.039885554,-0.026103089,0.13675502,0.0125257205,0.14168341,-0.048296392,0.050782118,-0.03292065,0.10719941,-0.11390223,-0.025433918,-0.05889133,0.11772734,-0.14638375,0.07604287,-0.005648643,0.050409928,0.18212332,-0.1399404,0.15268001,-0.22338125,0.070933186,-0.14373684,0.14054325,-0.21990865,0.070046395,0.18638237,-0.17746042,-0.12111222,-0.14559187,0.024414022,-0.095769905,0.13572834,0.30812666,-0.11121262,-0.28969598,0.15174465,-0.19506861,0.00966853,0.029149292,-0.041157316,-0.20205545,0.010440153,-0.05922963,0.022311665,0.0006731409,-0.026929388,-0.03106702,0.002212971,-0.0069678593,0.15941215,-0.14060843,0.15387926,0.22002605,0.0019789652,-0.08448775,-0.039113183,0.253962,-0.037358105,-0.0536378,0.07975301,0.2599427,0.10520715,0.02211477,-0.13361938,0.109961286,0.030875506,0.102983326,-0.054575596,0.082513355,0.16595116,0.12032629,0.030050965,-0.25168374,0.102049,-0.10186742,-0.111865014,-0.14873537,-0.29677972,-0.015143986,0.05249871,-0.062072814,-0.10597795,-0.283949,-0.094998606,0.37393892,-0.034143414,-0.13250117
LP9F_EMENI,0.1418287,0.20202163,0.12712726,-0.022785727,0.4331441,0.020432217,-0.05856649,-0.15431543,0.05147663,-0.28132236,0.16409586,0.061043926,0.090135984,0.06570888,0.023491655,-0.19760732,-0.05660037,-0.0010033807,0.035057507,-0.011451583,0.013975902,0.22166976,0.13310376,0.0076905596,0.15072046,0.07555353,0.08368523,-0.2975692,-0.13489032,0.28700307,-0.27172235,0.08584198,0.015082681,0.052592892,0.03946278,-0.09826101,-0.045614287,-0.15980616,0.12396104,-0.012550033,-0.1197627,0.17409354,-0.028762462,-0.010522422,-0.09483623,0.014649391,-1.3022032,0.28160757,-0.25963455,-0.06475828,-0.068126716,0.084157914,-0.10629825,0.09082625,-0.08242672,-0.3815919,0.1761468,0.007913853,-0.06424664,0.19037159,-0.058739226,-0.09710828,-4.661421,-0.25227275,0.13947977,-0.19447896,0.030062072,0.37810323,0.14391878,0.14146616,-0.10700554,0.1376367,-0.047651365,-0.10645557,0.20496015,-0.09213637,0.026481539,-0.05384855,0.09944642,-0.14798312,0.29707074,0.03924,-0.028507259,0.19067931,0.056905035,-0.03153065,0.18371555,-0.22352803,-0.068835855,0.040210582,-0.049131006,-0.075578816,0.06847309,0.17064129,-0.11215343,0.13552171,-0.014262065,0.006071945,-0.050899185,-0.15885332,0.16704887,-0.1587591,-0.09102594,-0.082871936,-0.122889325,0.03204432,-0.052982766,0.08941352,-0.13155894,-0.004099676,-0.13967879,0.07190584,-0.17604794,0.09657357,-0.107432984,-0.076847576,0.2608166,0.16688448,-0.12156874,-0.03491624,0.14944142,0.1000251,0.116980344,0.22446254,0.05481423,0.021815838,-0.01704702,0.051036995,-0.24802822,0.014473183,0.18219154,-0.17730626,-0.09509006,-0.17768396,0.20273286,0.13443834,-0.31454676,0.11729428,-0.14343889,-0.1931422,0.14256923,-0.0881126,0.10883176,-0.16483644,0.06454708,-0.20134048,0.18419479,0.10969416,-0.26449487,-0.04537204,-0.078051664,-0.13963397,-0.047623996,-0.18156797,0.08761677,0.07112715,-0.07393307,0.2182262,0.0023020997,0.15719701,-0.0722136,0.028408475,0.27149174,-0.16747601,0.09499985,0.0074926144,0.17090844,0.025818657,0.031210175,-0.048472058,0.06119954,-0.057290714,-0.029211055,-0.042024802,0.13577996,0.11863524,0.0672211,0.009933924,0.010201157,-0.15663023,0.27878684,-0.16569594,0.07720514,0.058589824,0.018392246,0.03489138,-0.07276064,0.4077922,0.2271009,-0.18548106,-0.14541115,0.00067858765,0.017171659,0.03822955,0.010866889,0.094939575,-0.24330203,0.057578553,0.23121436,-0.016795482,-0.23878318,0.26570928,0.19561125,0.1002754,-0.04176034,0.0921241,0.0076777856,0.27581796,-0.29994458,0.10714094,-0.057976678,-0.252014,0.015130568,0.030169832,0.083135545,-0.07261392,-0.054086447,0.0020346968,-0.10327079,0.17056598,-0.15207164,-0.16319855,0.18056105,0.078835525,0.0067806896,0.016130961,-0.17428565,-0.0019094069,-0.017677993,-0.21240401,0.11375973,0.005994653,0.07169199,-0.1247724,0.16866949,-0.053212993,0.20271546,-0.12884055,0.18287568,-0.063582346,-0.0035665717,-0.12527396,0.14110987,0.03956519,0.19286475,0.11926274,0.14447917,0.0089095095,-0.038212597,0.18942454,-0.039256632,0.12669274,-0.020906731,0.040853653,-0.105632864,0.2515269,-0.20041549,0.0671658,0.2608968,0.074539796,-0.15354405,-0.055120416,0.014413657,-0.06027776,0.20328484,0.33203498,-0.035416715,-0.15731646,0.35219905,-0.095653355,0.08549651,0.053463954,0.0989893,-0.07981664,-0.13316995,-0.11151245,-0.042228255,0.23604058,-0.12831704,0.088846914,-0.027273213,-0.16236897,0.29906282,-0.06438917,0.2920445,0.33075845,-0.02883955,-0.14516895,-0.099395946,-0.012473407,-0.11948414,-0.046592724,0.020329457,0.19752596,0.08308324,-0.06225564,-0.32889718,0.044826586,-0.14650953,0.14735712,-0.004102895,0.070864044,-0.026023129,0.1605224,-0.025895819,-0.32139328,0.0733704,-0.12607267,-0.15514533,-0.08785993,-0.010516161,-0.03391137,-0.048143104,0.041504342,-0.029468639,-0.37859157,-0.08995978,0.2406423,-0.08633005,-0.07624138
GUNA_BACPU,0.059032653,-0.066858985,0.07196698,0.12396889,0.36585405,-0.16034901,0.040087074,-0.14522523,-0.12142457,-0.13003047,0.22422059,0.115894265,0.1412576,0.09785667,0.24453467,-0.20312364,0.045030557,0.07546102,-0.11927144,0.08600234,-0.021700157,0.07411346,0.045725618,-0.08859146,0.015820889,0.12330109,-0.057383306,0.06639561,0.06289561,0.09519796,0.026771912,0.27833194,0.0425693,-0.031115891,0.0036474639,-0.17592673,-0.010619931,-0.033461787,0.17662454,-0.0326914,-0.16705588,0.0315741,0.13271898,0.14312162,-0.13137372,-0.05288922,-1.0795242,0.24771023,-0.17281021,0.09100955,-0.17013311,-0.07241257,0.061120026,0.06842411,-0.020611366,-0.17865182,0.20746584,-0.06164428,0.20526753,0.01258822,-0.008201242,-0.055236783,-4.8365445,-0.12116571,0.15815696,0.006608908,0.15399393,-0.0038908368,0.007414643,0.062906586,-0.081605665,0.13757488,0.040139087,0.24270101,-0.11000563,0.10280414,0.049310282,0.19772378,0.12692463,-0.071398936,0.1488182,-0.067671254,0.022431234,0.17230512,0.04543931,0.053427346,0.02905474,-0.0065183756,-0.051589206,0.048222102,-0.21254809,0.14298348,0.20846292,0.17630601,-0.0083385585,0.061063517,0.043267667,-0.05863634,-0.0153734,0.0053961533,-0.007700203,-0.0015415049,-0.22967155,0.07451527,0.014987727,0.038714644,-0.01601935,-0.012047226,-0.12666127,-0.102973595,-0.16867259,0.04334818,0.00244121,0.09096912,-0.13389759,-0.06552025,-0.097641595,0.19459167,-0.22904198,-0.043963965,0.026199631,-0.08184991,0.19185121,0.103021674,0.23709767,0.10480242,0.055406325,-0.048930388,-0.1309868,3.9416616e-05,0.13076334,-0.08523822,0.04539208,-0.13491848,0.33185035,-0.074283205,-0.20989288,-0.013086936,-0.1817494,-0.31039533,0.12973286,-0.14850006,0.024163432,-0.08500498,-0.021733986,-0.11508862,0.0032449411,-0.030123435,-0.17015187,0.18342334,0.02275693,-0.047276214,-0.32938516,-0.40049353,-0.016455602,0.024577511,0.047755104,0.17870528,0.006481657,0.108855754,0.031760994,0.15997566,0.14910121,0.058758445,0.064167276,-0.09373665,0.19065543,-0.06414622,-0.10039862,0.054452084,-0.01837759,0.10286686,0.19117124,-0.08199754,0.2705222,0.23897411,0.047032353,-0.12882122,-0.04969983,-0.007067298,0.17805804,-0.12664308,0.110330336,0.031792715,-0.14416635,0.01749898,-0.20121814,0.2799805,0.051545154,-0.015569075,-0.061323185,0.033216927,0.3066053,0.075061604,-0.034636196,-0.01076148,-0.053540904,0.0013108838,0.036832813,0.3230353,-0.05307345,0.16885161,0.1279549,0.16529387,0.027311955,-0.022232533,-0.08364388,-0.018152094,-0.0032827172,-0.08152007,0.120969795,-0.032489825,-0.13359666,-0.10173457,0.08246844,0.07357632,0.073456995,0.08301909,-0.049895234,-0.03996012,-0.26988012,-0.05218635,0.03803487,-0.022626374,0.07709402,-0.027011972,-0.12048294,-0.26126644,-0.010411822,-0.06883886,0.15364897,-0.13818014,0.013686028,-0.07347888,0.03132589,0.12216947,0.13922131,0.0265142,0.04593325,0.11620801,-0.07707455,-0.2226253,-0.09318377,-0.09798555,0.023297684,-0.11577995,0.2981365,0.11386271,-0.03686987,0.055683002,-0.07195362,-0.020784864,-0.16766803,0.030782936,0.045845963,0.20402059,-0.060487535,-0.046227504,0.16391575,-0.091730274,-0.06140021,0.013252619,-0.012433566,-0.043111965,0.059828755,0.13984834,0.098039314,-0.2868716,0.03598054,-0.12955938,0.038002096,-0.02630396,0.014714301,0.025887653,-0.069273174,0.031520236,0.060456004,-0.13153544,-0.035804972,0.006607962,0.03735661,-0.048826825,0.13726136,0.090259105,0.18072838,0.2103431,-0.05931294,-0.17859334,0.062062994,0.08952807,-0.10572964,-0.14694957,0.115215085,-0.0059905066,0.10575374,-0.0796084,-0.12505549,-0.09391036,0.012426642,0.09539091,0.06544064,-0.020410143,-0.042868514,-0.031644225,-0.00080237194,-0.0953633,-0.060192656,0.01923217,-0.088694155,-0.06763633,0.015389739,-0.05884432,-0.051137574,-0.11699985,-0.00932777,-0.17475252,-0.13127437,0.19466004,0.00012139365,-0.0769518
EG5A_PHACH,0.049079522,-0.11229631,0.06649329,-0.09016757,0.17901295,0.017806921,-0.16262135,-0.11144548,0.05286512,-0.09992686,0.074328676,0.09352715,0.09119439,0.06938836,0.17677179,-0.015540718,-0.0060639405,0.07530625,-0.2054169,-0.08662337,0.0061326837,0.22403392,0.023339886,0.04647259,0.24556091,0.24558258,0.059246954,-0.31681418,-0.17032991,0.2930064,-0.29388845,-0.04649118,-0.16842133,-0.017829388,0.100471966,-0.07585729,0.06680627,-0.09630327,-0.03326376,-0.022985874,-0.07773314,-0.040861115,0.10711786,-0.09186433,-0.18006238,0.0431792,-0.70670056,0.04287758,0.029667195,0.0022717433,-0.06378687,0.098879784,-0.22796372,0.009165314,-0.0027728246,-0.24477893,0.32124946,-0.15590017,0.16707139,0.23727842,0.0703806,-0.17194854,-4.2219114,-0.30315587,0.23740697,-0.27155536,-0.010187663,0.23794654,0.06535777,-0.045054033,-0.16458845,0.27422255,-0.0074882065,0.032701813,0.23317766,-0.12574829,0.052196592,-0.020012824,0.030458083,-0.038913146,0.13441946,0.094866686,0.021934927,0.19235444,0.11565276,-0.07380236,0.21593507,-0.22690433,-0.027641186,0.16754481,-0.12778774,0.12709348,0.16121888,0.0696571,-0.26681417,0.19224413,0.14261901,-0.05742085,-0.322857,0.032548614,0.11982352,0.027873531,-0.07851053,-0.1129659,0.04859731,-0.17006223,0.022025729,-0.12677708,-0.03912216,0.1253683,-0.16753332,0.09105505,-0.08108143,0.0055360966,-0.06368899,0.03596155,0.14223757,0.13334157,-0.13791984,-0.114892416,0.07043787,-0.008719057,0.09967623,0.21208328,-0.00228873,-0.00054632744,-0.10295658,-0.06334309,-0.28254402,-0.034507193,0.26379624,-0.20862292,-0.047293276,-0.2894664,0.39988098,0.26125205,-0.149587,0.382142,-0.17389259,-0.04380532,0.17985845,-0.12818572,0.13973449,-0.17675947,0.025336394,-0.29420623,0.0812181,0.20643707,-0.34109542,0.048972268,-0.06389259,-0.060519475,-0.2854833,-0.06764264,0.15473588,0.15719713,-0.16354394,0.25774363,0.021597762,0.08605847,-0.0505197,0.10321263,0.09362359,-0.26169765,-0.021008452,0.10823603,0.06313615,0.046531707,0.12623018,0.023144262,0.3760162,-0.05266642,0.19762191,-0.076052785,0.2704352,0.11683739,0.12170982,0.005170011,0.08578005,0.066550195,0.26498154,-0.15295593,-0.118211076,-0.021451263,-0.0955822,0.24896178,-0.2388207,0.5173343,0.099147156,-0.26908764,-0.10939843,0.09399667,0.16367754,0.14404057,0.119125485,-0.043050177,-0.1674945,0.055394694,0.27597517,-0.19015644,-0.13378419,0.088020734,0.049253043,0.15801191,-0.13326964,0.15400413,-0.2502008,0.30398098,-0.22442344,-0.07975162,-0.017868934,-0.15431,-0.1522485,0.094358206,0.14319608,-0.050440714,-0.057318814,-0.006310652,-0.15706177,0.08804835,-0.24458097,-0.17338899,0.09336903,0.054267857,-0.03551511,0.1112361,-0.18845373,-0.07879108,0.010465656,-0.19161767,0.016454201,-0.13344643,0.06894911,-0.19353412,0.17139584,0.115464754,-0.006173414,-0.1475641,0.09778657,-0.03625943,-0.098424576,-0.18758707,0.05582323,0.013764561,0.015783824,-0.113184705,0.08697405,0.05136101,0.063518405,0.08261397,0.024551915,0.15578614,-0.07257885,0.047167614,-0.05257853,0.2814238,-0.203466,0.122169115,0.036460143,-0.027298082,0.03728611,-0.0967181,-0.032476343,-0.11569841,0.17189106,0.20557828,-0.14780599,-0.127959,0.1986487,-0.1253722,-0.05328675,-0.01286928,0.005879591,-0.11747292,-0.090162024,-0.038082913,-0.0487002,-0.1599556,-0.014358732,0.14788824,0.0247037,-0.049734406,0.0627599,0.026028316,0.23827031,0.3233582,-0.054897707,-0.21947746,-0.048113257,0.20240796,0.092997424,0.038109977,0.05955644,0.29612133,0.08677944,0.12600537,-0.24203368,0.1309742,-0.050532293,0.0892544,-0.1179071,0.07772019,0.058712117,0.13489212,0.012922648,-0.2737234,0.039980616,-0.15371786,-0.1746479,-0.124211304,-0.21457517,-0.09746506,0.081590496,0.028322106,-0.13957438,-0.29147798,-0.11867964,0.42568925,-0.18346994,-0.047492478
CEL7A_THET4,0.16986825,0.19072293,0.09840917,0.05343298,0.25127006,0.066690095,-0.052462526,-0.21101956,0.06540512,-0.27710956,0.23370034,0.18270376,0.115609035,0.017522244,0.08139107,-0.19200996,0.036803402,0.06653967,-0.026089365,0.111881204,-0.016793314,0.19480358,0.047043137,0.01402794,0.19723576,0.13552983,-0.06546715,-0.31535026,-0.09339466,0.1299959,-0.23818548,0.033552118,0.096093826,-0.07014687,0.076594666,-0.04138109,-0.18258616,-0.15774202,0.16013382,0.059587065,-0.0890732,0.15902524,-0.03851683,0.07750538,-0.095649526,0.046300218,-1.3014566,0.1441503,-0.3021228,0.00050495594,-0.053987417,0.054561764,-0.085309535,0.039077595,-0.01989943,-0.2957386,0.17544077,0.07586109,-0.033291765,0.1648763,0.013591977,0.013444468,-4.8633275,-0.31257644,0.09868409,-0.18508635,-0.06331013,0.3523663,0.124412976,0.12399004,-0.19629496,0.15996967,-0.06634823,-0.18917781,0.16421124,-0.1410448,-0.02337143,-0.042103305,-0.11837174,-0.12944028,0.34009093,0.00042998252,-0.040682677,0.16471621,-0.04805234,-0.0060058683,0.10857482,-0.10097524,-0.13477296,0.16128884,-0.0062359874,0.013491191,0.067620166,0.14126904,-0.06944586,0.1062032,0.057428353,0.08619536,-0.026585476,-0.18353954,0.16976857,-0.13030513,-0.040582914,-0.021474903,-0.16952686,0.040384714,-0.06293988,0.021176897,-0.13075969,-0.082412034,-0.1372641,0.05072902,-0.12415481,0.11017279,-0.008955614,-0.1281733,0.2798274,0.07490368,-0.12671745,0.0955561,0.02406016,0.123610824,0.14845984,0.34288773,0.022437772,0.07775417,0.087488085,-0.0038532766,-0.27386394,0.04026567,0.103059135,-0.31901586,-0.18921697,-0.13278143,0.1688735,0.14994477,-0.24918425,0.18737747,-0.13780144,-0.09064369,0.2243783,-0.15979718,0.09596239,-0.027112035,0.046616852,-0.20982474,0.14180106,0.023797385,-0.22468495,-0.079222046,-0.058162164,-0.0007943406,0.0067914748,-0.29007202,0.038400695,0.013594018,-0.030558331,0.2692119,-0.048277102,0.18095474,-0.08530611,-0.046821922,0.16839856,-0.028324218,-0.028567996,0.048685245,0.15966034,0.013725808,-0.0059425617,-0.0249481,0.22589979,-0.0614366,0.14937775,-0.049917206,0.10340002,0.18879215,0.08477164,-0.06638302,0.021081716,-0.044782043,0.36792293,-0.14374083,0.028855281,0.028730158,0.028063871,0.00017833352,-0.14462674,0.41816947,0.18996698,-0.22338828,-0.11731336,0.01593704,-0.010832492,0.16005877,-0.0761034,0.050040234,-0.3184198,0.17266281,0.24494468,-0.07382437,-0.23050942,0.30785766,0.11269983,0.110936776,-0.064057246,0.12667957,0.04824015,0.3329416,-0.18492894,0.24679954,-0.09232873,-0.16124189,-0.06685659,0.058281355,0.04789963,-0.034229904,-0.07358142,0.06955693,0.011024407,0.10782017,-0.03902725,-0.21661155,0.10771554,0.10732034,0.0574141,-0.061163243,-0.2832797,-0.04761935,-0.124990106,-0.1578313,0.025453571,-0.040646106,0.07210955,-0.17666112,0.19716431,-0.026002971,0.05248796,-0.04251906,0.1925169,0.017419579,0.0051662684,-0.16938694,0.19156404,-0.05623101,0.16722052,0.13388745,0.089175835,0.11027845,0.015185561,0.16803664,-0.096437395,0.06880757,0.05467051,0.0075658434,-0.20791467,0.30529577,-0.19333364,0.022352492,0.16591579,0.18283716,-0.16008464,-0.016179277,-0.03976399,0.07051865,0.13568576,0.33852246,-0.095880926,0.005999477,0.29529136,-0.06934435,0.19530897,0.09340445,0.036984418,-0.11872303,-0.17780277,-0.06365437,0.066115946,0.114861295,-0.04344035,0.057487514,-0.016112838,-0.08117607,0.32497677,0.08580122,0.13647915,0.3970659,-0.036293976,-0.12307262,-0.17514075,-0.015037871,-0.008502217,-0.10873776,-0.023023123,0.24587086,0.042054716,-0.06749654,-0.33311436,-0.026546272,-0.17899692,0.108754955,0.033359617,0.044172272,0.006771421,0.10272609,-0.25085822,-0.40070468,0.052672308,-0.15157852,-0.065165535,-0.1036493,0.06738104,0.03988257,-0.084153496,-0.028584184,-0.04599379,-0.25715524,-0.16149047,0.13655873,-0.031866036,-0.12406232
GUNA_CELFI,-0.03864108,0.05916617,0.051757395,-0.03388016,0.21356401,0.078707255,0.06190428,-0.10899147,0.06784736,-0.08473935,0.024233507,0.11480241,0.07295223,0.07313145,0.264025,-0.033366904,-0.039432004,0.033899646,-0.27688363,0.15261295,-0.08372315,0.22243373,-0.0038021621,-0.116267964,0.24469955,0.16801473,0.017025081,-0.29879886,-0.14532208,0.07592396,-0.20604047,-0.17211917,-0.22949483,-0.011604166,0.15711008,0.060746104,-0.089197315,-0.09701855,0.061032817,-0.015946152,-0.030676,0.02081967,0.07784113,0.009899509,-0.069071375,0.06760362,-0.6654677,0.057245046,-0.07645264,-0.05955303,-0.18018016,0.15172149,-0.19340982,0.044653002,0.061022557,-0.23489395,0.17528358,-0.13093512,0.10683456,0.23625079,-0.06579812,-0.11367978,-4.4816437,-0.39128438,0.12981269,-0.25714427,-0.058293775,0.39936304,0.103929386,0.1533062,-0.02742764,0.23828183,0.05740903,-0.08563995,0.15055726,-0.1955711,-0.011168082,0.10918878,-0.051154092,-0.11899603,0.18826994,0.08901754,-0.01584599,0.13211401,0.08174326,-0.13387838,0.23825294,-0.14318402,-0.10817313,0.15560736,-0.07014756,0.19209903,0.07252055,0.07583479,-0.16746457,0.15777276,0.031462677,-0.011555845,-0.2327082,0.019616256,0.23367694,0.093932904,0.049502347,-0.114301614,-0.18485737,0.007836126,0.005121206,-0.086277775,-0.04308769,-0.08586796,0.043798372,0.10233821,-0.06573779,0.13304766,-0.086200096,-0.19137019,0.18734653,0.1711377,-0.0784787,-0.073007695,0.08605154,-0.037015792,0.14802103,0.3765801,0.02008722,-0.070633896,-0.033723168,-0.10795337,-0.12984234,0.023690581,0.11700395,-0.2525212,-0.21327412,-0.26117042,0.25361085,0.114808254,-0.22275813,0.17422996,-0.0432937,-0.009099061,0.14948347,-0.1024131,-0.0008918203,-0.014339065,0.0049475976,-0.22871777,0.04642749,0.20231164,-0.17988478,0.1240894,0.032232072,0.03745589,-0.111134425,0.039741315,0.10442315,0.11701424,0.052947354,0.19094327,0.0040776036,0.16690093,0.027252965,-0.008428665,0.07986506,-0.11076683,-0.0008620222,-0.0013665985,0.044276536,0.10278941,0.07936247,0.103101425,0.31103882,-0.0860492,0.31096616,-0.11009872,0.19936197,0.044156298,-0.06420663,-0.09320804,-0.035746023,0.14149566,0.37275198,-0.0829075,-0.09751697,0.08410067,-0.029927807,0.16793402,-0.104968324,0.34640178,0.08528794,-0.26348242,-0.098361485,-0.015379014,-0.00044716964,0.12093439,0.10915558,0.016224664,-0.27878937,0.12712197,0.15935518,0.006700753,-0.41722503,0.08060455,0.0138396155,0.21109429,-0.0586715,0.083230615,-0.15421544,0.66674113,-0.14858079,-0.01200796,-0.16669573,-0.0660844,-0.1556419,0.0012072079,0.14900444,-0.0024193597,-0.012024323,-0.021355031,-0.035382185,0.21890688,-0.18853296,-0.21909732,-0.043041114,0.16206288,0.05940237,-0.07564685,-0.18036377,-0.13056394,-0.033208203,-0.17182502,0.11989045,-0.0660733,0.08368688,-0.0393264,0.35478207,0.073470764,-0.12195182,0.008180983,0.15726113,-0.013363828,-0.053138852,-0.175401,0.14005947,-7.028009e-05,0.09050634,-0.016341604,0.12746291,-0.019449739,-0.07796949,0.07481664,-0.1037444,0.050595872,-0.10295129,0.01378237,-0.05031003,0.47867087,-0.07791998,0.09764483,0.0038093938,0.08047614,-0.054787528,0.088601366,-0.068689056,-0.0069350116,0.29167444,0.22594595,0.017373016,0.049386878,0.108855516,-0.18505514,0.08867658,-0.07890731,0.035780456,-0.2455151,-0.21261525,0.11124735,-0.06600558,-0.05926522,-0.11396245,0.09007464,-0.045409862,-0.114541866,0.03941521,0.038612273,0.19060376,0.32385045,0.028380785,-0.157385,-0.2354813,0.14029089,0.029196015,-0.021613646,-0.066375315,0.054963898,0.013529546,0.072963126,-0.16105793,0.0764666,-0.16609801,0.047582537,-0.09704203,0.0849099,-0.11677803,0.17881164,-0.02415387,-0.37342012,0.05163665,-0.21461572,-0.07766223,-0.17623803,-0.14605267,0.12904426,-0.15591341,0.041256983,-0.08279827,-0.4200996,-0.24706526,0.25837612,-0.1677194,-0.17497343
GUNA_RUMCH,0.06769177,-0.11849252,0.056923848,0.061356287,0.1510455,-0.05913179,-0.08571505,-0.110410884,-0.09483136,-0.11419078,-0.022576543,0.11678855,-0.12048817,0.11700679,0.117284656,0.014752757,0.067251675,0.049707543,-0.14273328,0.075790614,0.08352802,0.11289653,-0.012869101,-0.005507373,0.054763217,0.09885006,-0.057103563,-0.18002479,0.012594148,0.24232765,-0.16144335,0.44228965,0.046116706,0.06576165,0.060482968,-0.132537,-0.11768338,-0.020541005,0.067252755,0.097096056,0.061328232,0.046034925,-0.014375041,-0.06556224,-0.07913712,-0.06581569,-0.97442627,0.09405474,-0.070908256,-0.0136919785,0.04908701,0.0037474893,-0.04185968,0.108191065,-0.15343288,-0.25604615,0.33137238,-0.17125194,0.3071024,0.11539837,0.04324381,-0.18555711,-4.100147,-0.21099387,0.23347853,-0.071313486,0.16316563,0.1669437,0.02586711,-0.073189266,-0.09777841,0.17863613,0.111959,0.18500488,0.1409938,0.11444693,-0.044631336,0.040711585,0.012802928,0.0057029356,0.12854046,0.12218315,-0.036385033,0.1847974,0.15110439,-0.047456,0.12103525,-0.2797771,0.09588348,0.058652364,-0.12761337,0.047377862,0.26128003,0.09187982,-0.20172676,0.11151155,-0.10018687,-0.09010552,-0.22140409,-0.046604067,-0.011424183,0.072944775,-0.11926102,0.0010998184,0.019362532,0.023064107,-0.052537426,-0.11566101,-0.10791817,0.0333786,-0.17400563,0.017316442,-0.056778956,-0.032691244,-0.08044805,0.050609212,0.051303044,0.19106549,-0.06307393,-0.16849369,0.07300411,0.077754244,0.039311897,0.03611883,0.20683385,-0.10695089,-0.074314535,-0.13490672,-0.25201792,-0.07824807,0.21975113,-0.13232476,0.06888791,-0.27825186,0.36828494,0.13775168,-0.17559254,0.17082685,-0.35646826,-0.3272841,0.16925107,-0.19769654,0.09005918,-0.012856386,0.032173913,-0.1961427,0.09429626,0.18495496,-0.08945867,0.1707684,0.024174929,-0.084477626,-0.4203942,-0.06305899,0.19168779,-0.00163389,-0.1318919,0.2652866,-0.0061540245,0.09146938,0.10660117,0.09801023,0.16873331,-0.052090157,-0.14669056,0.036620267,0.09148916,-0.042087857,0.033443082,0.046599124,0.09092132,0.008128885,0.29475352,-0.14710458,0.03044356,0.29104492,0.14133365,-0.084829845,-0.07228098,0.052208804,0.095126905,-0.19022812,-0.051660776,0.012922615,-0.11738503,0.19511276,-0.18608147,0.43588376,0.07551215,-1.897952e-05,-0.16763332,0.00683889,0.25392538,0.08713053,0.20933037,-0.16201857,-0.19907525,0.080537364,0.06416067,0.023844505,0.022405542,0.15423535,0.019227937,0.21456166,-0.027855271,0.064729184,-0.23074774,-0.09271155,-0.16552822,-0.2230691,0.07414475,-0.08055946,-0.0769973,0.050187528,0.06631953,-0.12933998,0.014748137,0.03442196,-0.11101216,0.050003335,-0.22110578,-0.08665023,0.12371739,-0.0068528918,0.021290995,0.06075344,-0.22216518,-0.06774376,0.029523171,-0.093878016,0.1581453,0.018892173,0.13196704,-0.06988692,0.19823693,0.0035451064,0.03840479,-0.034260564,0.08625253,0.058465477,-0.013273279,-0.19562714,-0.025467789,-0.04998153,-0.09269271,-0.13294576,0.18462943,0.07419958,-0.044331916,0.009120657,0.014505458,0.082022116,-0.07861842,0.14705656,-0.045797344,0.14895064,-0.16521126,0.035106048,0.14266409,-0.08165304,-0.03882948,-0.21191671,-0.053545907,-0.063664064,0.103568956,0.2075949,0.025530748,-0.24844943,0.1290568,-0.027074192,-0.12739488,-0.06358237,-0.050725814,-0.21504736,-0.0014876781,-0.00236034,-0.012999309,-0.16775778,0.046289474,0.04411471,-0.024364743,-0.052875713,0.079622865,-0.099134274,0.1398102,0.27803645,-0.003595896,-0.09229928,0.09312087,0.10192446,-0.023817655,-0.07981482,0.021837603,0.20579912,0.084887564,0.06420127,-0.13274339,0.042008318,0.041559543,0.07222017,0.014863782,0.007971821,0.10008741,0.11942321,0.037385527,-0.11370217,-0.0126343705,-0.00627169,-0.00753774,-0.19998156,-0.24951035,0.06972766,-0.052329537,-0.06633041,-0.03988627,-0.1999275,-0.17402236,0.289758,-0.055906564,-0.026034625
XYNA_GLOTR,0.08168878,-0.076339416,0.09296593,0.013218525,0.17569812,-0.055608414,-0.11160547,-0.17508486,0.0063580577,-0.16399188,0.0173145,0.11431548,-0.05827137,0.0374778,0.020414425,-0.08020877,-0.029209677,-0.11214551,-0.04224319,-0.00324458,-0.009838191,0.1406632,0.047780246,0.06954926,0.06680576,0.25016943,0.029796503,-0.18375808,0.0069426983,0.104612134,-0.1774476,-0.0018936066,-0.160347,-0.028322063,0.08374608,-0.19439305,0.07442878,-0.09824826,0.21558398,0.029186165,-0.023303319,0.09252528,-0.0028686156,-0.0030271716,-0.055780903,0.15998477,-1.1285269,0.20267665,-0.15462807,-0.039980624,-0.0815815,0.09770009,0.030792916,0.058664747,-0.13471462,-0.26864433,0.10835623,-0.045908082,0.07862759,0.08406909,0.006994704,-0.15228304,-5.1098332,-0.13415803,0.006724988,-0.067546934,-0.0045248903,0.24192181,0.03790538,0.09337436,-0.14136742,0.119840875,-0.0375327,0.18991937,0.043220427,0.042468086,-0.018684534,0.04089023,0.025830885,-0.007047013,0.24411733,-0.016506527,-0.0033154793,0.10700049,-0.007628225,-0.25279227,0.123844095,-0.11985796,0.13271727,-0.027778884,0.0011084143,-0.0825303,0.1532579,0.1851699,-0.0721612,0.20626971,0.017794818,0.070390336,-0.0720908,-0.22181846,0.064031094,0.08546151,0.017222375,-0.003969631,0.015284774,0.084543735,-0.037631493,-0.025929233,-0.09420105,-0.1095806,-0.10160502,0.16062468,-0.0593033,0.10963976,-0.07198599,0.114330806,0.14081693,0.08144749,-0.24491082,-0.03802003,-0.10264206,0.049457833,0.11524454,0.09368911,0.09998527,-0.054200336,-0.07535879,0.0238691,-0.27008832,0.063831,0.06405041,-0.1314383,0.004020871,-0.054050792,0.17364417,0.047159318,-0.19059005,0.053133525,-0.006796634,-0.11661255,0.18247673,-0.2236073,0.05482121,-0.058134314,0.01036368,-0.067191884,0.059944674,0.09395078,-0.30233446,0.15519595,0.0049980753,-0.13235262,-0.13771456,-0.07541872,-0.046407863,-0.05789556,0.005512958,0.20040895,0.003584149,0.21714367,-0.051724087,-0.0012953401,0.041183557,-0.035704594,-0.00059414894,-0.11794315,0.09211625,-0.06956225,0.12625416,-0.014567898,-0.03518665,0.05653843,0.054170944,-0.074983105,0.07605146,0.23932473,0.1712,0.027895205,-0.123685144,-0.090839975,0.2177874,-0.30345228,0.0738893,0.027692867,0.004462744,0.21531984,-0.21482934,0.23169819,0.02705395,-0.11365803,-0.00410065,0.14628853,0.086928286,0.18323,0.12249399,0.08693244,-0.07541354,0.0909356,0.09715896,0.1902918,-0.16614607,0.047608756,0.21757665,0.18971813,0.06215428,0.06101228,0.03736462,0.10260799,-0.10279318,0.0072447974,-0.049144104,-0.22129165,-0.090846896,0.14335202,0.07220638,0.10998161,-0.0044901827,-0.08534205,-0.004103308,0.005409422,-0.13120392,0.023461279,0.18882942,-0.02561244,-0.069991246,0.046872504,-0.21138902,0.02793904,0.092871025,0.022905177,0.17232868,-0.061040062,0.124941945,-0.025846876,0.13437514,0.07400186,0.08699591,-0.11941212,0.23549876,0.02193206,-0.10337555,-0.09607453,-0.05422852,0.061120745,-0.060826782,-0.028767467,0.29312563,0.07918636,-0.031306505,0.034520585,0.06024732,0.020761484,-0.10779561,0.0034222272,-0.07940428,0.21866806,-0.2807198,0.14620778,0.20128913,-0.087546036,0.07953412,-0.01214855,-0.0005214734,-0.076567724,0.102180704,0.048827637,-0.0052558943,-0.21855427,0.2257839,-0.047295224,-0.0687379,-0.0017410364,0.08674091,0.0713704,-0.09252047,-0.018131487,-0.14620264,0.073466696,0.026284203,0.14594275,0.015170766,-0.05531388,0.19421925,0.13851027,0.34454948,0.24123074,-0.13871863,-0.07782255,-0.068043925,0.018102665,-0.12108241,0.008957895,0.21577655,0.13782398,0.10097705,0.05121694,-0.18549912,0.013374904,-0.27799562,0.13822511,0.0404819,-0.023870671,-0.15716918,0.19376755,-0.042243615,-0.19239463,0.0500179,-0.19512425,-0.19462433,-0.054480247,-0.18490395,0.031201666,-0.027565163,0.044698972,0.13766564,-0.17946681,-0.1864957,0.23364498,0.051325843,-0.0020563868
GUNI_ACET2,-0.009940507,-0.018235853,0.04022258,0.16212231,0.43316284,-0.06766053,0.13364725,-0.0816508,-0.111000456,-0.12690218,0.22346357,0.19041872,0.025340535,0.13352747,0.24325445,-0.1869273,0.078310974,0.003896327,-0.18547551,0.16414154,-0.04079052,0.12103486,0.055714075,-0.1791276,-0.020546705,0.17130181,-0.04572832,0.0017244641,0.08603381,0.13965349,-0.06386324,0.39320728,0.045652132,0.1564874,0.053934168,-0.065541305,-0.1191018,-0.054732926,0.1348867,0.06621959,-0.045807786,0.11680946,0.036295846,0.14210118,-0.05674185,-0.042868957,-1.1448911,0.22268982,-0.14909941,0.097150765,-0.10269313,-0.074157245,0.04963001,0.025478974,-0.059485674,-0.2653399,0.22070235,-0.0522342,0.27283594,-0.003145852,-0.002090784,-0.099437565,-4.698518,-0.20979825,0.17442235,-0.0006216101,0.0628313,0.122632354,0.0062338957,0.052240916,-0.10786883,0.18909597,0.03549595,0.15633021,0.017045712,0.086582035,0.04764266,0.09618585,0.12242283,-0.094095126,0.18133084,-0.029272854,0.010413829,0.23011528,0.13892472,0.026144616,0.045072988,-0.05606812,-0.047929946,0.050514143,-0.18564624,0.10891918,0.211926,0.08220107,-0.044453226,0.055288915,0.009096652,-0.09657582,-0.030294565,-0.12099084,0.09991205,-0.021299092,-0.21277577,0.1722777,-0.14106335,0.07986344,0.03637102,0.039232437,-0.16264784,-0.07707402,-0.14006077,0.014804713,-0.08488153,0.112905085,-0.10903695,-0.12630399,-0.022561923,0.20063646,-0.14485009,-0.1405211,0.10293087,0.07099258,0.19812137,0.07662855,0.16732112,0.03499669,0.078152545,-0.030226322,-0.14517033,0.109034516,0.117018275,-0.09155516,0.008367495,-0.1877369,0.3551306,-0.014087284,-0.25969583,0.06612318,-0.22722921,-0.3806377,0.12349556,-0.17014271,0.021925343,-0.09996224,-0.012940565,-0.1679605,0.015538882,0.054004718,-0.07936887,0.11638429,-0.037384793,0.0014859892,-0.2231983,-0.30515707,-0.08572467,0.020307912,0.0010533199,0.19505495,-0.012311498,0.17038994,0.07270721,0.21886612,0.1184842,0.0858164,0.009157979,-0.04698764,0.10710737,-0.069812134,-0.09910322,0.025370818,-0.0021852916,0.015165674,0.20311551,-0.14856903,0.12069197,0.25227866,0.052054897,-0.1704706,-0.06416215,-0.030889973,0.20127337,-0.1767603,0.14127278,0.07220899,-0.15136667,0.09792232,-0.25094122,0.3066056,0.08883459,-0.07183344,-0.092086755,0.016811242,0.11601603,0.09104768,0.033825867,-0.07114412,-0.14830619,0.04000907,0.042467933,0.24642059,-0.15323377,0.19938874,0.020369595,0.18549407,0.004275294,-0.019031156,-0.06850994,-0.00363323,-0.081026144,-0.19668128,0.05230223,0.031082423,-0.083768286,-0.043848135,0.054801844,0.05899177,0.07053229,0.010220846,-0.042837147,0.04365873,-0.22642356,-0.0909856,0.03847335,-0.04200442,0.15310676,-0.1673234,-0.19526342,-0.17889836,0.022377843,-0.13945778,0.115087025,-0.0468372,0.052216582,-0.060586765,0.11989204,0.077366136,0.0763924,0.054064736,0.10665524,0.122283764,-0.09731237,-0.2458757,0.007268185,-0.0498692,-0.03988888,-0.053321864,0.26550272,0.057451285,-0.11253472,-0.027960815,-0.067390576,0.07111421,-0.12838008,0.0153965615,-0.020519715,0.22953546,-0.045853768,0.008824791,0.18721962,-0.043555863,-0.0727049,-0.020023108,-0.0828911,-0.041757204,0.16589424,0.20432706,0.096342966,-0.2163458,0.086915,-0.014872616,0.0811605,-0.005592213,-0.05724919,-0.072703,-0.05065125,0.14553791,0.033620395,-0.13226122,-0.024909547,0.011966953,-0.0136105735,-0.07118899,0.13336366,0.020786295,0.16290027,0.21227598,0.0009309401,-0.106943324,0.0747909,0.09310919,-0.18133192,-0.15111488,-0.011745239,0.04490717,0.16473427,-0.073329195,-0.13424098,-0.069723815,-0.067888685,0.08933772,0.008829366,0.025186896,-0.071217805,0.035969,-0.022392368,-0.097701594,-0.025619643,0.0031832024,-0.072195016,-0.062871486,-0.05667208,0.07090181,-0.10078861,-0.16044337,-0.029481027,-0.2494835,-0.14521006,0.17237258,-0.052120894,-0.08606515
GUN6_HUMIN,0.024159502,-0.121726476,0.09183059,0.013129349,0.089756705,0.057707056,-0.05643494,-0.18691446,0.13061453,-0.15629089,0.074265294,0.1608646,0.05396048,0.075447306,0.1752586,-0.014739801,0.10363892,0.084938236,-0.03975457,0.0723903,0.04589362,0.1724092,-0.13086751,0.021534199,0.16982557,0.1358734,-0.02357613,-0.24199833,-0.10001051,0.16559012,-0.27153057,0.03358365,-0.07234047,-0.20288701,0.14886881,-0.07132555,0.046161067,-0.146187,0.12948425,-0.011890308,-0.07667897,0.038529918,0.049495757,0.044705536,-0.08418606,0.01662461,-1.0106628,0.07285805,-0.020499784,-0.03668856,-0.029015416,0.035154894,-0.080657914,-0.054112907,-0.097242974,-0.22937945,0.271581,-0.15259866,0.18135975,0.17823027,0.029066944,-0.14422938,-4.9105244,-0.29533038,0.16293262,-0.16537566,0.10990859,0.12675016,0.0703828,0.048520308,-0.1261006,0.18930595,0.020810438,0.0754079,0.03752718,-0.038814444,0.06254909,0.21703151,-0.09718311,0.040459726,0.08834897,0.043196682,-0.03479816,0.18866882,-0.02698023,-0.15517484,0.21081957,-0.14850147,0.032675177,0.14059661,-0.020732434,0.028314542,0.2326872,0.22500195,-0.1773496,0.04612078,0.035096437,-0.042266127,-0.22142805,-0.05698689,0.20556639,0.06628831,-0.058841042,0.0007874686,-0.02460777,-0.064810604,-0.050853044,-0.12530032,-0.07969544,-0.07584638,-0.029605767,0.042868547,-0.022645693,-0.01807744,-0.07083595,0.08479023,0.09865236,0.08711829,-0.029350339,0.042888865,0.041093335,-0.0049672187,0.16648607,0.21916468,0.08468061,-0.009068584,-0.06664983,0.007918257,-0.2716882,-0.09800492,0.23021236,-0.2869244,-0.06144176,-0.23083858,0.31676853,0.05129076,-0.09722488,0.279345,-0.18462463,-0.10870969,0.17292881,-0.25548345,0.106101006,-0.07768945,0.09663916,-0.21603306,0.038132995,0.05243008,-0.23699565,0.08616868,0.019858276,0.08349485,-0.30823302,-0.20733337,0.06516209,0.03858856,-0.07519362,0.2395044,-0.07804074,0.18989922,-0.061313555,0.050539076,0.09476158,-0.09142142,-0.040098865,0.053243887,0.04353696,-0.02098677,0.11298146,-0.0022492681,0.26123652,-0.10946533,0.2230407,-0.13456362,0.29331052,0.19388075,-0.031083532,0.014976886,0.09102264,0.050693892,0.25722542,-0.0760573,-0.07416273,-0.08293651,-0.06846604,0.2580276,-0.1985214,0.40011796,0.08653407,-0.094989374,-0.020160582,0.05650019,0.038690235,0.19996962,-0.031813584,0.046178527,-0.18591021,0.0549454,0.169533,-0.1256907,-0.16349049,0.26382035,0.14660074,0.20842087,-0.021057215,0.12088182,-0.12251908,0.14995633,-0.05164401,0.0523949,-0.076146275,-0.11607066,-0.10285297,0.09593015,0.12194884,-0.037690867,-0.06797579,-0.003824842,-0.030613523,0.10292885,-0.09153793,-0.106042586,0.105612986,-0.01653978,-0.0155338915,0.06720056,-0.14684059,-0.11398953,0.0063143787,-0.029511228,0.026177706,-0.07236215,0.041276164,-0.1325301,0.13593447,0.13461728,-0.027108435,0.0498754,0.108208954,0.059578072,-0.13421987,-0.20340975,0.052398555,-0.061368905,0.055268686,-0.059848927,0.26210046,0.10932404,-0.0061533833,0.11608872,0.092630126,-0.024084628,-0.009991284,0.11545156,-0.084861785,0.30326694,-0.1430209,0.055595763,0.020400053,0.043681372,-0.02193325,0.009888048,-0.06342635,-0.0017315728,0.05951609,0.17410938,-0.06709311,-0.1954095,0.15479515,-0.077687494,-0.029419351,0.060986426,-0.04699215,-0.055317596,-0.06359459,-0.058474455,0.004464599,-0.18888842,-0.018656608,0.0651884,-0.07302762,-0.03038825,0.07195661,0.086889826,0.19364707,0.50687516,-0.062425554,-0.26013055,-0.09835238,0.14647533,0.08020625,0.07322168,0.065550216,0.06247032,0.054048534,0.052720025,-0.25723302,0.022078918,-0.05213628,0.02923471,-0.023982026,0.03625294,0.09416482,0.11392958,-0.13203323,-0.253986,0.007950759,-0.15424816,-0.120266944,-0.22205019,-0.1945796,-0.054943107,0.10557797,-0.042370122,0.026843363,-0.23632553,-0.1608585,0.26956078,-0.034192584,-0.10449033
GUN5_SALAG,0.21951188,-0.077519305,0.12164627,-0.048875473,0.2978652,0.08037814,0.0050932756,-0.02632456,-0.101276316,-0.16070347,0.106775254,0.11464564,-0.09640254,0.14678988,0.035868842,-0.18931141,-0.0015072775,-0.13525389,-0.04056527,0.0003349354,0.117765434,0.017371533,0.06067717,-0.0851199,0.20084518,-0.06460341,-0.010852861,-0.2865426,0.0062157097,0.24438673,-0.0833831,0.307776,-0.052489564,0.12758015,0.087652765,-0.08392968,-0.13550298,-0.056476347,-0.032513916,0.006988464,0.057485655,0.10923837,-0.15676889,-0.050147373,-0.10468057,-0.06673461,-0.9394241,0.06956829,-0.13275461,0.0046160305,-0.086705886,0.06012551,-0.022721337,0.21996744,-0.12624174,-0.28216946,0.3397361,-0.2482277,0.25452608,0.09991223,0.009375503,-0.07834131,-4.0594773,-0.17306316,0.20274365,-0.039119456,0.22616118,0.21498086,0.07663799,-0.045303203,-0.14275119,0.058164712,0.10981224,0.29307723,0.31770366,0.1904451,-0.12950113,0.040124565,0.053963903,-0.07757587,0.13233225,-0.024628239,-0.01886106,0.3168119,0.09771732,0.097637974,0.10600051,-0.41765592,0.0638246,0.021931408,-0.17165036,0.081711486,0.22908503,0.12451483,-0.13034698,-0.026271952,0.024913143,-0.19479114,-0.03248061,0.021059511,0.0051943916,0.08647197,-0.03137103,0.003578708,-0.15381853,-0.06472023,0.03258502,-0.049409654,-0.23765199,0.12897404,-0.16873206,-0.12000419,-0.037096746,-0.10594641,-0.1723178,0.09000016,-0.05217805,0.08779465,-0.01784484,-0.1688788,-0.024237609,0.080739416,0.06840276,0.16237246,0.113940805,-0.15258555,0.007325198,-0.03163497,-0.34122795,-0.20017853,0.19261897,-0.09933656,0.060004164,-0.19525495,0.3001647,0.07469792,-0.09145621,0.07510653,-0.23881656,-0.29803172,0.07457071,-0.06218591,0.11925882,-0.07150977,0.06263706,-0.1415884,0.13855171,0.15034819,-0.1058998,0.14519514,0.013038431,-0.07805461,-0.23223713,-0.22066566,0.03957148,0.010688646,-0.06573274,0.2714824,0.046569467,-0.015241554,0.018950164,-0.008270517,0.26539865,-0.24611066,0.08007942,-0.11092416,0.17317258,-0.01715939,-0.1721418,0.08520168,0.060633995,0.088459745,0.18771562,-0.060065456,0.021773562,0.26974344,0.22840224,0.045968756,0.02301113,0.08306473,0.20325042,-0.13009052,0.05613093,-0.012414126,-0.18657969,0.18892883,-0.15058024,0.33977664,0.14723104,-0.013980602,-0.06478567,0.08135136,0.09629926,-0.0018430592,0.0306202,-0.0038092628,-0.014365796,-0.054748964,0.07971958,0.14073569,-0.056425378,0.09854278,0.07301111,0.22346649,-0.05814957,-0.04008423,-0.19167799,0.007975825,-0.10129016,-0.19547364,0.024868434,-0.21576163,-0.0202255,0.05529213,0.14005688,-0.16046108,-0.008262432,0.055075545,-0.14678818,0.13726573,-0.205347,0.009792241,0.049975727,-0.0049317703,-0.0026357246,0.10105022,-0.21170253,-0.16579391,-0.11579208,-0.20977013,0.16515417,-0.026615977,0.0730855,-0.14868183,0.030968456,-0.038487665,0.14279461,-0.0048993854,0.012221672,-0.007894229,0.09474516,-0.12474563,-0.083254024,0.018853646,-0.016555525,0.051199462,0.15866569,0.061447132,-0.09037916,0.08607797,-0.2190924,0.049974106,-0.13527982,0.162752,0.020756237,0.21016583,-0.20152558,0.08318194,0.069475025,-0.21993764,-0.042675383,-0.11610312,-0.020830737,-0.100579865,0.09271274,0.2888893,-0.052146856,-0.20470297,0.02882764,0.032621402,0.0032504092,0.13739735,-0.0107426075,-0.21706988,0.11782373,-0.03739987,0.04179555,-0.04010496,-0.031436056,-0.060891498,0.19966355,-0.20261979,0.18182147,-0.08835324,0.1900541,0.22096343,-0.044072777,-0.052709904,0.14869331,0.09546649,-0.09303244,-0.11782009,0.06956038,0.17810255,0.17909408,-0.118796475,-0.19404942,0.15430826,0.008534306,0.0714396,-0.03985668,0.08476528,0.19538635,-0.034554306,-0.04200237,-0.011217853,-0.024915429,0.17200163,-0.017239166,-0.23566389,-0.08844108,-0.021935992,-0.06102671,0.023651585,0.09931297,-0.2069786,-0.025872204,0.18735738,-0.053466298,-0.172297
GUNB_CELJU,-0.06860084,0.12946582,0.09734021,-0.007125418,0.39944205,0.06584784,-0.04896153,-0.16341497,0.0944149,-0.028413318,0.28206506,0.28021085,-0.0011039638,-0.05683411,0.16661102,-0.11498015,0.09000424,0.026984822,-0.15291189,0.17446432,0.013467639,0.086420946,-0.061520193,-0.06331188,0.22769968,0.16096507,-0.047201358,-0.21825294,-0.13222836,0.07295057,-0.24106552,-0.11330759,0.12747459,-0.08721155,0.20156915,-0.031178324,-0.09862638,-0.1107597,0.059644874,-0.028912095,-0.12840141,0.072965704,0.24299182,0.17824182,-0.08165567,-0.028820254,-0.7212901,-0.06978533,-0.0072906343,0.09603625,-0.11993275,0.098124065,-0.15423983,-0.08770094,0.026937827,-0.32432172,0.15127876,0.025063006,-0.10587424,0.21406624,-0.0018478832,0.008180555,-4.5469637,-0.46521366,0.06185272,-0.3490397,-0.08796319,0.49370047,0.09347386,0.097974546,-0.06432006,0.2690288,0.01847552,-0.34096876,0.17305698,-0.23626971,0.14318767,0.04478511,-0.050876956,-0.12567316,0.40254673,0.08977409,-0.07560663,0.21706352,-0.05461355,0.0013728774,0.077057116,-0.056818936,-0.139638,0.1159457,0.08007443,0.06415941,0.0022712382,0.12994564,-0.21661267,0.032826852,-0.023178598,-0.097712345,-0.033581074,-0.19466177,0.2148087,-0.119625784,0.034624975,0.0091317305,-0.18687776,0.06596437,-0.09486864,-0.10299737,-0.06623237,-0.13252436,-0.020648941,0.18058503,-0.102641605,0.13259163,0.053609177,-0.1922518,0.35075513,0.09605738,0.09292496,0.1902488,0.004282798,0.085489005,0.11944889,0.39397722,-0.15528135,-0.015346235,0.08449144,-0.027908076,-0.24422374,0.00027035378,0.2727308,-0.32971108,-0.1894019,-0.31811026,0.22619942,0.06046841,-0.24506317,0.33695298,-0.17874996,0.017169388,0.028927606,-0.07934488,0.05870815,0.1334162,-0.0071090055,-0.2607477,0.038791355,0.13347001,-0.2302027,-0.067526795,-0.020458765,0.1616584,-0.011330435,-0.22329807,-0.023733612,0.055338547,-0.04705325,0.016736727,-0.08955422,0.20467478,-0.073013425,0.055953205,0.1580198,-0.093199395,-0.08303555,0.016275976,0.07220282,0.025135253,0.14119211,-0.045427267,0.46432045,-0.17424421,0.15854378,0.0811224,0.24214666,0.08541727,-0.077918746,-0.049108032,0.14860857,-0.077257596,0.29981932,-0.14354153,-0.1157749,0.04182204,0.021741593,0.16999507,-0.3435835,0.35356325,0.12430468,-0.17096703,-0.081261575,0.10976233,-0.3901293,0.13038768,0.03556051,0.15360983,-0.26052362,0.14004914,0.38808477,-0.16431393,-0.1581862,0.34826124,0.091697104,0.109624065,-0.22538824,0.15594968,-0.058459666,0.43082425,-0.013549201,0.05038158,0.0054814187,-0.15408124,-0.1864796,0.028554926,0.016715791,-0.0052429573,0.13233645,-0.05755835,-0.008402595,0.16578421,0.016957281,-0.2594579,0.17106354,0.07086433,0.10277886,-0.057783913,-0.4862631,0.05063023,-0.10452965,-0.15169173,-0.12436179,-0.004405025,0.0045881574,-0.22422041,0.3155599,0.105878554,-0.1258955,-0.0044052526,0.12884809,-0.02864568,-0.030561697,-0.11962866,0.17263709,0.013451488,-0.062570095,0.15236509,0.27499816,0.15214387,-0.11976502,0.09972272,0.03456927,-0.11727969,0.054030452,-0.021905055,-0.20267726,0.1776148,-0.12685598,0.15471865,0.05037732,0.22169474,0.024866166,0.042988945,-0.10061649,0.054072,0.17315038,0.20118147,-0.115867466,0.0365206,0.088815555,0.035781294,0.09966305,0.023660092,-0.011653034,-0.051957864,-0.17971791,-0.029842922,0.012649329,-0.15199123,0.04043295,-0.00048140614,-0.057253193,0.003914215,0.20103753,0.11024032,0.06598675,0.35812557,-0.012697592,-0.2773686,-0.14941826,0.009183657,-0.02019064,0.007527401,-0.22315305,0.22927222,0.11495431,0.0017451174,-0.2477718,0.052239943,-0.19830777,0.0819868,0.031563163,0.05651459,0.10867233,0.21712342,-0.2459056,-0.49014574,-0.07131858,-0.13774617,-0.11695348,-0.06372609,-0.043468025,-0.056974135,-0.065744296,0.088413365,-0.24493687,-0.22604097,-0.1864547,0.2986622,-0.14821677,-0.09684716
GUNA_CALSA,-0.067625195,-0.063304506,0.04576523,0.14528772,0.3886047,-0.0012031421,0.08312495,-0.16247585,-0.08170023,-0.009989798,0.31454688,0.14936244,0.043879814,0.16362506,0.22279017,-0.21088286,0.03439127,-0.030420307,-0.25980917,0.10599433,0.021571353,-0.06290886,0.016650992,-0.14167234,0.11128858,0.0747425,-0.17582613,-0.010266859,0.06457476,0.06281032,-0.02735913,0.25552946,-0.16518608,0.22362721,0.101371445,-0.091359824,-0.02813293,-0.02416012,0.020221423,0.059244294,-0.04901117,-0.0224412,0.03518737,0.08184092,-0.031366467,0.07622387,-0.9652173,0.1714213,-0.10011214,0.0075786207,-0.1076659,0.041902732,0.09542386,0.084114365,-0.07131821,-0.21089631,0.26651043,-0.08786036,0.13829887,0.054282326,0.06499726,-0.0005755685,-3.750132,-0.31070787,-0.033758104,-0.04422909,-0.02459274,0.29032284,-0.027543709,0.038871996,0.057630066,0.1955563,0.06894295,-0.026849318,0.07362298,0.040587455,0.09111029,0.1310583,0.15010442,-0.18327829,0.15102483,0.112782605,0.03152209,0.16119827,0.08330585,-0.0055331015,-0.010619644,-0.07484126,-0.051075246,0.100651614,-0.30953974,0.27398312,0.09800465,-0.0046294965,-0.09827331,0.076055005,-0.03304459,-0.16038921,-0.021978322,-0.09561759,0.14003177,-0.032408454,-0.12145235,0.015305936,-0.3334225,0.03897676,-0.18260932,0.09278748,-0.20202059,-0.18073586,-0.18010943,0.1839948,-0.023129169,0.20055437,-0.031502903,-0.16659018,0.018397566,0.18218389,-0.12331264,-0.013624381,-0.0071121845,0.051578846,0.10891408,0.2570491,0.25193605,-0.02107535,-0.020924775,-0.08645634,-0.03185187,-0.10302234,0.030538768,-0.15502194,-0.13781449,-0.20216449,0.4610371,0.09154539,-0.16740283,0.22430804,-0.09239486,-0.22315624,0.16737092,-0.11552384,0.0052825958,-0.09799921,-0.02673598,-0.3526007,-0.078995645,0.088166825,-0.06417056,0.19994506,0.02395379,-0.08575219,-0.30036247,-0.13723622,-0.16285184,-0.056370124,-0.0088005215,0.16938198,0.12979296,0.11527954,0.007806292,0.1395689,0.062039502,-0.026645549,0.008579528,0.059026513,0.18344012,0.018504264,-0.18826634,0.11936462,0.1753149,0.03342264,0.17407258,-0.009740457,0.07089687,0.2140806,0.02754564,-0.1190134,-0.056997135,-0.10243828,0.22574988,-0.21785568,0.021905059,0.12400147,-0.1585842,-0.03590083,-0.12802815,0.43070826,-0.076203644,-0.0011917213,-0.24279046,0.06874147,-0.2798981,0.10802217,0.076967336,-0.07751191,0.0009667855,-0.046074707,-0.00033194385,0.20262253,-0.15385841,0.046203155,0.12294978,0.20042343,0.056004018,-0.07350674,-0.16588528,0.08827162,-0.17518513,-0.3465298,-0.10554478,-0.06398852,-0.09624722,0.062626265,0.02912268,-0.093415804,0.09627552,-0.04189384,-0.14573655,0.1633889,-0.1987827,-0.153086,0.018192835,-0.0130403945,0.21991989,-0.19386846,-0.24895118,-0.03799576,0.00811575,-0.17991853,-0.065080926,0.008173812,0.029332435,-0.050595924,0.21548548,0.13570967,0.026413126,-0.009035899,0.13786364,0.13800873,-0.036454044,-0.15980808,-0.056518275,0.024298176,-0.08520691,-0.067918934,0.28977528,0.040069424,-0.07870196,-0.03953056,-0.021920802,0.080075905,-0.16733271,0.14545454,0.025667544,0.22339737,-0.018904712,0.104375616,0.10882951,-0.017572954,-0.12295784,-0.12321672,-0.17915553,0.035646603,0.18495816,0.20479105,-0.006093897,0.20793346,0.019947335,0.06708813,0.06484762,-0.06423194,0.14399616,-0.21597718,0.026622303,0.21898961,-0.0054110317,-0.090816,0.024283625,0.056352798,0.12336354,-0.214973,0.009149052,0.020166676,0.16496015,0.18838589,-0.033659905,-0.1812342,-0.04510308,0.07388808,-0.14997865,-0.12943143,-0.16947448,-0.016296644,0.18828109,0.047005545,-0.14512217,-0.007146282,-0.03388754,0.06903765,0.044648357,0.060338452,-0.033552997,0.012886251,-0.05638837,-0.15922417,-0.16050276,0.16539738,-0.043810006,-0.10054661,-0.0040141083,0.09592259,-0.22529757,0.0501694,-0.06415887,-0.14191948,-0.05607877,0.20390114,-0.022637628,-0.10488275
GUNA_FIBSU,0.103669345,-0.04049171,0.10239799,0.10521819,0.31255096,-0.16867211,-0.005594918,-0.17661053,-0.22875845,-0.053641476,0.18368518,0.15158536,0.118947424,0.11464184,0.22913818,-0.18312384,0.018277733,0.16378231,-0.19234684,0.08725994,-0.105922945,0.10911903,-0.01911526,-0.0980335,-0.032982077,0.17362021,-0.059804827,0.0463635,-0.028561324,0.10496727,0.016724575,0.17719814,0.063152045,0.042182896,0.035870068,-0.15203072,-0.14242862,-0.0665516,0.17533617,0.018193426,-0.18514395,-0.002539773,0.053462442,0.11233596,-0.057662886,-0.015125196,-0.89056706,0.23808716,-0.117547326,0.12771216,-0.12667258,-0.0923432,0.05807848,-0.041373648,-0.036424607,-0.22512327,0.15045089,-0.070470914,0.21660635,0.024330303,-0.08300934,-0.07657333,-4.7033644,-0.16061024,0.17895663,0.048446402,0.07877837,0.09928658,0.09539563,0.09655703,0.00091976754,0.09961498,0.053500563,0.14890032,-0.08215785,0.036733657,-0.03511197,0.21648747,0.17171805,-0.027071372,0.24653031,-0.12876748,-0.022920279,0.25731725,0.0814985,0.020427316,0.020048829,-0.03647522,-0.049531717,0.029080544,-0.16895285,0.10206963,0.19219545,0.099826835,0.032871917,0.017829916,0.053086367,-0.021259088,-0.04079664,-0.01519592,-0.0052178907,0.02063853,-0.19838713,0.066432945,0.00044918898,0.087023884,0.017472899,-0.005476553,-0.054821894,-0.13474767,-0.12872377,0.0542126,-0.037773434,0.104364485,-0.07139309,-0.11923865,0.0040897727,0.15829857,-0.28390214,-0.017109632,0.063421965,-0.08930364,0.13446431,0.22829477,0.17795937,0.08315859,0.06490086,0.02933825,-0.14463557,0.054314062,0.10201946,-0.06215288,-0.015231435,-0.25015748,0.3522734,0.014364662,-0.28446364,0.038511056,-0.1939027,-0.19924574,0.070629574,-0.11755311,-0.042589042,-0.022828417,-0.02748473,-0.13798152,0.047746763,-0.015267943,-0.14388426,0.175802,0.021668047,-0.06151562,-0.24815331,-0.29276448,-0.00015260217,0.0889264,0.0514643,0.1939843,-0.06850533,0.20278344,0.045728296,0.11519156,0.18066892,0.088008605,0.016758513,-0.07187888,0.23410836,-0.05108481,0.0034987188,-0.043203317,-0.016427614,0.13265787,0.26304215,-0.12201127,0.17237532,0.25228885,0.06965401,-0.20335697,-0.07438153,0.041565347,0.19935574,-0.1811537,-0.008480189,0.1089694,-0.1043805,0.08101362,-0.32215428,0.33347115,0.01795182,0.007682331,-0.043033037,0.07277933,0.29267448,0.10914975,0.06636125,-0.06449828,-0.06888291,0.077161826,0.047413904,0.22408213,-0.1425412,0.29697457,0.08718698,0.16504738,0.015125857,0.00019069084,-0.084528014,0.06403166,-0.003875065,-0.11409711,0.12656705,-0.07663452,-0.16427988,-0.072452426,0.078376174,0.026743775,0.12021393,0.014673748,0.008491289,-0.029364608,-0.3037395,-0.0085499985,0.03592221,0.03498815,0.04358915,-0.11956472,-0.12596576,-0.1750178,0.0073139453,-0.030346751,0.10434075,-0.14878494,-0.026779842,-0.081892,0.05076142,0.13999592,0.10574276,-0.007947561,0.09263718,0.09478096,0.031097433,-0.17830434,-0.07356624,-0.15382613,0.057380315,-0.16813536,0.32566106,0.08304986,-0.046140336,0.070833705,-0.10533018,-0.023989331,-0.17904831,-0.011986529,-0.0902188,0.17336363,-0.14547044,-0.04349462,0.24451227,-0.08744974,-0.109981574,-0.01876179,-0.057775434,-0.06553008,0.12044805,0.12214639,0.14137746,-0.24924412,0.11794316,-0.14064828,0.10514322,-0.075874515,-0.024290726,-0.04201262,-0.08163264,0.06398641,0.06152773,0.0038684495,0.013409974,-0.013842211,-0.04637775,0.021896543,0.15963827,0.020086057,0.1365152,0.14002167,-0.07094566,-0.19759367,-0.06333837,0.019978212,-0.09581,-0.1024963,0.025253065,0.033991527,0.07900896,-0.03384248,-0.08284721,-0.09945028,-0.0036854008,0.21171382,0.03196285,-0.033632014,-0.020636825,0.023880756,-0.010899114,-0.21504922,-0.030232076,-0.022116635,-0.12933673,0.046985663,-0.060910083,0.00013944237,-0.05674704,-0.12681971,-0.18402934,-0.25261736,-0.1811627,0.27674153,0.014598578,-0.093485974
GUNB_CLOC7,0.08759639,-0.059359122,0.08536079,0.043093055,0.19781287,-0.0043465886,-0.09020247,-0.11700112,-0.08656857,-0.12985635,-0.08475615,0.067685165,-0.09017371,0.11295315,0.15707575,0.0034199753,-0.008712835,0.075332195,-0.25955355,0.09470744,0.041819103,0.1527951,-0.04773734,0.08361731,0.09015811,0.08869753,0.013946363,-0.20162445,-0.068618126,0.22206344,-0.16938911,0.30060202,0.01755039,0.043466803,0.05947171,-0.111854516,-0.13864867,-0.046025254,0.0037035963,0.049144544,0.04931142,0.037606403,-0.027432268,-0.18459441,-0.074265435,-0.06714529,-0.8260538,0.07308392,-0.073957555,-0.053616315,-0.012532609,0.035998777,-0.098190136,0.17202213,-0.11521392,-0.297735,0.31349126,-0.2073833,0.23292352,0.19191296,0.024114372,-0.1875641,-3.9673212,-0.24561562,0.25405058,-0.0920098,0.13746546,0.17341223,0.11029351,-0.063935354,-0.065946616,0.18399212,0.08356303,0.16889961,0.16949756,0.03723294,-0.09759932,0.078969955,0.009243898,0.026025753,0.1152238,0.108332895,-0.034338858,0.15474597,0.16626982,-0.09297753,0.15241611,-0.3214667,0.0863019,0.10432631,-0.12814708,0.14099735,0.2511137,0.06417857,-0.17544268,0.12976405,-0.07577385,-0.046926465,-0.23584792,0.03485965,0.006299173,0.057020076,-0.095769785,-0.034760986,-0.015530262,0.029106135,0.002153936,-0.11760501,-0.0737732,0.05774283,-0.17058314,0.051266678,-0.053761095,-0.01887245,-0.120816074,-0.0033139524,0.058528986,0.26286143,-0.109487265,-0.20623682,0.098526075,0.03769532,0.015920892,0.1113818,0.18679188,-0.11062391,-0.13139251,-0.051148996,-0.19073984,-0.05582925,0.22442058,-0.08736425,-0.0749454,-0.2791195,0.37484175,0.15728867,-0.22648297,0.15863894,-0.27357784,-0.22912957,0.09491779,-0.16377828,0.07803792,-0.03269343,0.03363734,-0.19826052,0.095920995,0.19059989,-0.1297603,0.18824655,0.014178839,-0.12469526,-0.4256587,0.035611495,0.1868015,-0.0034154519,-0.084947534,0.30661854,0.037817582,0.100870885,0.105592445,0.06432823,0.22827578,-0.11034041,-0.0903128,-0.0049357563,0.14221701,0.020691367,0.054822784,0.046716817,0.12749611,0.012324876,0.30240324,-0.14374262,0.04232341,0.23348354,0.16702361,-0.07684114,-0.119552866,0.1443481,0.15061246,-0.11958172,-0.09175348,0.016248683,-0.10614335,0.18336548,-0.19954737,0.39708707,0.06082883,-0.024532918,-0.1481607,-0.02886691,0.26429382,0.07504798,0.18367562,-0.14763579,-0.20926188,0.07002211,0.11080241,0.04680159,-0.079005174,0.15751001,0.039651487,0.22090328,-0.038809456,0.09503338,-0.23004447,0.044413485,-0.2526693,-0.2584368,-0.0017346106,-0.14057426,-0.07181934,0.056769293,0.13067791,-0.1521871,-0.038619924,0.01205325,-0.037802614,0.12198219,-0.25107503,-0.10714002,0.05234266,0.08750711,0.030186806,0.05000118,-0.18833016,-0.10884981,0.049378783,-0.13713595,0.20780836,-0.07869006,0.09790461,-0.07616647,0.2181186,0.008828731,0.041352816,-0.13242336,0.0875133,0.010551739,0.06704491,-0.19097003,-0.07176905,-0.019616153,0.047670167,-0.18147777,0.20107108,0.0028410617,-0.0084841885,0.07320349,-0.010670709,0.11731575,-0.099755555,0.15699314,-0.0819295,0.25122842,-0.19651385,0.053887147,0.124041826,-0.09655543,-0.09374895,-0.17644976,-0.06357687,-0.07562895,0.15586808,0.21367437,0.062244,-0.23243932,0.15372492,-0.15985043,-0.113355644,-0.08885265,-0.009775416,-0.25261426,-0.039138492,-0.004792563,-0.0226631,-0.06344421,-0.005802668,0.08028115,-0.027126713,-0.024017587,0.050542366,-0.09780709,0.13638176,0.28174597,0.034345623,-0.10748143,-0.008241638,0.15073094,-0.029396765,-0.028047401,-0.003579249,0.23652014,0.07084242,0.073068455,-0.11154555,0.058278784,0.05915693,0.06910379,0.02371789,-0.0055545187,0.060144257,0.10825223,0.073749974,-0.20211412,0.0057842457,-0.042394508,-0.038587123,-0.17966722,-0.32916468,0.09944136,-0.0863326,-0.028409144,-0.047175,-0.2909564,-0.18061294,0.34950575,-0.14038077,-0.07357145
GUNC_FUSOX,0.11056095,0.042929858,0.19000661,0.20091619,0.112572245,0.0044397754,-0.15368734,-0.16745788,0.065573625,-0.19250141,0.0774209,0.20133056,0.024728002,0.0754997,0.099023186,-0.123107806,0.079065725,0.1027065,-0.0046715746,0.14947553,-0.021475289,0.16795519,0.027904136,-0.007171396,0.072634704,0.231359,-0.11574315,-0.1489826,-0.15125385,0.14620551,-0.2635714,0.10895069,0.1510035,-0.13540997,0.11579557,-0.09615806,-0.12048363,-0.18877451,0.21292229,0.15046413,-0.08245315,0.14790507,-0.08291357,0.044023134,-0.0315298,0.0726801,-1.2772063,0.17427245,-0.32894456,-0.051777452,0.050286535,0.022922844,-0.054183364,-0.06831121,-0.06232055,-0.18834159,0.16728581,0.09904338,0.11692978,0.15158063,-0.02766641,-0.074904576,-5.0019226,-0.24184038,0.019895751,-0.08710517,-0.028265214,0.20286624,0.13243787,0.11816866,-0.18867056,0.1495905,-0.070205495,-0.051087257,0.11203132,-0.13914727,0.029034635,-0.0070832158,-0.08224418,-0.014334249,0.2199713,0.006806447,0.011410972,-0.011377334,-0.076105,-0.075332426,0.15991099,-0.04689276,-0.075243294,0.2077217,-0.0301239,-0.059904795,0.09335101,0.10780764,-0.013579616,0.14643116,0.01801591,0.116436176,-0.13546026,-0.1827776,0.19987187,-0.18078415,-0.09829186,0.06735033,-0.0120448675,0.07450109,-0.105682746,0.0991942,-0.1578975,-0.14297663,-0.012924896,0.104252964,-0.022845719,0.093418926,0.04717638,-0.053801622,0.23689035,0.15659621,-0.2028473,0.025469864,0.09333232,0.097049296,0.13998914,0.15285596,0.09955659,0.100764856,0.041026395,-0.010022835,-0.18297797,0.113132775,0.049779836,-0.22142878,-0.16648489,0.0002336339,0.17194213,0.07488213,-0.22437462,0.12996274,-0.12875713,-0.16869794,0.2751307,-0.23089771,0.0510708,-0.021630595,0.088052824,-0.20796198,0.10518004,0.054320898,-0.2219095,0.05095293,0.016075522,-0.10335131,-0.121266074,-0.18338588,0.03582563,0.05977982,-0.038053554,0.23611712,-0.06376505,0.16078654,-0.09488844,0.009055557,0.05376177,0.14447457,-0.11318453,0.05578489,0.1582762,0.009295972,0.056787215,-0.018238602,0.029918745,-0.06837243,0.15671942,-0.12772939,0.0711216,0.11992711,0.10358134,-0.04580111,-0.032838635,-0.1195595,0.21719658,-0.22394279,-0.016968116,0.09129224,-0.033641797,0.060885966,-0.093095474,0.3519249,0.15137434,-0.19462597,-0.027259806,-0.011821745,0.16285388,0.11408816,-0.063024774,0.05992258,-0.29764453,0.27061507,0.21842456,0.05516342,-0.15399924,0.29781762,0.06920104,0.093059905,0.024527835,0.09362717,0.05238,0.021496283,-0.22385503,0.23123063,-0.043329757,-0.11609945,-0.02017171,0.104373455,0.05169273,0.02878011,-0.16213596,0.09311449,0.05549063,0.07124638,-0.062207006,-0.15993424,0.1585179,0.11013065,0.077984296,-0.065317266,-0.17390025,-0.03152584,-0.0347265,-0.047116194,0.08403195,-0.03629368,0.104620434,-0.20285015,0.1668707,-0.02091075,0.05318399,-0.08166568,0.15683529,0.019898742,-0.062303077,-0.17955254,0.2069425,-0.032489963,0.113561384,0.042488813,0.037152506,0.10808386,-0.019441998,0.053603392,-0.058306914,0.113140665,0.09147744,0.04853566,-0.20000097,0.29490912,-0.159418,-0.04657133,0.18630485,0.14902918,-0.0904116,-0.032895334,-0.041360874,-0.029077858,0.083565265,0.24343398,-0.02979084,-0.101908,0.39830396,-0.1482246,0.13919228,0.10153102,-0.038957838,-0.063527875,-0.20789792,-0.056270342,0.037648227,0.1630597,0.019265166,0.087375626,-0.10404447,-0.033105798,0.24613984,-0.02828115,0.15153915,0.37651497,-0.13931161,-0.1156674,-0.1275029,-0.04161817,-0.06387544,-0.052435372,0.018482635,0.2091344,-0.016182972,-0.024136335,-0.29136336,-0.094217554,-0.20929362,0.15506741,-0.016466934,-0.023305893,-0.036943536,0.14141682,-0.15948156,-0.33847705,0.009476326,-0.14941664,-0.08262341,-0.087362155,0.03187008,0.03526607,-0.04887976,-0.0509493,-0.029367855,-0.2674751,-0.23682171,0.07062506,0.002390449,0.019088322
GUN1_TRILO,0.13448645,0.17184818,0.028955525,0.05928468,0.33266854,0.031434163,-0.051760405,-0.20278212,0.16588615,-0.31666136,0.2959828,0.1830967,0.08200362,0.031147577,0.08676577,-0.1725616,0.10504766,0.030485058,-0.0061220243,0.09457489,0.014615361,0.17224544,0.049356923,0.05314008,0.24184829,0.1983804,-0.086107075,-0.31176016,-0.11742394,0.15951419,-0.30494097,0.039594825,0.10917994,-0.10245981,0.120028734,-0.030688675,-0.14931509,-0.2011847,0.12249835,0.06644286,-0.10540865,0.052327923,0.058577612,0.09869982,-0.096992545,0.07300964,-1.306457,0.09794233,-0.23927487,0.013557972,-0.021351263,0.13118432,-0.08903162,-0.008785348,-0.00516033,-0.32046133,0.13359334,0.070608325,-0.10281114,0.18219353,0.012513434,-0.0029308544,-4.8170056,-0.35000068,0.11864384,-0.24973151,-0.07242662,0.4409968,0.0783793,0.15903248,-0.22903393,0.17921111,-0.12201529,-0.26591647,0.12219672,-0.24666533,0.097627684,-0.07299555,-0.09166124,-0.11638495,0.3511584,0.056654513,-0.04076763,0.17049944,-0.024425479,0.036856912,0.17885667,-0.056607515,-0.119646996,0.18814611,-0.0042194673,0.0032097846,0.053207386,0.12917474,-0.16309646,0.16910988,0.059232783,0.018906776,-0.06521066,-0.1856465,0.21617025,-0.14713725,0.031919315,-0.049239308,-0.097659074,0.0173572,-0.10116684,0.028098345,-0.090829454,-0.044748843,-0.12141376,0.11044351,-0.11256679,0.12404955,-0.030209128,-0.14162625,0.36830345,0.10886966,-0.12113267,0.07156031,-0.0127842445,0.14189872,0.22198525,0.29500023,-0.025459467,0.050616708,0.09221761,-0.050579358,-0.31246468,0.03177201,0.18974635,-0.28337225,-0.13417363,-0.15340583,0.22583087,0.15340506,-0.24957508,0.30911052,-0.10684053,-0.038074423,0.2687977,-0.16079086,0.10930482,-0.08861617,0.0060921763,-0.26784974,0.111018404,0.06272245,-0.26139775,-0.094721094,-0.10944593,-0.035827246,-0.0370693,-0.2829115,-0.021120673,0.07713124,-0.05495943,0.21458931,-0.00045528208,0.22012225,-0.081833474,-0.035786156,0.194022,-0.09355406,-0.08009861,0.07242635,0.115907975,0.039214928,0.06313014,-0.015531128,0.22371665,-0.15319325,0.09783427,-0.03539988,0.16946445,0.14693761,0.100385405,-0.022364564,0.065572366,-0.16205049,0.34701708,-0.21069932,0.046628173,0.02715336,0.08905556,0.05204712,-0.23247054,0.3342198,0.16806096,-0.21957885,-0.12350494,0.046985395,-0.15355873,0.17272927,0.010929294,0.06212487,-0.29825574,0.11928403,0.3032321,-0.15324077,-0.18108997,0.27683526,0.106547095,0.081484765,-0.092964225,0.112357944,0.0029540712,0.21429448,-0.15840411,0.1347763,-0.05743291,-0.21496852,-0.17584436,0.076720126,0.04369765,0.01142796,0.009990858,0.05455711,-0.10736619,0.08588905,-0.097474396,-0.20947026,0.11621572,0.1265565,0.032358013,-0.064042516,-0.3177186,0.03722411,-0.09404116,-0.10221987,-0.044966787,-0.019318817,0.07670298,-0.23036106,0.22708616,0.031950742,0.061961446,-0.0881522,0.22611786,0.045532797,-0.09653061,-0.15905224,0.18087253,-0.03108313,0.12228623,0.1812268,0.16375592,0.10614329,-0.009244239,0.16259056,-0.008621218,0.05987667,0.084544234,-0.022937655,-0.18986675,0.2463311,-0.1632078,0.050236396,0.14767297,0.17513293,-0.05875958,-0.0008605209,-0.04244322,0.037961964,0.16401011,0.30328324,-0.15017933,0.038699884,0.2643354,-0.01897768,0.12418374,0.042912535,0.024254387,-0.13356535,-0.21444151,-0.076380625,-0.018574977,0.046175335,-0.009558201,0.10344373,-0.038336933,-0.04929312,0.33389047,0.09817722,0.20797369,0.3985144,-0.0008755248,-0.13515228,-0.11040658,-0.06449843,-0.022987515,-0.08770682,-0.09571182,0.3312789,0.08700131,-0.0402545,-0.36850363,0.022226583,-0.24069943,0.17062959,0.030901479,0.05905719,-0.021223756,0.20035006,-0.2220424,-0.41112885,0.046393886,-0.1337401,-0.12054315,-0.106857955,0.049815226,-0.010880844,-0.05262452,-0.0052467305,-0.07726872,-0.24537474,-0.15223235,0.18006212,-0.10220702,-0.06946863
CELB_EMENI,0.27428108,0.17050298,0.08736987,-0.024318352,0.30646482,0.043339387,-0.11606836,-0.13389988,0.0775174,-0.28679562,0.33421364,0.20183726,-0.005056273,-0.036426734,0.017668284,-0.21213882,0.05297646,0.051386252,0.0075925887,0.08425301,0.08709503,0.123773135,-0.016709093,0.054640632,0.20089634,-0.003988371,0.015926547,-0.2278082,-0.12378728,0.09606186,-0.19301908,-0.020922907,0.17573339,-0.116620384,0.042986702,-0.15358807,-0.10469239,-0.08939056,0.16101879,0.0027725596,-0.11062937,0.107243665,-0.032021947,0.095765114,-0.11286469,0.06407069,-1.3316718,0.11814566,-0.23130304,-0.022623733,-0.074169956,0.109507814,-0.00867579,-0.043498483,-0.07457178,-0.2486456,0.11741444,0.024837911,0.011102627,0.06492993,-0.041990522,0.0013526325,-5.0081606,-0.18595695,0.090750225,-0.123714715,0.03536471,0.31258768,0.0784149,0.15044464,-0.26327178,0.036852438,-0.18051226,-0.16614845,0.090743415,-0.18893729,-0.05312051,-0.011255379,-0.14305523,-0.10513299,0.30597332,-0.09829327,-0.10216686,0.2029875,-0.1314418,0.046564747,0.10387958,-0.09292408,-0.11521161,0.17467493,-0.044270158,-0.061851293,0.07305448,0.21289931,-0.09417289,0.14421752,0.08000655,0.030216161,0.06666779,-0.1842964,0.14218037,-0.08510545,0.009168977,0.027011832,-0.17994662,0.026070455,-0.108707,-0.014751655,-0.18864304,-0.010382108,-0.10263017,-0.049007982,0.016763313,0.023827884,-0.071371414,0.021568986,0.21472225,0.108411655,-0.05477819,0.19561584,-0.0077667944,0.123476185,0.21024534,0.35930517,-0.035764042,-0.020796051,0.12055787,0.02058769,-0.342287,-0.058173936,0.13075577,-0.2643148,-0.14469795,-0.089774236,0.16606951,-0.027992954,-0.18417853,0.15241757,-0.07183117,-0.102599636,0.18291529,-0.16059569,0.22392714,-0.021135226,0.052195936,-0.13080376,0.092372596,-0.032355074,-0.26598448,-0.088363014,0.027707422,-0.07080455,-0.019547643,-0.38518468,-0.02965918,0.0289126,0.0055392166,0.1757289,-0.001817158,0.14875852,-0.12776907,-0.13655159,0.20296888,-0.037647955,0.0024619368,-0.06639718,0.16842665,0.015835922,-0.03639309,-0.088551484,0.13769992,-0.009605474,-0.012196839,0.09039234,0.15522744,0.12405447,0.12544806,0.06409639,0.03682079,-0.07280931,0.3072471,-0.20430432,0.09059771,0.02069123,0.05803527,0.026342163,-0.12613752,0.29644707,0.19095351,-0.10440871,-0.00427309,0.09708567,-0.042331927,0.15561274,-0.06900131,0.20570329,-0.2315203,0.0063871345,0.18166074,-0.12921071,-0.10006005,0.40373307,0.2539168,0.1623514,-0.15998076,0.097320385,0.01564639,0.14312817,-0.027614642,0.26404214,0.018598044,-0.26305744,-0.091659,0.019691123,0.02087328,0.07168954,-0.049881388,0.12899722,-0.0029395798,0.10023947,0.013635998,-0.10537904,0.15690768,0.1861489,0.038117796,0.0643721,-0.26894528,0.010133963,-0.14309508,-0.09568709,-0.053872522,-0.02838812,0.05767551,-0.22099918,0.027300747,0.012448565,0.08045039,0.06717528,0.08217058,0.0675165,0.053397086,-0.06946373,0.17926735,-0.13484682,0.1704217,0.15566927,0.12844908,0.12608097,0.016151175,0.22457184,-0.011884714,-0.076544195,0.038923193,0.006665709,-0.07024663,0.15210983,-0.21059121,0.03390935,0.058958188,0.060775157,-0.07896478,0.047981136,0.039737396,0.12487071,0.043952923,0.30944598,-0.14440934,-0.061321046,0.17667106,-0.023393858,0.18214935,0.14830953,-0.011090707,-0.08419111,-0.077533655,-0.13476874,-0.0666181,0.13211192,-0.0018764257,-0.015192346,-0.01745427,-0.018354107,0.39002746,0.051963016,0.17182668,0.33540046,-0.009914692,-0.079959765,-0.04289556,-0.14623691,-0.011107897,0.021911321,0.060819443,0.25454077,0.0514177,-0.14353874,-0.3535588,0.08578107,-0.13878328,0.11816092,0.059738655,-0.033894297,0.14067404,0.078232765,-0.23347902,-0.37265107,0.021409754,-0.08131736,-0.04352183,-0.05750436,0.014510078,-0.044335864,0.018938502,-0.032458276,-0.10812679,-0.19896667,-0.11516749,0.083313644,0.014790242,-0.091649495
GUN1_FOMML,0.07327352,-0.09994231,0.21367048,0.09612335,-0.03984659,-0.02605041,-0.12071763,-0.048653685,-0.05729853,-0.12483851,0.09281898,0.18886289,-0.028919453,0.046715453,-0.16990863,0.0032727774,0.04409752,-0.036898736,0.1216348,0.013753371,-0.034088418,1.1414418e-05,-0.050949506,-0.034112055,0.04053479,0.21469557,0.122118324,0.04531265,-0.049563512,0.01919948,-0.13000794,0.06888689,-0.02378623,-0.1769664,-0.02055219,-0.35756236,0.062670544,0.039258763,0.3072973,0.16998994,-0.060918245,0.2909408,-0.080152825,-0.11811868,0.068295375,0.1048651,-1.225114,0.12410213,-0.19153415,-0.018711492,-0.008491684,0.04173794,0.114561796,0.07154832,-0.055411827,-0.22303201,0.1018199,0.023106333,0.12148091,-0.058711994,-0.06949438,0.057657562,-5.2376847,-0.058518607,-0.008163403,-0.11662231,-0.009811504,0.25671858,-0.048497792,0.074235044,-0.23642787,-0.0731028,-0.17988932,0.17861459,-0.05456783,0.1656011,0.01696687,-0.07134028,-0.012061504,0.14874524,0.2483624,-0.19942445,-0.028869942,0.15498874,-0.09691712,-0.2153999,-0.0053010625,0.03788071,0.15049884,0.11034347,-0.07391199,0.004031804,0.07236907,0.16665995,-0.016146908,0.18552017,0.056066893,0.22908592,0.11235686,-0.20870557,-0.06235492,0.04646048,0.013349795,0.10277326,-0.080152385,0.12091811,0.06790909,0.08125506,-0.19158643,-0.080948465,-0.02805628,0.1466831,0.13316303,0.110129766,0.09788635,0.07354408,-0.045932263,-0.058757383,-0.23966372,0.14241065,-0.0308583,0.07277425,0.18319269,0.06781526,-0.014178136,-0.16392188,0.043247435,0.064913,-0.07540098,0.04856411,-0.019376313,-0.0376016,0.1279019,0.033786997,0.0665659,0.002772728,-0.1852944,0.0101668965,-0.09635036,-0.16847363,0.03897536,-0.063145414,0.027944196,0.06551185,-0.014161812,-0.11764337,0.03299063,0.008177864,-0.21760023,0.1341321,-0.013618499,-0.13436553,0.017595464,-0.19152,-0.09518136,-0.10716844,0.012994923,0.23062854,-0.045753397,0.2178224,-0.0032974388,-0.1291425,-0.017098268,-0.008654167,-0.033183426,-0.06648607,-0.011982606,-0.09923483,0.06281051,-0.0003376562,0.038478777,0.18438487,-0.07674181,0.16069156,0.036337722,0.072561994,0.21524021,-0.07594869,-0.025795607,-0.17238314,0.12353099,-0.29232374,0.14898013,0.07232848,0.032361843,0.021772552,-0.1722866,0.15507916,-0.106305666,-0.25794214,-0.07731447,0.0964441,0.40214944,0.11521537,0.09264607,0.09355491,-0.18599132,0.033358958,0.15920419,0.20663439,-0.012126603,0.2718709,0.17029215,0.12613365,-0.009593018,0.032649532,0.019129587,0.047233928,-0.029532712,0.2227192,-0.02838786,-0.09519913,-0.058003057,0.14609914,-0.03870671,0.10221626,-0.09313339,-0.044663798,0.01969526,-0.17888524,-0.21975133,-0.06751797,0.15821171,0.09528022,-0.06596616,0.027778657,-0.17326224,-0.077528566,-0.023890924,0.085233405,-0.022480866,0.08497971,0.13120954,-0.11938117,0.074173816,-0.00097010157,0.17947473,-0.08026844,0.1423081,-0.020010676,0.09127594,-0.035245083,-0.058064666,0.027185036,0.042292174,-0.12342804,0.2332485,0.17858528,0.0788469,0.08159226,-0.10166193,0.024999607,-0.11267878,-0.14450832,-0.1550185,-0.09675279,-0.13017336,-0.070701204,0.23854478,-0.097851016,0.02741625,-0.019899989,0.04249936,0.024459243,0.06845139,0.10607815,-0.06379738,-0.12360471,0.08943432,0.057694647,0.06848677,0.1365694,0.12226746,0.19091345,0.07159675,-0.10010065,-0.076484516,0.2041624,0.031783186,0.03556429,-0.0041153785,-0.036199473,0.2756223,0.08302418,0.24162167,0.17648408,-0.05177479,0.010947595,-0.124375015,-0.11879554,-0.08053358,-0.077746876,0.38101345,0.06452462,-0.0008734835,-0.05841112,-0.0837738,-0.09314938,-0.4063251,0.190791,-0.012025217,-0.07522506,-0.0830275,0.18460397,-0.09004505,-0.16253915,-0.008583973,-0.091496155,-0.02272005,0.02643824,-0.06868383,-0.04282535,0.06279349,0.00017117632,-0.056938965,-0.08665513,-0.0541995,0.065366164,0.13616756,-0.10611815
GUN1_STRSS,0.17712164,0.006766108,-0.14021152,-0.25605428,0.20864327,0.08606152,0.087198675,-0.0511609,-0.072932415,-0.06163044,0.18867444,0.023911646,0.0066382093,0.054705396,0.19182181,-0.17967473,-0.10810619,0.009370774,-0.09025695,0.15895979,-0.16636541,0.195823,-0.023919087,-0.19947235,0.21168286,0.05058065,0.2122687,-0.28039244,-0.11225638,0.033724345,-0.09804763,-0.29188687,-0.32769322,0.042166714,0.09828951,0.027537612,0.039986033,0.022537937,0.016316641,-0.11424545,-0.00033619133,0.08389408,0.11404926,-0.032191776,-0.08320522,0.067154564,-0.6987198,0.08008071,-0.057893902,-0.101020984,-0.30383378,0.10161208,-0.05528632,0.04736624,0.0432655,-0.15698488,0.009037533,-0.095724344,0.16022153,0.09998349,-0.17317906,0.0025145842,-4.748944,-0.22974733,0.13640504,-0.20479222,0.044048034,0.2815874,0.07742413,0.087439634,-0.18000434,0.053775333,-4.0284154e-05,0.12470851,-0.0471095,-0.14246969,-0.21229342,0.12343669,-0.102380484,-0.099533334,0.053718146,-0.18052743,-0.09257656,0.3743355,-0.034847185,-0.1445549,0.083850145,-0.22020894,-0.15498002,-0.009046548,-0.12074835,0.14400254,-0.007670968,0.18465802,-0.053837873,0.2129224,0.031921502,-0.027203484,-0.045999195,0.012479311,0.18764462,0.21872273,0.05755844,-0.03340214,-0.23271853,0.1114246,0.008018353,-0.10276712,-0.0979045,-0.040429812,0.025469722,-0.23602624,-0.0446525,-0.06302486,-0.20957062,-0.043380316,-0.030595811,0.15280949,0.0063556316,0.06375556,0.068011194,-0.09038299,0.3019744,0.48319656,-0.10316758,-0.16195294,0.028029278,-0.11946308,-0.2864958,-0.11111129,0.15528762,-0.24739698,-0.26041555,-0.18829301,0.14916769,-0.05093149,-0.1532169,-0.08965006,0.017689453,-0.05401918,0.078825235,-0.007938483,0.076884635,0.05450153,-0.016495591,-0.049716845,0.021978712,0.24713998,-0.14929084,0.15631807,0.15252216,0.08698287,-0.026665326,-0.027502647,0.05828712,0.028849354,0.26991236,0.035894573,-0.030580306,0.1117751,0.036457382,-0.22931008,0.13080177,-0.20737408,0.14398842,-0.15896913,0.07373835,0.11691009,-0.031674977,0.031593993,0.31301802,0.05451464,0.07035567,-0.006811982,0.22399522,-0.034115333,0.04068022,0.01127447,-0.086076,0.258068,0.43970138,0.040881418,-0.007950698,-0.055796854,-0.12459914,0.100531295,-0.04688124,0.35389858,0.21235771,-0.18466592,-0.013772552,-0.01409142,0.34009615,0.1271247,0.122370414,0.16629872,-0.23255214,0.08903476,0.011127961,0.045314755,-0.3184442,0.15962684,0.071989454,0.36961326,-0.18843345,0.09388369,-0.09856063,0.7933529,0.24967991,0.12281831,-0.091526814,-0.14821139,-0.08943588,0.010777913,0.13416941,0.037800476,-0.0009429514,0.07135425,-0.08470877,0.20421661,-0.2102223,-0.081132896,-0.004160291,0.2358885,0.10063966,0.23111825,-0.24209866,-0.24451901,-0.0097145885,-0.18939339,0.02037203,-0.03522398,0.15263185,0.02320409,0.15140177,0.03718783,0.020933624,0.20285127,0.025375813,-0.018305039,0.01372165,-0.13125136,0.08170117,-0.070400305,0.05439175,0.044425152,0.095920175,-0.1000195,-0.05564129,0.17546088,-0.22078481,-0.07209474,-0.25362313,-0.06192483,0.12725039,0.34348372,0.00057189685,0.018618096,-0.15422297,-0.02688296,-0.029192636,0.15956517,-0.0085342415,0.18225674,0.14734954,0.19966227,0.04639172,0.00013927475,-0.07064664,-0.10343273,0.19195053,0.027173217,0.026923224,-0.07095725,0.038708754,0.07170251,-0.0719636,0.0718019,-0.16682087,-0.05575444,0.043278575,-0.0614537,0.29139394,0.042256515,0.20787773,0.20030718,0.103030376,-0.019677896,-0.1933901,0.10776338,0.021369765,-0.06671297,0.07348976,-0.14283861,0.00086985534,-0.099381104,-0.090688564,0.15402012,-0.15373988,0.035218563,-0.12932523,-0.03103932,-0.06549253,0.1688058,-0.08370271,-0.2514559,0.062003963,-0.21983467,0.043602854,-0.14065212,-0.1600272,0.18846756,-0.21790265,0.013800608,-0.09910055,-0.34332362,-0.17176788,0.26763746,-0.09107228,-0.2531841
GUNH_ACET2,0.0538037,-0.10241021,-0.0038613712,0.07756701,0.3497202,-0.009167005,0.0559502,-0.08315441,-0.06615449,-0.15299197,0.13972278,0.09767113,-0.11209992,0.15996662,0.16638309,-0.09854299,0.10671592,-0.1056947,-0.11874021,0.11298769,0.08951798,0.081642814,0.01831421,-0.10042034,0.14874826,0.14322165,-0.0004164797,-0.11462083,0.075878076,0.19680545,-0.07190678,0.37626037,0.008734165,0.12495989,0.082197495,-0.06970098,-0.09205723,-0.05445494,0.03177133,0.04119538,0.03938627,0.11449743,-0.06046329,0.0061116978,-0.06265726,-0.061742198,-1.0416166,0.108060405,-0.07350165,0.020273974,-0.11246522,-0.003926292,0.007898193,0.13997573,-0.084647134,-0.2814918,0.3914881,-0.19897452,0.22971481,0.0895033,0.11391906,-0.13673174,-4.111588,-0.26751992,0.1982778,-0.10153799,0.19625036,0.20948221,-0.016872127,-0.06415922,-0.04857653,0.16665824,0.10565234,0.22025834,0.22434087,0.18526824,0.034426197,0.059677806,0.045544885,-0.09580373,0.14209045,0.13787702,-0.0703843,0.1642555,0.1859512,0.05807544,0.13962713,-0.24693064,0.06485388,0.09419365,-0.078763545,0.08058206,0.25300303,0.17348483,-0.20245752,-0.028884694,-0.020704862,-0.20219712,-0.13239323,0.0024515544,0.10068303,0.021799434,-0.09629316,0.10968695,-0.067745484,0.021573924,0.0040574963,-0.044271585,-0.18885353,0.03482289,-0.13836962,-0.035396982,-0.07563827,0.0020474943,-0.13982421,-0.015875813,0.015450103,0.10390251,-0.06786619,-0.13584358,0.017672911,0.09303579,0.079570755,0.072265014,0.14631715,-0.057666957,-0.06419508,-0.07920616,-0.22674863,-0.012268067,0.19664079,-0.12137089,-0.00019897854,-0.18557914,0.3634814,0.0704079,-0.14567702,0.14525402,-0.28174928,-0.30219102,0.106839605,-0.1345073,0.02633568,-0.035218723,0.055352636,-0.1149318,0.061088037,0.18155447,-0.111064374,0.16230665,-0.04049974,0.01988084,-0.33242345,-0.17957221,-0.03546743,-0.004395013,-0.13083555,0.2683661,0.0139816385,0.03606827,0.046332136,0.117255926,0.27047348,-0.06160682,-0.02438251,-0.07154865,0.13629712,-0.09915638,-0.11116496,0.046816975,0.09232704,-0.08143279,0.27885455,-0.13082913,0.086301394,0.26576698,0.09915626,-0.044724673,-0.06649401,0.036459666,0.14966545,-0.12974626,-0.0031736125,-0.036992546,-0.2556237,0.24256824,-0.22860254,0.3453727,0.12536353,-0.02385501,-0.11707965,0.04489726,0.06753476,0.15855744,0.023054281,-0.13836092,-0.084119625,-0.05764226,0.028854687,0.15760079,-0.061006892,0.1985876,0.05365078,0.18653145,-0.09912222,0.037394356,-0.21197051,-0.03036796,-0.11572452,-0.24205856,0.05986104,-0.12370781,-0.02490771,0.0726628,0.21279094,-0.16224629,0.020877607,0.06028711,-0.10792173,0.06925378,-0.18112274,-0.013096455,0.05217396,-0.08935778,-0.009432397,0.0011350529,-0.25639528,-0.09837756,-0.0026109614,-0.1512519,0.10495615,-0.03914351,0.07480036,0.035336282,0.11964685,0.034493297,0.101902984,-0.02479734,0.05043495,0.069827475,-0.09323773,-0.15824,-0.017638303,-0.026586454,-0.04008384,-0.041929696,0.29203132,0.0536668,-0.06113489,-0.03996667,-0.107069105,0.08577812,-0.06802753,0.12569004,-0.04560832,0.23570193,-0.15148583,0.036017314,0.09696911,-0.14610218,-0.06156101,-0.2913809,-0.10153085,-0.1279529,0.084869236,0.25533226,-0.065785356,-0.24378282,0.072593264,-0.050716087,-0.050079178,-0.03089294,-0.03577314,-0.18739274,0.0044920747,0.024714924,0.07058416,-0.19263816,-0.0045500784,-0.006659801,0.08287722,-0.07714881,0.04495714,-0.06299669,0.17204063,0.29260775,-0.05680954,-0.12294848,0.08536885,0.15748338,-0.18250374,-0.16307257,0.0015933994,0.13762136,0.18185163,-0.05176493,-0.107697584,0.035467964,-0.042192373,0.09942612,-0.01895359,0.08378536,0.08477602,0.04459121,-0.00016171546,-0.089510955,-0.04581393,0.08071048,-0.075056806,-0.19851594,-0.060249873,0.05959288,-0.07199956,-0.054082047,0.07206841,-0.22313587,-0.043598868,0.20165807,-0.03675682,-0.10976641
MANB_CALSA,-0.1088431,-0.1454351,0.0669649,0.14154318,0.31426436,0.09506785,0.07681959,-0.14662047,-0.025071867,-0.0077265725,0.22296068,0.18638456,-0.01902934,0.14960271,0.18358094,-0.13901672,0.025443502,-0.068514325,-0.23773667,0.13199596,0.088309586,-0.04971112,-0.026192378,-0.13458651,0.22544137,0.019667765,-0.14527531,-0.07964498,0.025247473,0.08838225,-0.047983665,0.27026302,-0.16181871,0.1880821,0.17309609,-0.09181126,-0.08252757,-0.021147909,-0.04502044,0.15418863,0.08933395,0.026759371,-0.09970224,3.280025e-05,0.002950727,0.06546569,-0.8377358,0.09098019,-0.0644706,-0.056987148,-0.0066063534,0.06775047,0.05159705,0.08701848,-0.15091802,-0.2063474,0.32387275,-0.1600347,0.17038448,0.07260938,0.09873952,-0.069866806,-3.1916637,-0.32191974,-0.042046078,-0.072067894,-0.025251182,0.28202024,-0.058895834,-0.030476168,0.046491228,0.13031504,0.07468749,-0.032556448,0.20063518,0.10265967,0.016088372,0.110098146,0.097835235,-0.19772463,0.13742545,0.20574321,-0.037876897,0.14577512,0.11123343,-0.023443274,-0.062658176,-0.156068,0.0282146,0.1684918,-0.26861095,0.28822023,0.06631015,-0.012689162,-0.19165047,0.056432072,-0.096993074,-0.19026491,-0.096759126,-0.053231277,0.12453157,0.012124102,-0.067069024,0.033261627,-0.41257757,0.04864631,-0.20112555,0.07452594,-0.28231543,-0.12851524,-0.15874164,0.13156462,-0.016689911,0.096126996,0.090969935,-0.084094435,0.08530579,0.101116695,-0.028524304,-0.0031217914,0.0182673,0.20478295,0.01803279,0.24640606,0.21049881,-0.15019448,-0.042793367,-0.063973494,-0.03954956,-0.13542157,-0.0055458844,-0.13990885,-0.18733142,-0.20262858,0.45146558,0.17981979,-0.11022879,0.3133387,-0.15426086,-0.18652478,0.1733744,-0.12821466,0.09501082,-0.0021952968,-0.0026788753,-0.38430238,-0.031002015,0.21191464,0.05200932,0.19305953,0.05478834,-0.074725926,-0.3487926,-0.03864929,-0.15152049,-0.08245045,-0.10449429,0.243584,0.17622867,0.06961874,0.0026672343,0.06393464,0.09105739,-0.07865888,-0.07248686,0.04753732,0.17079511,-0.013814608,-0.23288001,0.11447373,0.26001108,-0.01817162,0.16197503,0.0006984286,-0.086203404,0.23311377,0.050295167,-0.087309614,-0.04401999,-0.09753907,0.25026804,-0.22441028,-0.09188223,0.116744325,-0.15240392,-0.0044958554,-0.11015193,0.43064323,-0.063882045,-0.01661941,-0.2863556,0.0832694,-0.33723587,0.14993307,0.16796745,-0.1435365,-0.058069322,-0.06733806,0.01645631,0.060081556,-0.10336442,0.05624833,0.045658972,0.13376875,-0.026589394,-0.022137707,-0.24286783,0.05020352,-0.17097692,-0.37160224,-0.19632214,-0.14014992,-0.060245056,0.14954297,-0.010643579,-0.17399739,0.079544276,-0.007804784,-0.17251806,0.23936932,-0.14026156,-0.23407853,0.02292436,0.053653643,0.20217921,-0.11375153,-0.33733,0.063425094,-0.04714083,-0.1815199,-0.11738852,0.119806305,0.013584535,0.0074327085,0.3166522,0.0754475,-0.10333359,-0.04568372,0.13757735,0.1421364,0.009186773,-0.1281827,-0.014929315,0.052514076,-0.14289257,-0.050610084,0.22678867,-0.023064356,-0.074488714,-0.07851447,-0.050743427,0.10612616,-0.15383707,0.2359954,-0.020772722,0.14714314,-0.030308021,0.16714597,-0.107750826,-0.041463323,-0.14342092,-0.2064512,-0.25990504,0.061010025,0.10225791,0.26139754,-0.1381697,0.30633262,-0.021954272,0.15042606,-0.017644819,-0.12742272,0.11831139,-0.29094008,0.12367388,0.15170552,-0.0086725885,-0.12861544,0.0806332,-0.0075275507,0.16371791,-0.2026267,0.030640941,-0.02563446,0.107655756,0.23694387,0.01642889,-0.1812455,-0.07716201,0.03419985,-0.10903136,-0.092485346,-0.17825133,0.052548263,0.24048665,0.08463701,-0.15087721,0.05560334,-0.030014431,-0.0050130878,0.041459657,0.09798533,0.055314306,0.06970265,-0.061439402,-0.18724287,-0.18793514,0.23862004,0.061782442,-0.17642608,-0.09634425,0.12488493,-0.21983871,0.064383484,-0.061434608,-0.04448092,-0.009972118,0.186318,0.010444113,-0.08611724
GUND_CLOC7,0.020664137,-0.022792533,0.09646936,0.074935585,0.27499482,0.03445359,-0.020880701,-0.15579201,-0.047831535,-0.14917096,-0.022486418,0.09551168,0.0332747,0.16076905,0.14723888,-0.05978151,-0.01317129,0.043406762,-0.22207248,0.0471708,0.05656357,0.14077175,0.041664436,0.030110737,0.18489829,0.12491898,-0.054881103,-0.22477902,-0.057259984,0.2740507,-0.19650702,0.2294534,-0.043685846,0.026248947,0.102057226,-0.102676,-0.18829748,-0.08714017,0.020613424,0.043924686,0.032142173,0.057826884,-0.05749772,-0.10032795,-0.11013931,-0.064013354,-0.8058153,0.05051277,-0.09452351,-0.007984271,-0.027402291,0.11597719,-0.111709535,0.09657512,-0.072629966,-0.3561655,0.2932978,-0.22089463,0.17780012,0.25703084,0.019683704,-0.21554177,-4.04509,-0.2640187,0.23367462,-0.12163448,0.081120305,0.24033704,0.14250968,0.046236686,-0.043853607,0.21539775,0.079686426,0.04043681,0.2591454,0.10244204,-0.06428748,0.10935853,0.045409743,-0.08032103,0.11676079,0.1501263,-0.034075867,0.12980746,0.19139732,-0.0070584794,0.2274101,-0.26449123,0.07019957,0.105559684,-0.15268487,0.13377415,0.23666658,0.029826349,-0.21627496,0.06879764,-0.0484031,-0.10950472,-0.26943818,0.07114731,0.041567396,0.034188777,-0.087965116,-0.050328933,-0.041227072,-0.08474957,0.0052627414,-0.0931461,-0.14306393,0.023426944,-0.17084534,0.11532487,-0.03947289,0.048371926,-0.044389907,-0.061844137,0.18499132,0.22405414,-0.15474688,-0.26000455,0.0845919,0.12938909,-0.0075460486,0.11042658,0.1469286,-0.07226474,-0.070396766,-0.05991312,-0.17282522,-0.029604735,0.14616539,-0.118333206,-0.0937712,-0.2843177,0.43917888,0.21422838,-0.28222844,0.216601,-0.24325337,-0.20514084,0.15078919,-0.12190758,0.041714806,-0.10672975,0.04100446,-0.26153517,0.07568251,0.21462353,-0.15914798,0.22210208,-0.034042954,-0.075036794,-0.32095015,0.010438327,0.14130653,0.044166967,-0.11215953,0.3409151,0.12792236,0.07974158,0.07958096,0.12524171,0.21119535,-0.11266545,-0.06844992,0.021696573,0.13219732,0.011302679,0.051618397,0.10969696,0.09119986,-0.02239077,0.26468173,-0.1276329,0.033286363,0.2047102,0.11377948,-0.035514932,-0.0842765,0.098736666,0.21711671,-0.17591247,-0.11347615,0.015993787,-0.08498349,0.18694837,-0.2158533,0.3450405,0.08004253,-0.0630738,-0.15359911,0.03976448,0.089435995,0.041722663,0.13686644,-0.045503117,-0.14348516,0.027530836,0.20761903,0.06289977,-0.12989458,0.10138177,-0.021017822,0.11582292,-0.061145883,0.06379269,-0.2367328,0.023053417,-0.28233448,-0.30333683,-0.025602004,-0.1596025,-0.11347448,0.10038523,0.10778821,-0.12797728,-0.031433035,-0.03999604,-0.081693545,0.17906956,-0.22506198,-0.16221574,0.06302442,0.081835404,0.03109073,-0.045808423,-0.18227854,-0.0027969766,-0.03320516,-0.1445513,0.20300172,-0.12606403,0.09187517,-0.13408609,0.32040358,0.033976912,0.013899447,-0.15832402,0.16336706,0.010929469,-0.02431525,-0.11356622,-0.08509572,0.06913388,0.03412952,-0.0813043,0.22505489,0.012680743,-0.08194645,0.032997426,0.0117476,0.14066488,-0.11714855,0.15758993,-0.085642,0.28954887,-0.19193366,0.10478732,0.06616385,-0.098926246,-0.14925182,-0.066597365,-0.08141462,-0.09696207,0.1592321,0.27910292,-0.072537385,-0.12771365,0.123292945,-0.13830274,-0.08590528,-0.071411155,0.034010764,-0.33728516,-0.104860134,0.027809571,0.022997309,-0.10077259,0.008501556,0.12840907,0.06109861,-0.08416365,0.035384458,-0.103684776,0.16781522,0.21258278,0.022686295,-0.1677081,-0.08545483,0.12106884,-0.036053583,0.017144095,-0.08657784,0.2787295,0.161847,0.11036848,-0.1737819,0.08998743,0.0061077964,0.015337559,-0.007257108,0.13098653,0.025127972,0.13392267,0.08380794,-0.24972688,0.031179527,-0.024525572,-0.08318395,-0.2202015,-0.23290466,0.0796741,-0.07890873,0.019031648,-0.039941978,-0.25197995,-0.17005017,0.2616023,-0.13205989,-0.08471348
GUN1_ACIC1,-0.00095355936,-0.06359322,0.028260604,-0.05482449,0.27732387,0.005141568,0.02081884,-0.11452141,0.015685065,-0.034814157,0.09291251,0.080063164,0.026510615,0.08945898,0.16785409,-0.10007444,0.014690441,-0.0010846177,-0.16736248,0.020303268,0.0072923005,0.11695578,-0.030104803,-0.028577179,0.28182733,0.16204146,-0.0020455925,-0.2887427,-0.06260626,0.24731705,-0.20058845,0.02330667,-0.1262146,-0.060086515,0.14370121,-0.030913478,-0.051470138,-0.05492491,-0.017101059,-0.08170319,0.012051519,0.014402193,0.13370526,0.025687734,-0.12456816,-0.004962607,-0.78416115,0.013090941,-0.02946369,0.033324543,-0.16733427,0.1333926,-0.1304542,0.07929087,0.0010951441,-0.27884367,0.2763276,-0.16812238,0.10279876,0.20178041,-0.010180738,-0.120960966,-4.060311,-0.38477457,0.22830701,-0.26545978,0.029269982,0.3766084,0.05992785,0.025390415,-0.054893088,0.2714376,0.085772574,-0.040992323,0.19201496,-0.12110802,0.045896217,0.06623361,-0.038148496,-0.13755988,0.186375,0.07558818,-0.05639646,0.24047595,0.13042532,-0.026822612,0.15525821,-0.24233246,-0.05330452,0.1475448,-0.10476211,0.21656884,0.10340408,0.09668373,-0.34834778,0.11572494,0.006214035,-0.096034795,-0.2225651,0.08559987,0.115250826,0.056441665,0.028574748,-0.11437927,-0.085225396,-0.032261156,-0.0038760367,-0.09917769,-0.03215834,-0.0289123,-0.056496836,0.14690538,-0.026113635,-0.006908447,-0.042854324,-0.039935343,0.14143723,0.19351129,-0.05974199,-0.065088995,0.054089084,0.028516972,0.051629953,0.28660396,0.0059326035,-0.1129207,-0.102683686,-0.16989979,-0.22659607,-0.093854934,0.23658468,-0.24152677,-0.05737233,-0.28218976,0.3592664,0.15660456,-0.23169097,0.25206682,-0.22126168,-0.08967248,0.12551099,-0.11593812,0.06433084,-0.09411751,0.0060880934,-0.26259497,0.052960884,0.240685,-0.27390796,0.08557661,-0.088309914,0.04543455,-0.18398777,-0.10361639,0.12186375,0.03956729,-0.09520333,0.22406691,-0.011183764,0.11929154,-0.004440752,0.038270537,0.15913792,-0.252958,-0.038271844,0.05349582,0.08278719,0.03588192,0.030072756,0.13944334,0.32861704,-0.04479252,0.26160893,-0.07915264,0.20358208,0.1173175,0.005808708,-0.015292276,0.041501537,0.11696995,0.29811633,-0.071734965,-0.091565974,-0.022355327,-0.06518171,0.23247887,-0.21884614,0.41967288,0.11559956,-0.15716518,-0.14704098,0.09206482,0.0075194445,0.12033959,0.15389535,-0.044322554,-0.15191841,0.049778473,0.22677419,-0.035374492,-0.17071168,0.052487694,0.031042593,0.21485561,-0.12353624,0.03890109,-0.23220201,0.47154102,-0.11700173,-0.09063614,-0.031881087,-0.12623,-0.20045368,0.05312952,0.0717438,-0.0921095,0.021037642,-0.008852641,-0.09408495,0.13291308,-0.22636685,-0.20888454,0.033710986,0.05621639,0.078797,0.023227692,-0.2516008,-0.09315018,-0.019610154,-0.22348364,0.07057474,-0.045589764,0.055717047,-0.13329813,0.29577118,0.08009684,-0.0698649,-0.07880453,0.10849346,0.039867785,-0.055938147,-0.18443672,0.0068600615,0.020428238,-0.03703185,0.019935729,0.18884018,0.055490974,0.006849011,0.076681495,-0.098202035,0.04066966,-0.08556936,0.070751354,-0.04698657,0.3305373,-0.10277929,0.116821736,-0.0035699196,0.012225873,0.002499774,-0.05166572,-0.063394845,-0.04925194,0.17621835,0.25814608,-0.12527913,-0.024151595,0.034381688,-0.06252859,0.0167926,0.04442694,0.06185259,-0.19307801,-0.07366676,0.059380915,0.0075599058,-0.22643204,-0.050968762,0.07600031,-0.008220971,-0.11716297,0.07346036,0.0031617018,0.19446647,0.3273151,-0.010674666,-0.18469965,-0.08656872,0.16414021,0.06526946,-0.105980694,-0.04820507,0.16588522,0.089464866,0.019579664,-0.17280966,0.1585849,-0.11108853,0.044228937,-0.053856794,0.09142176,0.041342985,0.15527801,-0.021014135,-0.2654218,-0.032073002,-0.08115142,-0.11199312,-0.2047527,-0.16581699,0.0024322537,-0.0854589,0.10316079,-0.06533057,-0.2822139,-0.09851373,0.40463287,-0.15505333,-0.18295652
GUN_MYTED,0.17668882,0.06795917,0.16225314,0.12396207,0.08879625,-0.11992726,-0.20484897,-0.27849686,0.06737459,-0.24685308,0.1314994,0.2888581,0.06974925,0.08286723,0.049757447,-0.17867604,0.18691248,0.12565628,0.16998518,0.06534489,0.044245996,0.17695042,-0.012467721,-0.008403105,0.22425173,0.22092798,-0.1992723,-0.30754295,-0.21218398,0.13829838,-0.4646527,0.009101401,0.040695745,-0.3062641,0.12291788,-0.019802976,-0.2577609,-0.2084995,0.15592362,0.05270466,-0.11564629,0.10604014,-0.008834413,0.09303231,-0.066179015,-0.068612225,-1.3639855,0.18101189,-0.48016304,-0.0065665017,0.080648385,0.11047807,-0.06995642,-0.03143888,0.056339536,-0.24325113,0.15284227,0.17885731,-0.019324142,0.16500884,0.01200955,0.020811211,-5.0188127,-0.25596637,0.014330107,-0.09639735,0.09408041,0.417532,0.22137311,0.11508063,-0.32601312,0.20517512,0.034599595,-0.21313919,0.11944606,-0.2948554,0.106660835,0.0023776502,-0.17473656,-0.016130622,0.31863213,0.058021687,0.023297954,0.17903635,-0.23120117,-0.069353595,0.135381,0.11031847,-0.0803903,0.11446574,0.021281797,-0.0032711471,0.07335836,0.2335957,0.06655191,-0.009156985,0.08237455,0.06214418,-0.028063662,-0.2488246,0.29505318,-0.10239765,-0.037576057,-0.055037122,-0.050340578,0.06774112,-0.07847846,0.07935599,-0.13093981,-0.26306346,-0.06621081,0.15699771,0.039371505,0.04704045,-0.044355188,-0.08824017,0.36657247,0.06861942,-0.28317505,0.07885245,0.01647626,0.04001127,0.24174106,0.33954883,-0.0018691199,0.12261324,0.06358633,-0.047929946,-0.25574052,-0.029231397,0.120078854,-0.27788082,-0.10319396,-0.06992633,0.15420003,0.10177953,-0.15480107,0.21239546,-0.13677408,-0.10747474,0.3150615,-0.25347176,0.060114548,-0.020161165,0.04689868,-0.27377486,0.10894737,-0.1289679,-0.2891033,-0.06129697,-0.061795905,0.11373525,-0.004344429,-0.37566727,0.07000863,-0.034741092,0.014480205,0.28950587,-0.14772923,0.29119542,-0.1072397,-0.033664063,-0.004873867,-0.058047194,-0.13534437,0.0641628,0.09231053,0.14689142,-0.07323993,-0.01261116,0.12106689,-0.13367239,0.30941162,-0.21066996,0.12082226,0.2297451,0.059619784,-0.13681132,0.12781142,-0.1545881,0.1804746,-0.12268709,0.0007418575,0.11844173,-0.04379421,0.025581041,-0.07402468,0.43788198,0.16730088,-0.082511954,0.06742214,0.025120547,0.011778605,0.2069354,0.06767143,-0.021261955,-0.30608797,0.27815804,0.26495036,0.0145935,-0.1496291,0.29320726,0.13147709,0.10743999,0.13625486,0.048577677,0.056034967,0.1719726,-0.1642588,0.3052181,-0.07419322,-0.20847638,-0.032850165,0.06940807,0.058539107,-0.052640747,0.0020735087,0.022974322,0.014840431,0.051586583,-0.09250443,-0.20066509,0.19169977,0.093118824,0.013156659,-0.0644913,-0.35686418,-0.04954066,-0.07486849,-0.12782529,0.028603898,-0.004758627,0.038416002,-0.32040957,0.06318468,-0.057470333,0.13756348,-0.11176415,0.18715295,0.12879413,-0.067032196,-0.26449636,0.2855945,0.050814666,0.020877583,0.089183554,-0.014209722,0.21165095,-0.006863056,0.21202235,-0.15334184,0.074116915,0.21640572,0.018999582,-0.2570152,0.37136817,-0.16101576,-0.0897156,0.27963084,0.22951947,-0.032281067,0.05356889,0.021061366,0.055699453,0.05106223,0.28416836,0.024351204,0.0076663964,0.5438068,-0.054706022,0.20614594,0.20942213,0.041310206,-0.09113708,-0.23008753,-0.20355523,0.09169484,0.19978191,-0.02289549,0.062306847,-0.13314345,-0.052386705,0.21950635,0.0667857,0.12869589,0.6046487,-0.16780838,-0.16274925,-0.12506065,0.07282275,0.13118115,-0.13540696,-0.055601195,0.25857618,-0.0027790356,-0.013804879,-0.42303833,-0.112643905,-0.20107296,0.18766072,0.075018756,-0.084457666,-0.045981646,0.19946116,-0.18542798,-0.36289144,0.026660075,-0.16298723,-0.1560384,-0.10267584,0.08180426,-0.09673996,-0.03671219,-0.08508094,0.03691404,-0.18530695,-0.2443891,0.042324815,-0.038328107,-0.22237094
GUN11_ORYSJ,0.00075898133,-0.039104015,-0.022128953,0.036832437,0.26030278,-0.2543326,-0.06356824,-0.15911295,-0.3491512,-0.023923893,0.2671429,-0.054534372,0.086766556,-0.05555701,0.2289046,-0.11372791,0.08704078,0.2420461,-0.35113713,0.060258195,-0.12999061,0.11293975,-0.13116321,-0.055160604,-0.054990858,0.26383403,0.023630474,0.16707866,-0.12587897,0.13600872,-0.07605134,0.026365824,0.05978409,-0.075510815,-0.04411312,-0.3289352,0.0015285509,0.16328612,0.17173825,-0.070876025,-0.23656973,-0.12411426,0.20655595,0.2729216,-0.100589335,0.017673656,-0.87296826,0.15752697,-0.04502757,0.08190908,-0.12100221,0.05557055,-0.0011044213,-0.0950578,0.072585836,-0.23989382,0.22645646,-0.20487314,0.26484612,-0.1057407,-0.07920928,-0.08430718,-4.7210855,-0.15192795,0.17373213,-0.18574615,-0.10491141,0.20600206,0.09266854,0.041596696,-0.03766876,0.20812476,-0.12373124,0.09607425,-0.14009906,-0.08389249,0.005139047,0.1001893,0.14213063,0.093453035,0.24426436,-0.1320459,-0.12919939,0.3095644,0.09489426,-0.017961547,0.070431575,0.0117500955,-0.05917612,0.08988669,-0.14140104,0.21239343,0.0871533,0.17731436,-0.07291197,0.15400717,0.22227785,0.017440407,-0.17378375,0.05035344,0.046228986,0.12535033,-0.15401435,0.13810322,0.09516376,0.14480074,-0.06797567,-0.13288121,0.070962794,0.0105736675,-0.087185614,0.07281825,0.09095145,0.041175205,-0.21827117,-0.05256277,0.0011128325,0.28572446,-0.3697151,0.16567045,-0.084791735,-0.120563194,0.19152084,0.46327904,0.13073361,-0.032675125,-0.018139437,-0.016113723,-0.19786528,0.10548637,0.07986792,-0.108441114,0.007123118,-0.32549122,0.30593172,-0.041553833,-0.21302617,0.16820222,-0.18339817,-0.043521713,0.07830976,-0.030620992,0.03551603,0.0048289234,-0.13009886,-0.14099403,0.034291092,-0.038118012,-0.2498143,0.13088822,0.009071734,-0.1137936,-0.11053328,-0.31176236,0.009936074,0.15664789,-0.03433981,0.18155237,-0.018650806,0.09365911,-0.08166746,0.02023858,0.16309041,0.009851362,-0.14878733,-0.0711959,0.25370362,-0.058968633,0.037740055,-0.03983166,0.1879992,0.13006033,0.15844919,-0.072430424,0.4327004,0.10754085,0.02534024,-0.13926767,0.04562967,0.06804431,0.30940685,-0.111239046,-0.015584372,0.078571245,-0.083750844,0.16893725,-0.1949996,0.33900866,-0.0010070098,-0.1486092,-0.23679769,-0.020265142,0.29995236,0.19058926,0.085044876,-0.029976977,-0.05199701,0.08250001,0.012264254,0.033294644,-0.10146184,0.33610216,0.13578278,0.12520275,-0.118463196,0.053031217,-0.19424309,0.5186984,0.14338371,-0.069071315,0.1287012,0.030695966,-0.21962732,-0.057852577,-0.016850779,0.18966544,0.10709784,0.065547526,-0.089571565,-0.08426635,-0.25227162,-0.11437263,-0.0077930633,0.05170331,0.01120597,0.020910172,-0.057132963,-0.31206596,0.06875855,-0.00116902,-0.007783187,0.028522223,-0.079247914,-0.01979777,0.05662677,0.1804878,0.076471284,-0.023909036,0.053803682,0.16415681,-0.0009991868,-0.24500345,0.0767601,-0.27570656,-0.05033363,-0.31005788,0.25109768,0.011126294,0.040023174,0.04971103,-0.05302471,-0.11156652,-0.104941696,0.0014652446,-0.055276938,0.23821235,-0.13143049,-0.01459798,0.12006455,-0.008709784,-0.007839515,-0.08116107,0.05745913,-0.06438121,0.17659412,-0.036086258,0.04393161,-0.11218087,0.07203233,-0.053140968,0.11859758,-0.17993896,-0.015451117,0.046608675,0.06764607,0.079502806,-0.05483735,-0.16193281,0.11444285,-0.0034761752,-0.14110686,0.13249582,0.11610688,0.019784894,0.2576544,0.16489822,-0.17131522,-0.25123557,-0.20314239,0.016587093,0.059714675,-0.06587557,0.049671363,0.103458986,0.078940675,0.029622499,-0.13809219,-0.048014656,-0.16855748,0.2658153,0.114238136,-0.052437395,-0.045852423,0.11276668,0.072882585,-0.19948405,0.01894085,-0.18633896,-0.094959974,0.0639472,-0.16946362,-0.12785973,0.0063984804,-0.19397232,-0.25402376,-0.26031804,-0.12955423,0.30669224,0.0058335382,-0.078178525
GUN14_ARATH,0.12333735,-0.059156846,0.06921803,0.046020705,0.20136343,-0.12948602,-0.06183306,-0.13781936,-0.2043544,-0.06616933,0.1614817,0.061352815,0.13724326,0.07035075,0.203313,-0.14845264,0.051855527,0.17120671,-0.18423694,0.01061459,-0.068333596,0.1315346,-0.02085547,-0.006078787,0.006135551,0.1821645,-0.024188109,-0.017121084,-0.11692335,0.14085868,-0.11077574,0.17610395,0.050860465,-0.013590911,0.016060751,-0.22697699,-0.0047785584,-0.0020425508,0.19846538,0.0168531,-0.21651134,-0.034223665,0.15087286,0.11806103,-0.11747063,0.027606426,-0.9881378,0.23274955,-0.13302839,0.07490317,-0.056347996,-0.018209713,-0.010367736,-0.041316785,-0.031351283,-0.20798855,0.15255259,-0.08635568,0.2300743,0.056107536,-0.061407,-0.035579003,-4.8282537,-0.14406326,0.13652909,-0.0840421,-0.015616808,0.115614206,0.08360397,0.08450665,-0.13060492,0.14116538,0.024175627,0.13749427,-0.07673191,0.00790122,0.029454377,0.15709378,0.16394483,-0.011496174,0.24015686,-0.17892776,-0.029035972,0.21043666,0.021985145,-0.024647394,0.10166139,-0.052496612,-0.03935252,0.0202868,-0.21018547,0.07580545,0.16537283,0.11394358,0.017555784,0.13204034,0.11565363,0.041365255,-0.13245396,-0.076553635,0.0019243291,0.0054930896,-0.23095004,0.020237561,0.091776155,0.0140041,-0.062228315,-0.029566463,-0.035954792,-0.08378548,-0.10475037,0.14664073,-0.019605648,0.11403564,-0.09759676,-0.005290487,0.026814431,0.20240618,-0.2802059,0.045898438,0.03950441,-0.08943373,0.19721152,0.27819788,0.19901948,0.05119179,0.027340265,-0.041716848,-0.21448214,0.06565232,0.14748101,-0.12241636,0.030288963,-0.21652426,0.3475978,0.030846626,-0.2420964,0.09946821,-0.1485331,-0.19549003,0.16732861,-0.13220899,0.06725672,-0.11952494,-0.05292446,-0.17555228,0.047403626,0.010197988,-0.24880958,0.12439551,0.03843237,-0.13409223,-0.27494854,-0.35806143,0.07856621,0.13452303,0.026565831,0.16784294,-0.012248331,0.16030996,-0.004275101,0.077215,0.12434541,0.033966217,-0.051852174,0.0035072858,0.21459936,-0.092506535,0.052910138,-0.03459437,-0.0056567388,0.12883115,0.15207903,-0.1003946,0.24874951,0.21650557,0.10111166,-0.15297025,-0.026734142,0.010871988,0.19137822,-0.219614,-0.023154952,0.054574747,-0.064572774,0.077497,-0.22146475,0.39443362,0.00040313147,-0.12913872,-0.10564859,0.06380105,0.362091,0.10452168,0.08890678,-0.04954314,-0.11263393,0.07639351,0.121608496,0.11438411,-0.09297348,0.23654424,0.17566998,0.15665343,0.037746537,0.031854235,-0.074379966,0.13347031,-0.087984666,-0.00093578664,0.11024486,-0.08805884,-0.10413908,-0.03802444,0.034325555,0.0786876,0.056192905,0.0038696893,-0.07178045,-0.040834762,-0.24765871,-0.07002518,0.089709476,0.048384417,0.016321724,-0.07576388,-0.027755676,-0.24995208,0.025932182,-0.005682099,0.0669582,-0.08142387,-0.02599838,-0.19905011,0.05013306,0.12334959,0.112372726,0.023913348,0.109683365,0.07602864,-0.023277914,-0.1987156,0.0068688896,-0.17823485,0.061217703,-0.20434001,0.24096924,0.10851695,0.003053345,0.081984125,-0.02937916,-0.00019205027,-0.12793548,0.01600767,-0.009805534,0.2098406,-0.14745854,-0.030158788,0.23286603,0.020090314,-0.028978886,0.012549571,0.005429023,-0.09723277,0.1308189,0.10785953,0.12347123,-0.1660139,0.17306839,-0.1513231,0.044111405,-0.04248595,0.023540955,0.04862043,-0.12959898,-0.040077124,-0.003616867,-0.008481398,-0.02625423,0.059096172,-0.06671235,-0.024312662,0.16890281,-0.000954509,0.22041953,0.22892173,-0.101384066,-0.20690964,-0.027085142,0.04402884,-0.036236927,-0.06922282,0.12094466,0.05237374,0.005262091,0.055914313,-0.16131003,-0.0682071,0.0013408549,0.17843391,0.021728724,-0.09478804,-0.03551061,0.027798863,0.025886588,-0.23225278,0.014357978,-0.0860408,-0.13088506,0.028986063,-0.07522999,-0.12462011,0.025014171,-0.12865804,-0.14720945,-0.23271912,-0.20909487,0.26287487,-0.051313534,-0.024184294
GUN21_ARATH,0.0654407,-0.10219828,-0.02214707,0.12466387,0.24988882,-0.23736341,-0.08181063,-0.114584245,-0.1736049,-0.101833746,0.19982271,0.028151289,0.066294394,0.10803982,0.23338705,-0.162865,0.1443978,0.14605136,-0.14882024,-0.033959195,-0.06077697,0.010741972,-0.024253208,-0.08951855,-0.015623541,0.29791516,-0.07756758,0.0773884,-0.041037742,0.15966643,-0.062149268,0.23356257,0.050209094,-0.076446176,-0.024070008,-0.16814397,0.024391158,0.027215369,0.16225334,-0.018971106,-0.20398228,-0.049348556,0.10388543,0.24019986,-0.11256393,0.009856636,-1.0418857,0.24641472,-0.1464967,-0.008280721,-0.01094156,0.0745692,0.01801278,-0.012803388,0.0052717957,-0.20724286,0.21996903,-0.0962181,0.25975528,-0.082586154,-0.037899382,-0.053581957,-4.8424687,-0.15247865,0.1349868,-0.023051068,0.004194223,0.17581078,0.031740684,0.082956314,-0.1613697,0.15740488,0.052085754,0.18477818,-0.09399099,0.014607197,0.07141812,0.10228152,0.113851994,0.05518176,0.22665216,-0.0097947335,0.07160295,0.15091418,0.039045162,0.0134863425,0.12197466,-0.030660858,-0.052602082,0.07789458,-0.21231656,0.072387464,0.14238825,0.19430773,-0.023567213,0.12803556,0.10269504,-0.031573948,-0.122406915,-0.0702249,0.06293068,0.10078354,-0.21014686,0.045258794,0.13365498,0.1096874,-0.11078353,-0.0035036951,0.004617351,-0.13470563,-0.08984709,0.092165135,0.11092807,0.068863,-0.12805004,0.015325025,0.08019301,0.25043294,-0.3478822,0.012210245,-0.04730873,-0.07119427,0.26188916,0.25512245,0.21944945,0.08832678,-0.032268766,-0.10131043,-0.21330038,0.053522415,0.08780377,-0.13400948,0.00916359,-0.1586829,0.37267873,-0.03997777,-0.17779136,0.023136497,-0.13713798,-0.2204069,0.18027991,-0.13075961,0.06613878,-0.0742234,-0.07625598,-0.16732004,0.023337273,0.0075621987,-0.1997624,0.15565169,0.043264005,-0.11012424,-0.22909664,-0.3999344,0.035147607,0.17916502,0.035488077,0.14426053,-0.03148529,0.117044084,-0.05332276,0.061721906,-0.0020088598,0.056387108,-0.059463292,0.0024246708,0.23878308,-0.09481572,-0.006519002,0.009736518,-0.085777305,0.13490675,0.23862906,-0.14515917,0.17190449,0.22832379,0.11533098,-0.15659748,-0.05766944,-0.08931522,0.18698362,-0.27204886,0.042036522,0.11001856,-0.11759979,0.104731545,-0.23607299,0.28199223,-0.015226838,-0.09266718,-0.11650505,0.049086336,0.3246534,0.12508824,0.08917356,-0.019772755,-0.07652978,0.09642972,0.06935512,0.18980931,-0.036554687,0.19647601,0.1322408,0.14266233,0.023374587,-0.03260248,-0.14505401,0.003862079,0.055563312,-0.029866822,0.12335654,-0.044152543,-0.15004195,-0.07173953,-0.00087397004,0.04627648,0.09768443,-0.013415377,-0.10957706,-0.16786128,-0.37211242,-0.008871264,0.08073444,-0.021508167,0.014224245,-0.076620266,-4.2409374e-06,-0.22421686,0.08778609,0.053473897,0.030716024,-0.033840094,0.0033804919,-0.1255002,0.04342764,0.14968204,0.1187489,-0.017458556,0.07425559,0.18627046,-0.110513866,-0.16877487,-0.025020316,-0.1588332,-0.012142262,-0.14229566,0.19262522,0.08369432,-0.0009789529,0.041418403,-0.06756818,0.026540207,-0.09265306,0.05289285,-0.008258216,0.20422815,-0.120224416,-0.028383411,0.21415415,-0.04678941,0.0042374264,-0.023670765,-0.010497816,-0.09302073,0.09006724,0.10922685,0.050470814,-0.19357878,0.15401697,-0.072332755,0.08030402,-0.050634887,-0.05640863,0.051259354,-0.07856557,0.042607818,0.028638968,-0.07608908,-0.003121847,0.02381227,0.018997451,-0.029914169,0.13545915,-0.040191833,0.21039441,0.17770687,-0.12961376,-0.18272346,0.014343151,0.04484736,-0.0155574,-0.14192654,0.08826001,0.07354982,0.0047853547,0.05258483,-0.13098584,-0.12729725,-0.08509542,0.23924634,0.015311894,-0.04468688,-0.05666014,0.050729178,0.07068492,-0.1338352,-0.001501735,-0.07780091,-0.20463808,-0.05528898,-0.00844838,-0.0794491,0.005077807,-0.09053978,-0.05464567,-0.12846565,-0.1254529,0.20496747,-0.052712616,0.012659687
GUN22_ARATH,0.056206297,-0.11385947,-0.011412702,0.07811243,0.22687444,-0.23356456,-0.024544384,-0.15282789,-0.2338812,-0.06597007,0.23785482,0.08137838,0.11410969,0.12525955,0.20674552,-0.19600306,0.12481525,0.1639906,-0.13067658,0.01869682,-0.04340575,0.10803655,0.019118812,-0.061796334,0.06204246,0.25712132,-0.04586326,0.04551239,-0.032465633,0.12973705,-0.017606372,0.17448576,0.020247506,0.00045082215,0.036774382,-0.18298025,0.025732009,0.0044969996,0.17493208,-0.015528381,-0.22001469,-0.055123948,0.124304116,0.14336325,-0.13920893,0.080605,-1.0993227,0.26424825,-0.10480807,0.055756845,-0.040146332,0.020327253,0.023063328,-0.08358606,-0.03248254,-0.23230276,0.25116995,-0.111246094,0.21094938,-0.028192148,-0.036642183,-0.030850234,-4.910594,-0.1794145,0.16165026,-0.041527107,0.018935,0.095131055,0.08649706,0.08051632,-0.14242655,0.0908622,0.011308632,0.17381044,-0.13672753,0.028252373,0.028810754,0.14277259,0.146186,0.0011846105,0.17498216,-0.037376557,0.007850028,0.29386896,0.056525473,-0.03490583,0.086611934,-0.03931396,-0.013641022,-0.037935104,-0.18710321,0.071991876,0.18713301,0.19327268,-0.025090098,0.115196705,0.053375255,-0.065313846,-0.11359755,-0.06657431,0.00094771915,0.06843409,-0.2082453,0.08131152,0.11095497,0.08982772,-0.08007487,-0.044567086,0.032239754,-0.060009487,-0.07036345,0.059993282,-0.01130075,0.049508963,-0.09176348,0.07476077,0.017441163,0.21907385,-0.26672116,0.028309604,-0.015676437,-0.1007223,0.19955546,0.18510404,0.21220028,0.09475389,0.00029810975,-0.07331946,-0.19669698,0.037256528,0.13845156,-0.08898563,0.10008998,-0.16794781,0.3139033,-0.080880426,-0.2041194,0.1203884,-0.18090725,-0.23261061,0.20674118,-0.19720902,0.030826677,-0.07600137,-0.041833453,-0.12940554,0.07450045,-0.026015263,-0.1920912,0.14608623,-0.008391989,-0.10494796,-0.25269863,-0.3749023,-0.0034245555,0.10246335,0.027916579,0.13310543,-0.042638056,0.11806826,-0.031984013,0.082404554,0.10685065,-0.00022255894,-0.034703825,-0.041630045,0.25663832,-0.11299232,0.07059845,-0.03368511,-0.007625599,0.09464247,0.13914008,-0.17709015,0.26013264,0.24082239,0.092032924,-0.14280194,-0.012265615,-0.07273937,0.17479949,-0.21875304,-0.012484474,0.061740413,-0.10554306,0.13074401,-0.28976724,0.3014051,0.032300465,-0.06939381,-0.09212766,0.03138685,0.2235986,0.17514756,0.09602168,-0.059586994,-0.10365774,0.026990166,0.105994634,0.15938152,-0.04014517,0.21957451,0.21817745,0.16924511,0.01365703,0.021544416,-0.079859294,0.055709463,0.035185974,0.0032027017,0.1169128,-0.04492739,-0.16010047,-0.021329973,0.0073364205,0.062010035,0.056511942,0.04374957,-0.12597589,-0.08668973,-0.2716747,-0.047209702,0.07063,-0.05896192,-0.062340945,-0.07650208,-0.034743857,-0.15248631,0.03636756,0.032638263,0.03372347,-0.039368153,-0.03110116,-0.037711393,0.0613308,0.1286215,0.10814859,0.03251333,0.07668244,0.18732056,-0.16695085,-0.20369275,-0.033029348,-0.19653785,0.018928304,-0.13072775,0.30836505,0.07929944,0.005086331,0.03388519,-0.019373441,-0.08821318,-0.09917061,0.018229978,9.4775714e-05,0.15906043,-0.16088855,-0.05407736,0.18365897,-0.002975138,0.010107361,-0.092561565,0.0006392973,-0.08468413,0.1051959,0.09513427,0.04104817,-0.16061288,0.10979127,-0.03712131,0.047758248,-0.054426473,-0.045249224,0.033246424,-0.05869189,-0.037330057,0.024187066,-0.12172245,0.03241243,0.03602871,-0.022945149,0.00066309975,0.18392529,-0.004286687,0.22719817,0.23936743,-0.1325237,-0.22888535,0.044714462,0.04653644,-0.054944854,-0.065118425,0.12542064,0.079267114,0.023160676,0.0557201,-0.15531985,-0.04696627,-0.050630074,0.20082606,0.02503942,-0.08152401,-0.017557254,0.007202163,0.02357088,-0.11422294,-0.027709447,-0.06522873,-0.11556125,-0.0170005,-0.026398363,-0.12546843,0.040191203,-0.14904308,-0.038074084,-0.14101416,-0.1329587,0.2674514,-0.023118453,0.02971447
GUN7_ARATH,0.07032214,-0.08423461,0.034290142,0.11956755,0.21704786,-0.20071745,-0.05339947,-0.13816257,-0.16261367,-0.0899866,0.19838804,-0.009322768,0.036626637,0.118872315,0.19467854,-0.17084785,0.124987036,0.11718113,-0.15307088,0.03045716,-0.083628565,0.006847065,-0.0580399,-0.09901889,-0.015817182,0.28705853,-0.07584358,0.09855971,-0.053142507,0.17143859,-0.046790496,0.12491217,0.051143553,-0.08735873,0.020038353,-0.18951318,0.050411183,-0.055236585,0.10646336,0.026253484,-0.21214406,-0.046593353,0.004244263,0.1845856,-0.14026691,0.026412707,-1.0655795,0.22840786,-0.119006604,-0.028223382,0.008285738,0.098897144,0.004350856,0.03666105,0.012841296,-0.18122981,0.22606865,-0.08774386,0.22910987,-0.033081602,-0.06920332,-0.06956492,-4.9194045,-0.21325193,0.12484496,-0.022064324,0.042109292,0.18642831,0.07005844,0.1268052,-0.10896202,0.1472631,0.020270115,0.18444632,-0.12769939,0.03072388,0.092779934,0.10783822,0.090200126,0.08484387,0.16639897,0.016944503,0.05694608,0.06760641,0.050454427,0.034052853,0.17912556,-0.12235843,-0.017890261,0.08720351,-0.1670195,0.07391935,0.14053647,0.25769135,-0.05097835,0.08280268,0.059259474,-0.048124943,-0.123357005,-0.066337354,0.10258348,0.10270642,-0.23194419,0.037931833,0.12012608,0.14675644,-0.1378591,-0.0066164895,-0.009827527,-0.113850355,-0.041643646,0.03894071,0.11899656,0.031034006,-0.08319622,0.04113936,0.052417576,0.2502079,-0.30327886,0.020129252,-0.043871474,-0.06545578,0.20601772,0.25709957,0.23939346,0.086134225,-0.04193259,-0.05474196,-0.17682283,0.028716858,0.11133199,-0.101905875,-0.021173658,-0.13012125,0.3432437,-0.06829333,-0.14344749,0.06777446,-0.16282448,-0.17172576,0.12165935,-0.09452904,0.07684368,-0.073567785,-0.07193656,-0.15597221,0.039633557,0.016180119,-0.19981259,0.15902969,0.058092598,-0.1361521,-0.20455834,-0.34367648,0.011375646,0.21707805,0.02249771,0.14442521,-0.0737532,0.09138197,-0.05654646,0.008750015,0.066901654,0.06502187,-0.022530593,-0.020628212,0.28240374,-0.11935731,0.04559322,0.044344164,-0.1084672,0.139323,0.15849504,-0.12066989,0.16598637,0.20247465,0.041223366,-0.0844141,-0.07502148,-0.12017027,0.20730312,-0.2406074,0.00994802,0.09940617,-0.11960996,0.13999595,-0.19737752,0.25919247,-0.011393781,-0.13869429,-0.16250409,0.048421107,0.20503913,0.103060976,0.01581839,0.034582198,-0.050106533,0.10249109,0.09802099,0.18965024,-0.059874926,0.20564373,0.16932663,0.12986557,0.0066482713,1.836319e-05,-0.13888112,0.025168238,0.037462965,0.006368543,0.07992448,-0.0691521,-0.15410945,0.0052757463,0.017248366,0.019302558,0.05983193,-0.0039818846,-0.060463075,-0.1795976,-0.34916562,-0.046222016,0.039832808,-0.008345322,0.0065121185,-0.023730297,0.060289063,-0.17797758,0.08107666,0.043001883,0.07661341,-0.035586372,0.009630087,-0.11381709,0.07240508,0.121876016,0.14508739,-0.05578884,0.06513172,0.1673887,-0.088264346,-0.10622473,-0.03284872,-0.16297291,0.06486459,-0.10504393,0.20924366,0.05705564,0.03826753,0.018922757,-0.0369157,0.016460398,-0.11022551,0.071861416,-0.016918955,0.15455845,-0.15042515,0.000963752,0.22577827,-0.046361815,0.037575435,-0.064481765,0.02938492,-0.14546855,0.057900142,0.12612687,-0.0040939697,-0.1511562,0.16471103,-0.074146695,0.09787835,-0.042610217,-0.08404386,0.03183055,-0.023415115,0.06469289,0.029254876,-0.091489695,-0.029941065,0.0059485505,0.031352583,-0.037817717,0.16273162,-0.1084775,0.2706951,0.17114855,-0.13239773,-0.23167515,-0.023847291,0.06681951,-0.07690702,-0.0630598,0.13047898,0.08114682,-0.021741686,0.07020891,-0.13052021,-0.15147199,-0.10736541,0.22745351,0.009992064,-0.05685098,-0.033033587,0.06818268,0.07617693,-0.17117567,-0.011255855,-0.07870789,-0.1934932,-0.07146484,-0.021140365,-0.08350266,0.033732675,-0.040081166,-0.033614513,-0.14320287,-0.10862453,0.18146995,-0.050789032,0.06343759
GUN2_BACSU,-0.05642905,-0.09584276,0.12321028,0.12882224,0.28481856,0.043651544,0.031583853,-0.072485626,-0.11920055,-0.1390167,-0.03190857,0.16049087,-0.044927023,0.17884442,0.18036601,-0.06375963,0.047358986,-0.07166023,-0.23114273,0.12386771,0.015939334,0.17185597,0.08432125,-0.0731709,0.088365264,0.15835881,-0.05411177,-0.12901908,0.008083389,0.20437375,-0.119654626,0.3632277,-0.039030913,0.10870953,0.11226204,-0.0804465,-0.10148107,-0.15712371,0.055138785,0.109228276,0.06532022,0.095097356,-0.11249854,-0.11533577,-0.024272157,-0.049732063,-1.0151759,0.13061352,-0.13629586,0.026655523,-0.008262903,0.008729526,-0.09273213,0.1652816,-0.060205005,-0.3155814,0.36345187,-0.18521428,0.28529,0.10300657,0.0048460844,-0.23560253,-4.1625404,-0.22276032,0.20390595,-0.080916904,0.1006736,0.09350147,0.05753963,-0.031838905,-0.08387501,0.21306252,0.041814916,0.25944322,0.33349338,0.10972568,-0.046064183,0.074119754,0.076612085,-0.04527689,0.051921003,0.1272349,0.003475825,0.13603124,0.19839597,0.004659847,0.19336186,-0.28129277,0.042272996,0.17399317,-0.112827055,0.06832365,0.2626509,0.071320154,-0.18627408,0.009707708,-0.03278097,-0.111860536,-0.24719518,0.047984827,0.09482533,0.017376877,-0.09998789,0.06475544,-0.01585288,0.000800844,0.041824065,-0.036783878,-0.201953,0.059292108,-0.10843619,0.01463747,-0.057964552,0.0064032436,-0.11297012,-0.02636554,-0.01225105,0.1679495,-0.10875097,-0.32111663,0.12909862,0.03216451,0.025793537,0.0031507248,0.20236063,-0.053320635,-0.057555463,-0.06861592,-0.13873369,0.08500107,0.08790564,-0.08617458,0.045268852,-0.17184618,0.33792537,0.16800816,-0.23418468,0.13194807,-0.28245276,-0.33653495,0.15080562,-0.1678672,0.07956695,-0.06870657,0.09132457,-0.20209602,0.08959154,0.17043428,-0.059682455,0.22860041,-0.015428242,-0.06641295,-0.33478302,-0.05825562,0.04436989,0.07253046,-0.106067196,0.3373703,0.024525128,0.08639106,0.059065882,0.12215517,0.16262874,-0.06535049,-0.0318497,-0.07086245,0.09059626,-0.023211587,-0.05277896,0.13343641,0.029314552,0.03582345,0.2682291,-0.20672248,0.06825624,0.23839633,0.11022127,-0.059503235,-0.08168804,0.05935942,0.19161645,-0.17460684,-0.009937262,0.08698952,-0.20680806,0.22951007,-0.17990646,0.33666635,0.10163039,-0.119141266,-0.1473549,-0.027692504,0.21791027,0.047987714,0.059373397,-0.07714482,-0.16632205,0.08153735,0.179794,0.19325021,-0.16460739,0.046984676,-0.08958014,0.17992665,0.036024462,-0.006633582,-0.19912216,-0.029339658,-0.26873407,-0.26037398,0.009300266,-0.031650744,-0.0719574,0.050577875,0.12894794,-0.078956604,-0.034462113,0.039738495,-0.040734712,0.10478699,-0.24007493,-0.16921547,0.045693997,-0.005549522,0.12679179,-0.04796098,-0.21920966,-0.122728854,0.02629778,-0.13722342,0.22604586,-0.13617335,0.15031664,-0.07643736,0.19672999,0.020775517,0.087301455,-0.11196153,0.15116434,0.02951616,-0.038344927,-0.20220783,0.0058835307,0.0451618,-0.028657192,-0.078736946,0.14827459,0.0477066,-0.05445902,-0.022233894,-0.10576916,0.1336098,-0.11141365,0.15537737,-0.046114407,0.29773808,-0.13023126,0.046063162,0.15509273,-0.09030523,-0.09103512,-0.12868823,-0.07542269,-0.2036995,0.16180797,0.24458295,0.03756092,-0.21868788,0.16508825,-0.0902256,-0.038710065,0.049163476,-0.07436112,-0.2711446,-0.07222097,0.09821321,0.08855438,-0.13030703,-0.011128717,0.10056623,0.08259613,-0.1303033,-0.0032729874,-0.11916214,0.12526058,0.22905602,-0.013196743,-0.06153087,0.05994428,0.13089912,-0.12845966,-0.102467574,0.01185558,0.16654117,0.15456715,-0.055460468,-0.13123329,0.004892435,-0.019165305,0.08897715,-0.059489116,0.1068352,-0.038106147,0.098556764,0.03919789,-0.082027145,-0.010287294,0.08053394,-0.05360312,-0.19140485,-0.19322881,0.053793482,-0.044821166,-0.087611854,0.0029153842,-0.29944116,-0.2050093,0.21384427,-0.113757744,-0.036502894
GUN6_ARATH,-0.08071829,-0.0748201,0.075690724,0.14996375,0.25652805,-0.2386169,-0.003164253,-0.15325478,-0.15780345,-0.059019174,0.25117746,0.06688442,0.027725434,0.09077131,0.2737101,-0.07026202,0.17311767,0.12297067,-0.25223908,0.22169502,-0.056137633,0.090692654,-0.050390508,-0.12801057,-0.02237905,0.2939518,-0.11400894,0.0977947,-0.009899532,0.17096347,-0.04217132,0.16600345,0.13630036,-0.05858,0.044984948,-0.14585048,0.025758019,0.009303467,0.11541306,-0.0024960677,-0.16823272,-0.004966052,0.1642378,0.14933987,-0.092254825,-0.040993165,-0.92765,0.15912777,-0.058393687,0.043527853,-0.1312878,-0.010593931,-0.009160392,-0.00075370475,0.014540701,-0.24235858,0.19707936,-0.11795401,0.11843623,0.066273,-0.04326239,-0.14232706,-4.7368746,-0.30392525,0.10562045,-0.063727535,0.0026658264,0.22644252,0.058529697,0.09631533,0.0050714808,0.22302094,0.055729717,0.06272453,-0.10915185,-0.040829767,0.093176425,0.09099141,0.096386336,-0.028838798,0.23046595,0.05814967,-0.04229295,0.16439968,0.105377726,-0.06887261,0.09932357,-0.06506091,-0.06023295,-0.00935043,-0.08696303,0.1369608,0.1630672,0.18214834,-0.15868993,0.030745206,0.11676817,-0.069798775,-0.1854721,-0.03790842,0.08416121,0.06374264,-0.15335114,0.11709985,0.06420342,0.1823862,-0.08322962,-0.07381003,0.0028372942,-0.07888345,-0.06598895,0.11207571,-0.07765082,0.08059297,-0.14352277,-0.095217995,0.11733316,0.24979252,-0.24338436,0.019821787,0.029771823,-0.06339791,0.16925676,0.22701198,0.14569554,0.016910601,0.0014534035,-0.12050998,-0.10634518,0.05482779,0.17978263,-0.113052174,0.033306286,-0.21564403,0.31586105,-0.05372853,-0.1972816,0.11561814,-0.19158944,-0.15108426,0.07372262,-0.15684377,-0.10861071,0.0143957855,-0.02302296,-0.18228424,0.04198908,0.033853326,-0.21554467,0.114252366,-0.04909075,0.033078786,-0.13738991,-0.2062176,-0.04504645,0.09610177,-0.023667851,0.10176189,-0.101899356,0.12548491,-0.034400117,0.1392475,0.10924757,0.07718613,-0.12373645,-0.077827655,0.18450944,-0.016882164,0.090563916,0.0026028226,0.23980375,-0.019063717,0.26870984,-0.14000198,0.3268964,0.1622656,-0.0050551975,-0.08615797,-0.03047223,-0.0727559,0.24102452,-0.12884842,-0.06123202,0.061406236,-0.11871822,0.16944154,-0.26206204,0.3281252,0.016832005,-0.07722143,-0.18067838,0.033816673,0.16924255,0.14585076,0.03170326,-0.054057304,-0.04577467,0.068565935,0.094907254,0.18344639,-0.07598923,0.28122705,0.060574364,0.1473827,-0.016126685,0.0019334964,-0.17815961,0.2077883,0.027671488,-0.01835404,0.16664451,0.021540143,-0.21741964,-0.082386754,0.057918977,0.06408525,0.11345498,0.014365874,-0.0054919743,-0.03205245,-0.27898026,-0.100134894,0.026362091,-0.03363664,0.044068824,-0.101690404,-0.20824963,-0.19913892,0.04160072,0.010547352,0.09146685,-0.033511057,-0.0033867965,0.011485501,0.1920389,0.21556441,0.06748571,-0.07983938,0.11755563,0.15812549,-0.16191232,-0.2558255,0.061646365,-0.14063151,-0.10033692,-0.16093759,0.35088602,0.069253325,-0.054337345,-0.00932627,-0.039582796,-0.041230798,-0.0536405,0.05075372,-0.11663338,0.26417336,-0.12410561,0.034713373,0.18141294,0.073744856,-0.04696571,-0.08608268,-0.08135608,-0.15409799,0.17684725,0.0401934,0.068856634,-0.13985896,0.09821467,-0.07776298,0.052808497,-0.13410233,-0.017901773,-1.9012157e-06,-0.085331514,0.096233025,0.02415401,-0.19314644,0.10444504,0.020438222,-0.12110744,0.0435389,0.05554355,0.057665925,0.2216442,0.238413,-0.13683417,-0.27497593,-0.04771166,0.10355389,-0.049300425,-0.1284938,-0.049778536,0.041062873,0.030571112,0.008334158,-0.11117533,-0.08207413,-0.1530855,0.19961166,0.06593724,0.06686502,-0.087867655,0.10724814,0.0024584965,-0.14045705,-0.05596622,-0.06658719,-0.19149667,-0.03946919,-0.04942262,-0.095121816,-0.016739404,-0.1186174,-0.12272367,-0.20816043,-0.11056017,0.26281905,-0.03879433,-0.072007895
GUN1_ORYSJ,-0.067286134,-0.044218965,0.034627903,0.12174844,0.18197224,-0.20674329,-0.038572922,-0.13934831,-0.23909783,-0.030876225,0.23519778,-0.08223078,0.1307342,-0.036776356,0.2643291,-0.082781345,0.033285633,0.21123429,-0.36868,0.17349048,-0.19741865,0.12281569,-0.15798584,-0.04399546,-0.15726028,0.27784383,0.032146674,0.15953116,-0.17872414,0.17314768,-0.1335949,-0.007518318,0.06506323,-0.13684237,0.0131763,-0.3146,0.03672207,0.038295366,0.14641647,6.605383e-05,-0.1909686,-0.025040843,0.15640362,0.17036399,-0.06854289,0.0031879484,-0.85769266,0.14315899,-0.11161093,0.04315122,-0.13104369,0.026311144,-0.075355515,0.0026816207,0.060071964,-0.15108041,0.25616592,-0.13366726,0.26799697,0.033799767,-0.082757756,-0.15235326,-4.6655884,-0.22282039,0.15089126,-0.18817312,-0.03956695,0.07925035,0.18041666,0.08456538,-0.035433006,0.24290669,-0.10156759,0.20019957,-0.075393766,-0.04595355,0.027734557,0.11776961,0.13066839,0.08655916,0.18738158,-0.10693725,-0.12550953,0.14426927,0.100540504,-0.073926896,0.112331875,-0.06607796,-0.059108302,0.101887524,-0.12891652,0.25033915,0.07687185,0.1541181,-0.06977499,0.106332466,0.20801133,0.035512827,-0.236238,0.07624161,0.0559545,0.037759274,-0.26314196,0.13457257,0.08332572,0.13701925,-0.08266812,-0.14994267,0.041037895,-0.0422388,-0.017848222,0.11774738,0.06201788,0.029552411,-0.20821413,-0.049105935,-0.029738922,0.26430106,-0.35229802,0.13986844,0.03186322,-0.09191501,0.19995725,0.4652464,0.13989101,0.018314468,-0.02059899,-0.042817093,-0.13931072,0.1072445,0.114287905,-0.10773405,-0.13480021,-0.28075263,0.3741512,-0.058827966,-0.22140265,0.12951857,-0.07227096,-0.04136427,0.04738654,-0.05925592,0.048686013,-0.049246036,-0.086238846,-0.18175212,0.036053967,0.051378068,-0.24855636,0.11924815,0.01881993,-0.0415761,-0.19833381,-0.26214355,-0.018064354,0.20055474,-0.059571233,0.12689851,-0.011004347,0.06685275,-0.07349476,0.11604117,0.12583181,0.03993796,-0.10638569,-0.009615152,0.2113099,-0.044590365,0.06566557,0.016681395,0.18603808,0.098517075,0.20234141,-0.13804013,0.43901286,0.08844451,-0.0013936124,-0.06287465,-0.0015782092,0.10401499,0.33949134,-0.060079724,0.0084791435,0.08022315,-0.08779967,0.17155747,-0.14450257,0.33132488,0.03299892,-0.23776744,-0.19612524,-0.040471274,0.23286577,0.09532681,-0.030873884,-0.03897059,-0.0540224,0.10249171,0.061819926,0.14784004,-0.15708895,0.2809684,0.08030452,0.12868133,-0.07725872,0.0760548,-0.2037437,0.5226129,-0.0077342913,-0.031967495,0.12248569,0.05709116,-0.113375135,0.002980063,0.022059644,0.092548296,0.053452548,0.009742324,0.00798018,-0.014808263,-0.1986717,-0.14338864,0.007761639,0.08424667,0.104443096,0.0056874226,-0.08622534,-0.32704622,0.08963607,-0.06227004,0.04863027,-0.05365317,-0.042086836,0.012805974,0.07825865,0.12625481,0.103917584,-0.08570719,0.09842146,0.10303262,0.002400517,-0.24659765,0.09821525,-0.18691203,0.013886152,-0.24651293,0.21943256,0.014659759,0.05493315,-0.021130452,-0.09666905,-0.07339433,-0.110627465,0.044217404,-0.09609366,0.3551704,-0.082792945,-0.03144661,0.08194904,0.01944276,-0.007635088,-0.091003135,0.048388958,-0.17176868,0.13809802,-0.038046863,0.09281101,-0.10243724,0.14534263,-0.16383025,0.16685492,-0.15975086,-0.09235839,0.07482223,0.024600847,0.10212272,0.052278146,-0.13777323,0.0941991,0.04905558,-0.101861864,0.047947496,0.013485976,0.040041868,0.21532913,0.13548797,-0.15815695,-0.23511401,-0.22392625,0.034038905,0.020468816,-0.04321969,0.055207405,0.08731004,0.10517666,0.03734477,-0.19105822,-0.11058677,-0.14880069,0.19327883,0.0328637,-0.016617691,-0.08390777,0.059804514,0.063215315,-0.15316582,0.032153044,-0.23341542,-0.120575584,-0.0017065811,-0.17956546,-0.07946657,-0.09523986,-0.16784671,-0.2422569,-0.32316998,-0.17633781,0.31521127,-0.052340493,-0.01556996
GUN22_ORYSJ,0.03888454,-0.08348137,-0.008507,0.03000109,0.25836352,-0.19216187,-0.020900356,-0.13934752,-0.30999362,-0.038856287,0.26418132,-0.0036176105,0.10950394,-0.020958388,0.20011282,-0.18706469,0.108201064,0.16025664,-0.30099323,0.08580711,-0.10552845,0.11405767,-0.11665233,-0.01720671,0.010054222,0.1900261,0.087130144,0.13738814,-0.040466864,0.07413238,-0.026815655,-0.018080287,0.03731113,-0.08022943,-0.028777294,-0.29410768,0.0570579,0.14863653,0.2218908,-0.08031815,-0.17503007,-0.079421,0.2179182,0.21425307,-0.05116105,0.020139502,-0.9741713,0.14937803,-0.0896674,0.106228545,-0.20213203,0.048827786,0.06522452,0.012207379,0.074203506,-0.21566655,0.23788168,-0.19194365,0.31083265,-0.14684342,-0.054501913,-0.021093195,-4.856105,-0.033599604,0.11254969,-0.12032254,0.029468987,0.06817793,0.01818386,0.031406704,-0.11023069,0.07115799,-0.20391895,0.19115508,-0.1468774,0.008049077,-0.06186946,0.10390725,0.08015209,0.088760726,0.15320532,-0.17415099,-0.14251918,0.27655038,-0.00010238412,-0.069798715,0.025876626,-0.019282108,-0.06926828,0.105664514,-0.19860646,0.24356954,0.0136012,0.14983532,-0.040247235,0.13098183,0.17762333,0.022150747,-0.08298622,0.027525503,-0.041043244,0.113642044,-0.14782327,0.119589806,0.010051314,0.0788947,-0.041678093,-0.09913928,0.0025699877,-0.049360637,-0.06474923,0.028632622,0.13012384,0.0043922956,-0.15096816,0.027748864,-0.1128424,0.31184477,-0.34451166,0.19037214,-0.019596782,-0.0636691,0.21490023,0.38486174,0.11547898,-0.07194126,0.00033086902,-0.032474462,-0.11325401,0.04905814,0.048013948,-0.08419275,-0.040213745,-0.21820018,0.3081628,-0.0741074,-0.1661464,0.068602175,-0.09080717,-0.09646055,0.079876274,-0.047038604,0.057252463,0.03399902,-0.12755434,-0.07473765,-0.0019551245,-0.085161746,-0.16981469,0.1831402,0.05307469,-0.12051416,-0.16336644,-0.39967573,-0.033372216,0.0954898,0.041406497,0.14981724,0.06636915,0.044053067,-0.055045966,-0.035693523,0.12610994,-0.014349966,-0.03567072,-0.08609126,0.22751625,-0.045184907,-0.08794067,-0.0139435455,0.13966171,0.20222117,0.10888021,-0.006885539,0.41287017,0.14611778,0.10620518,-0.10339919,0.047848877,0.0936597,0.30722728,-0.08976115,0.059975006,0.043541376,-0.033745706,0.06550726,-0.18207161,0.2819508,0.011951465,-0.08739949,-0.18141587,-0.036215093,0.4465057,0.18596685,0.053209744,-0.030747171,-0.029919898,0.015860181,0.0016804365,0.12949598,-0.055694748,0.30544388,0.1933071,0.12076467,-0.08642181,0.03959044,-0.16132191,0.37004337,0.14392582,0.01894543,0.09290656,0.0073353928,-0.18083751,-0.06057273,-0.0399314,0.17323813,0.10404097,0.06373288,-0.08070645,-0.14219059,-0.25278547,-0.040175,-0.039675437,0.06825184,0.02842994,0.043647293,-0.06662192,-0.29737335,0.03680281,0.06651447,-0.025138913,-0.024048626,-0.062937036,-0.009068148,-0.01328705,0.13469018,0.119852975,0.0022762257,0.019688038,0.15494412,0.029564325,-0.23309496,0.07049354,-0.2191109,0.003347451,-0.20145147,0.22771227,0.0401773,0.061064806,0.10858002,-0.13850655,-0.13170475,-0.118388936,-0.0041263024,-0.0029070035,0.20895283,-0.04932934,-0.08769691,0.07115922,-0.08941124,-0.021884816,-0.094463825,0.03480899,0.0150601445,0.05525814,-0.0149594685,0.02763773,-0.14811777,-0.0015781763,-0.03320301,0.13967918,-0.06985341,0.016325561,0.09798549,0.06878846,-0.05116078,-0.02419593,-0.048545044,0.07530889,-0.07888487,-0.054339733,0.06976735,0.16340895,0.035443787,0.1999126,0.16402858,-0.11486297,-0.16314194,-0.17518619,-0.088689454,0.04303841,-0.05337011,0.13847123,-0.023330927,0.028592404,-0.053998604,-0.13589685,0.0053564715,-0.12493859,0.27392948,0.09335495,-0.10816173,-0.027508587,0.009136495,0.017602522,-0.1284726,-0.0059636203,-0.09709788,-0.06530396,0.023160493,-0.09722221,-0.11285586,-0.026154771,-0.18865073,-0.1619182,-0.18919916,-0.0888835,0.28401598,0.053571153,-0.100753754
GUN4_ORYSJ,0.0546353,-0.088919476,0.03945378,-0.001901687,0.2068637,-0.07876001,0.025160573,-0.114351116,-0.29999956,-0.037701983,0.24569131,0.044862818,0.07301514,-0.0019986874,0.18790132,-0.07577634,0.046992686,0.1614646,-0.2801196,0.20523399,-0.2116876,0.16208182,-0.09501826,-0.063412644,-0.07262464,0.23612279,0.05275037,0.07190975,-0.08071904,0.18499658,-0.11009075,0.017476458,0.05523285,-0.06391058,0.054573618,-0.246603,-0.023223342,0.011450962,0.18921657,0.06466345,-0.14686008,0.02973406,0.101301506,0.13138397,-0.06981843,0.044465158,-0.9656444,0.1045449,5.9879418e-05,0.09862774,-0.10735833,-0.00820366,-0.05249543,-0.0074685477,-0.00824514,-0.15012623,0.1987202,-0.13845164,0.2928021,0.04260786,-0.06452101,-0.12945536,-4.8732367,-0.23352757,0.1032962,-0.18549883,-0.056326535,0.09504973,0.10868893,0.06643051,-0.06728528,0.15498857,-0.07201362,0.109371655,-0.0870107,0.027727311,0.025101814,0.06818879,0.10420496,0.015775751,0.18528071,-0.14674178,-0.11049022,0.20012225,0.08535781,-0.098391876,0.0597868,-0.073060915,-0.07576612,0.03771123,-0.064569116,0.04140852,0.0884636,0.16074327,-0.10466588,0.10838612,0.14439918,0.0568925,-0.13565366,-0.03923306,0.018831996,-0.020417249,-0.2468778,0.1949674,0.009202801,0.17773253,-0.061823837,-0.050813958,-0.0023040506,-0.018347643,-0.062554084,0.0060216147,-0.075114496,0.06116709,-0.07910433,0.055164453,0.0347973,0.25575578,-0.262343,0.16734728,0.06983636,0.03156891,0.19216281,0.30535054,0.122959696,-0.066664085,-0.008431449,0.023498455,-0.21133684,0.115818985,0.14271733,-0.10671982,0.0049479953,-0.24834871,0.32722676,-0.06956186,-0.25675163,0.14777914,-0.1803976,-0.08142211,0.07485559,-0.116881765,0.047835685,0.045177836,-0.056768667,-0.16539322,0.08562352,0.04578561,-0.2447769,0.06604616,0.032367576,-0.054013606,-0.1335831,-0.26870984,0.017946549,0.10226542,-0.039856832,0.1112234,-0.041948654,0.14837785,-0.0121983215,0.02493113,0.17171921,0.062545,-0.088870905,-0.12906107,0.25211468,-0.07552614,0.10686871,-0.05404505,0.15485597,0.07946334,0.04587444,-0.043031786,0.29135764,0.1384923,0.0755757,-0.044137377,0.020075312,0.045824572,0.30912736,-0.19988534,-0.04034981,0.094422914,-0.10351367,0.17240757,-0.23744585,0.28885564,0.051394477,-0.17379275,-0.19956967,0.016455172,0.2642848,0.15469132,0.010885257,0.075128645,-0.14033389,0.1403399,0.039567225,0.007413648,-0.16627203,0.30750757,0.14104545,0.035481296,-0.08246026,0.1496141,-0.123513095,0.3909387,0.005102298,0.09830635,0.118664846,-0.05983629,-0.13169467,0.04197245,0.0044124895,0.13060427,0.027780045,0.015954847,0.034309465,-0.06561959,-0.16037558,-0.13199233,0.053485915,-0.0013510468,0.07093832,-0.013295937,-0.120705746,-0.18277352,0.036399033,-0.026933545,0.04278593,0.006506186,-0.030031715,-0.011766251,0.15160288,0.09798089,0.11998445,0.034625825,0.07667061,0.119591296,-0.004749177,-0.1916526,0.07164466,-0.23400293,0.036162715,-0.17388526,0.29034546,0.04260157,0.029636443,-0.0065097082,-0.019035973,-0.115658104,-0.13138838,-0.050368022,-0.13674924,0.1660026,-0.19413948,0.01458813,0.18162183,0.03612663,-0.015027391,-0.13418867,0.04206277,-0.11312058,0.1659031,0.029610114,0.00022483438,-0.14263466,0.10717356,-0.023255827,0.08250303,-0.07585819,-0.10901601,0.08994339,0.099670045,0.06544279,-0.014800285,-0.12323469,0.045573737,-0.037063893,-0.08963013,0.08700588,0.19961454,-0.0071436013,0.2616588,0.14645573,-0.0674276,-0.21102564,-0.19001858,-0.04327902,-0.076349236,-0.02322936,0.12340212,0.044786684,0.004295415,0.06465248,-0.18089896,-0.046465203,-0.20754395,0.24866122,0.047809567,-0.02661763,-0.032704066,0.119284,-0.015027343,-0.22800255,0.025031103,-0.24905546,-0.1297899,0.036130942,-0.1767454,-0.07730996,-0.0114721395,-0.07694672,-0.1845531,-0.28580907,-0.143804,0.28304192,0.030880436,-0.0238572
GUN19_ARATH,-0.0027055133,-0.0682758,0.046725072,0.123602815,0.31226036,-0.17208196,0.0011065127,-0.1333155,-0.23207872,-0.06283155,0.21465965,0.13048583,0.05070568,0.102517344,0.25957653,-0.16124986,0.11972227,0.099271215,-0.21054101,0.06053725,-0.06410656,0.06110155,0.015762545,-0.13788116,0.017721418,0.26747453,-0.08877772,0.040963586,0.016842673,0.13465947,-0.049432334,0.26238206,0.024402468,0.036787793,0.06713813,-0.14370707,0.0033276677,-0.018929623,0.13976718,0.00030645708,-0.15105207,-0.0063802483,0.14974761,0.16410889,-0.099191055,-0.011734941,-0.97694707,0.23003349,-0.12763406,0.0583365,-0.11848305,-0.012269216,0.036069497,0.012765001,-0.018612798,-0.24197891,0.21891202,-0.093905725,0.199237,0.00505991,-0.025619647,-0.101464614,-4.734921,-0.19733083,0.10794996,-0.06773323,0.037210196,0.18735027,0.041796397,0.066134594,-0.06927045,0.20206743,0.07471826,0.11638452,-0.036450595,0.014977072,0.07284189,0.122784026,0.17425524,-0.07835421,0.18956167,-0.023154654,0.02777562,0.18099968,0.12332074,-0.004420572,0.08934391,-0.034911986,-0.06243348,0.016559534,-0.16803801,0.06997018,0.17179443,0.13634415,-0.080337144,0.08634781,0.10077791,-0.07842562,-0.10436905,-0.060399972,0.064701974,0.032651074,-0.20267794,0.08502785,0.06076721,0.07983904,-0.049111165,0.01495604,-0.064565,-0.06347948,-0.10576027,0.10732227,-0.06736018,0.14405891,-0.13511339,-0.09098771,0.07574804,0.20001307,-0.25923568,-0.07477907,-0.0061111944,-0.08405015,0.17974414,0.13889506,0.19476053,0.103158295,0.0033668263,-0.09717013,-0.15798037,0.09019836,0.1275324,-0.12759021,0.0831677,-0.19840524,0.32510424,-0.020967817,-0.21943898,0.07071596,-0.15371084,-0.24344526,0.1719142,-0.1466708,-0.024191538,-0.05625376,-0.012228145,-0.19111004,0.034095325,0.03355959,-0.23712955,0.20289242,0.0068582636,-0.03018859,-0.1763579,-0.28539675,-0.04089185,0.10487394,-0.019490434,0.11286405,-0.07011926,0.12027377,-0.048527427,0.11963923,0.10827051,0.027352871,-0.032418996,-0.035995804,0.20616627,-0.06229309,0.0056956527,0.014473498,0.046878476,0.0501246,0.20677821,-0.14217323,0.22723423,0.1779147,0.07277138,-0.14114983,-0.034478854,-0.059648637,0.19666092,-0.19881809,-0.008171403,0.07066511,-0.15564837,0.17608546,-0.25997442,0.31145835,0.0392042,-0.085689895,-0.10611407,0.026406111,0.2336121,0.11553884,0.036965165,-0.031289037,-0.07243794,0.079323836,0.12007333,0.22060733,-0.082456395,0.20754504,0.064729564,0.15731744,0.024644945,-0.013066277,-0.11519305,0.077978194,-0.024937732,-0.06213561,0.1509914,-0.024664378,-0.1511239,-0.075654075,0.07030071,0.06895248,0.06178038,0.0314823,-0.073223494,-0.044528514,-0.27453265,-0.040935498,0.07810255,-0.06360213,0.053789243,-0.12295671,-0.09017153,-0.2051578,0.042171575,-0.015119726,0.10259643,-0.09000195,0.003803311,-0.05625745,0.08394386,0.15292096,0.07139691,-0.022017054,0.087537974,0.13796316,-0.13457355,-0.24805659,-0.0011717529,-0.10087824,-0.012929555,-0.13032478,0.282352,0.06551607,-0.034362797,-0.0016084933,-0.031897053,0.01903896,-0.07546375,0.044339765,-0.029091088,0.24946271,-0.11629611,-0.0009264422,0.2096338,0.0282183,-0.009421816,-0.069548786,-0.035154022,-0.1291405,0.15709607,0.105978034,0.06428393,-0.17720817,0.094342284,-0.080962844,0.0341193,-0.06321889,-0.014023436,0.008796226,-0.13533358,0.045204315,0.015668424,-0.1333404,-0.0019210258,0.019083621,-0.028566938,-0.042499777,0.09242888,0.01292209,0.20084885,0.1987209,-0.10664836,-0.19082059,0.055117358,0.11907842,-0.073129155,-0.1531803,0.001924363,0.025827065,0.04938664,0.018475486,-0.11160457,-0.07912365,-0.09548416,0.21019453,0.009264211,0.033723265,-0.06727034,0.049991272,0.02538236,-0.11913199,0.005762407,-0.019217918,-0.19930135,-0.050231844,-0.013055722,-0.09873416,-0.02883738,-0.092777774,-0.04892573,-0.20061298,-0.14110926,0.23684804,-0.025084954,-0.0020081727
GUN16_ARATH,0.027747016,-0.113094784,0.06114216,0.1088839,0.26523197,-0.23934473,-0.09193662,-0.18492095,-0.23834153,-0.067952484,0.16726239,0.059942245,0.14899468,0.101134725,0.27647394,-0.14155033,0.13765474,0.21207835,-0.15746845,0.047298577,-0.028349273,0.064182386,0.05197285,-0.08241233,0.008401433,0.21118696,-0.09307953,0.078935295,-0.05614298,0.1140284,-0.056254946,0.24238034,0.077932924,-0.05708856,-0.011052447,-0.1441684,-0.005531772,0.039825417,0.23205085,-0.0012707408,-0.20763378,-0.0090496605,0.15289868,0.15839532,-0.103920214,-0.023554148,-0.969329,0.2995114,-0.12515256,0.05128103,-0.060700428,-0.06017421,-0.014511443,-0.106550686,-0.038948014,-0.20250759,0.22440486,-0.094608195,0.26843092,0.007570933,-0.021839352,-0.11850962,-4.7850876,-0.18415414,0.18747924,0.054208726,0.09525118,0.02470577,0.090263024,0.05009293,-0.11109645,0.07897096,0.12810923,0.20059532,-0.14203797,0.027429225,0.014344738,0.27663767,0.17952393,0.02654654,0.17443988,-0.048899572,0.01201259,0.18624505,0.04318428,-0.039777722,0.050288375,-0.032031965,-0.022407822,-0.03941349,-0.19971481,0.09339502,0.22531603,0.18456957,0.09499575,0.038386665,0.06179173,-0.037932944,-0.2133145,-0.06176083,-0.019001786,0.07152516,-0.31759912,0.11479725,0.095244,0.055840656,-0.08475327,-0.033022895,0.054966427,-0.09973536,-0.06843423,0.08966252,-0.02750157,0.089499846,-0.11304566,0.01494553,0.013063473,0.29141757,-0.3123773,-0.057088308,0.037988957,-0.15224841,0.21700689,0.23700722,0.2639254,0.11331726,0.02276892,-0.11929838,-0.11621036,0.068210475,0.10184083,-0.08371661,0.053055786,-0.2399405,0.33319756,-0.060543302,-0.20284855,0.0344934,-0.18917465,-0.2721814,0.16004838,-0.21946016,-0.010611628,-0.017199447,-0.032616254,-0.13855542,0.020655839,-0.04299337,-0.17233576,0.21859522,0.077851295,-0.063857764,-0.2763583,-0.36722758,0.016867306,0.07942484,0.09059143,0.15389329,-0.0026097004,0.12788874,0.004365229,0.14341159,0.05257791,0.10336454,-0.06900154,-0.04633632,0.26111862,-0.11003533,0.06884729,-0.0261278,-0.04716842,0.09152966,0.23680969,-0.23217675,0.24357961,0.24429122,0.059358127,-0.16625567,-0.07861896,0.02500644,0.14672463,-0.15538569,-0.009957125,0.06883545,-0.15797573,0.06447221,-0.2809069,0.32219332,0.004454264,0.041656785,-0.07360439,-0.008957105,0.37554032,0.092619285,0.05415994,-0.08355741,-0.09928888,0.086198635,0.044181142,0.18028928,-0.02952113,0.28670365,0.19061752,0.17212218,0.06530532,-0.036607828,-0.122638315,-0.07024185,0.049426787,-0.027136408,0.1848203,-0.0029150434,-0.07608094,-0.1485268,0.030139275,0.08073629,0.08481298,-0.009119712,-0.057889033,-0.05568366,-0.29675367,-0.04655059,0.04871305,-0.014336687,0.03819058,-0.14142087,-0.077017285,-0.23745124,0.03167906,0.04160807,0.120169446,-0.12156107,-0.027563287,-0.1283512,0.01042748,0.12844193,0.0701539,0.008726009,0.08521651,0.14783132,-0.09910918,-0.2770975,-0.009194283,-0.18240692,0.015315933,-0.19230586,0.27788255,0.09172786,-0.026964584,0.02564416,-0.018983591,-0.0051274933,-0.09011827,0.098375484,-0.0068244613,0.27884087,-0.096704654,-0.07371339,0.2062295,0.02848521,-0.027168442,0.044709343,-0.06157806,-0.041168667,0.025083855,0.032588046,0.16718648,-0.22167265,0.13467816,-0.1460144,0.017915115,-0.09527006,-0.016379049,0.056901366,-0.14721821,0.029116716,-0.00020768604,-0.08303684,0.0200076,-0.013409886,-0.03299537,0.032156955,0.14298286,-0.029856024,0.12868059,0.24850476,-0.14598148,-0.2749468,0.031077633,0.037715342,-0.016946647,-0.088573426,0.07694434,0.020537227,-0.03170905,0.08215529,-0.12005856,-0.14466678,0.03612327,0.16843028,0.07746547,-0.11083556,-0.0077751945,0.016964922,0.05810188,-0.110285334,-0.011318424,-0.045379486,-0.12287563,-0.03429101,-0.03468475,-0.10830441,0.019826768,-0.20017017,-0.09861576,-0.17830381,-0.20100762,0.23685089,-0.022694243,-0.019291667
GUN13_ORYSJ,0.017976101,-0.023722406,0.04072886,0.10122762,0.32832187,-0.10623011,0.050238352,-0.14968728,-0.23934644,-0.07599038,0.14907171,0.038503055,0.103746876,0.014471157,0.24869627,-0.107399486,0.04498291,0.1680943,-0.27141014,0.17854613,-0.10864382,0.15014668,-0.04206491,-0.038605265,-0.1096496,0.18483014,-0.03253591,0.031497814,-0.03482529,0.15622026,-0.06766915,0.18910034,0.070752375,-0.031637184,0.008358428,-0.16680726,-0.08822213,0.0027027978,0.18417263,0.013041532,-0.09275289,0.032189418,0.12178614,0.14501587,-0.055121634,-0.0029641644,-0.9179352,0.14776307,-0.08643716,0.053085163,-0.16627638,-0.023621049,0.011296905,-0.019750686,-0.0584941,-0.18422669,0.20079295,-0.1384912,0.3321929,0.038195584,-0.0247512,-0.10170918,-4.7551904,-0.18052289,0.15529501,-0.089355916,0.014275061,0.039076373,0.09053166,0.06345172,-0.070248164,0.1773081,0.006352407,0.10943819,-0.1034348,0.039454155,0.01952176,0.14930166,0.10293202,-0.03979395,0.17126188,-0.15062445,-0.097873144,0.15815058,0.12159806,-0.03535686,0.03916624,-0.039312247,-0.092011265,0.034049995,-0.19040981,0.18106501,0.1567362,0.09297909,-0.04791277,0.16802275,0.13766104,0.023395952,-0.16355063,-0.031359244,0.0062604686,0.013547974,-0.21328147,0.11413254,-0.014711491,0.101189464,0.0011904552,-0.053587887,-0.028630095,-0.04473576,-0.12894282,0.087400846,-0.027733061,0.10170972,-0.13176242,-0.07937702,0.046696033,0.29828426,-0.28320593,-0.003108604,0.10335566,0.0010996945,0.20497239,0.24554162,0.2265185,-0.0046499562,0.042450856,-0.08239553,-0.15908863,0.09491977,0.09529767,-0.13544635,-0.07001979,-0.28427285,0.33820847,-0.048323363,-0.25731176,0.05880909,-0.1458233,-0.23001918,0.14674139,-0.12475984,0.03745458,-0.029549778,-0.05768952,-0.21411824,0.05562502,0.024161227,-0.1780121,0.13434571,0.04907926,-0.102395125,-0.23909785,-0.25394213,0.04846564,0.05371211,0.0032564008,0.15248829,0.0046276366,0.1514806,0.045674358,0.14407668,0.16052054,0.13358921,-0.10300719,-0.03730234,0.18083075,-0.06472177,0.03472892,0.010250081,0.06111611,0.09020989,0.17833972,-0.104748785,0.23252742,0.21053062,0.07418972,-0.13633877,-0.054148734,0.07560784,0.22517869,-0.14099324,0.059537806,0.093480065,-0.08313593,0.07164368,-0.2110264,0.32063168,0.063171886,-0.1386347,-0.13563876,0.005011058,0.37759846,0.07110949,0.011641925,-0.04170647,-0.19058089,0.058095437,0.06429079,0.13322735,-0.12607053,0.24770992,0.034923844,0.09546884,-0.03570569,0.035307165,-0.13984644,0.2356682,-0.071557365,-0.026433157,0.10525745,0.012917164,-0.09090283,-0.079500504,0.016376039,0.15295935,0.062293813,0.010244471,0.04630327,-0.03536267,-0.20631555,-0.10093372,-0.0011438251,0.05620076,0.10210338,-0.11469275,-0.072516315,-0.27166557,-0.0051458743,-0.046344057,0.12245505,-0.03753862,-0.01069169,-0.10334438,0.11088849,0.11255266,0.059159324,0.026126858,0.09588388,0.105483316,-0.02260309,-0.25296968,0.040315468,-0.15601508,0.056306306,-0.21007697,0.22164556,0.044537235,-0.030323697,0.013483942,-0.06124699,0.00522737,-0.14162654,0.0076470017,-0.05009304,0.24503294,-0.10461163,-0.01640544,0.14822093,0.033836357,-0.083211035,-0.02225726,0.0024221207,-0.054353863,0.12870212,0.08822562,0.08340975,-0.22644949,0.09459089,-0.13247482,0.067048125,-0.05936873,-0.0493214,0.015807953,-0.04553142,0.084910855,-0.011701866,-0.09622354,-0.026169458,0.008749953,-0.07818287,0.026556894,0.13558358,0.0027402516,0.20673764,0.20451605,-0.059933316,-0.12967135,-0.06585217,0.048948415,-0.014104305,-0.06862651,0.063457005,0.019489776,0.049449127,0.034566287,-0.12842382,-0.039377123,-0.03164799,0.13166355,0.05292704,-0.02670044,-0.02374457,0.08713198,0.06595363,-0.18041478,0.023474634,-0.16190183,-0.08472478,-0.033669148,-0.16988602,-0.01829522,-0.06956901,-0.12174686,-0.14760989,-0.2926335,-0.17577566,0.2922719,-0.039764974,-0.04293341
GUN17_ORYSJ,0.037036724,-0.07855883,0.011939903,0.034586225,0.23491322,-0.19689009,-0.031430375,-0.14933544,-0.29623085,-0.03797287,0.19721049,-0.016552571,0.07639145,0.026468761,0.21920857,-0.11074294,0.09945331,0.21440531,-0.23414646,0.06827299,-0.09641575,0.09854062,-0.084823534,-0.02842795,-0.015889736,0.22376488,-0.010210024,0.09891517,-0.091752335,0.12594682,-0.044712096,0.089491986,0.050320048,-0.10410281,-0.037576202,-0.2493181,0.046530876,0.07900867,0.22232968,-0.019366577,-0.2346301,-0.0864277,0.17247598,0.18950431,-0.11553625,0.050143074,-0.9295526,0.1743597,-0.07502271,0.027708635,-0.0783561,0.0418962,0.009736022,-0.05252562,0.013819421,-0.1982844,0.21453848,-0.14670356,0.27059752,-0.03959227,-0.06993958,-0.04862811,-4.805863,-0.18540195,0.13945267,-0.12496644,-0.03595959,0.12822697,0.1061875,0.08807297,-0.0674813,0.15424411,-0.08590429,0.14399435,-0.14006382,-0.033367462,0.011074506,0.1203403,0.11672744,0.06951496,0.18230948,-0.10381577,-0.06233768,0.27449715,0.03624867,-0.03369411,0.10209766,-0.03646495,-0.062250514,0.049154952,-0.16441192,0.12362026,0.12013099,0.21533655,-0.071046345,0.11754306,0.16656503,-0.008794251,-0.196867,-0.015397546,0.020560289,0.08553675,-0.17258735,0.124356225,0.14615095,0.12802146,-0.07494921,-0.091989584,0.06194286,-0.021283178,-0.08010953,0.026005572,0.04600052,0.03738152,-0.16814145,0.0106525,0.004032977,0.30484697,-0.3353759,0.11766634,-0.0068419836,-0.119863845,0.19889541,0.31996354,0.14417945,-0.04613419,0.015715327,-0.04881668,-0.20704058,0.038572513,0.10607386,-0.10612742,0.054959506,-0.23511134,0.31899846,-0.095248826,-0.1907022,0.17571911,-0.15305872,-0.16019377,0.0902735,-0.107957385,0.06195508,0.008627984,-0.09633508,-0.1107768,0.065921314,0.0070350175,-0.21219067,0.101939,0.0062169214,-0.12828818,-0.14365362,-0.3402844,0.016974274,0.13148093,0.024257232,0.13459003,-0.031002304,0.10433988,-0.08217265,0.014448531,0.1480272,0.056829866,-0.13049813,-0.057350367,0.23235069,-0.09977682,0.077790216,-0.04104427,0.11274898,0.09686247,0.115049206,-0.11546312,0.34123537,0.13420363,0.07962015,-0.11350528,0.03725104,-0.002893427,0.27110177,-0.20580475,-0.030447412,0.066907845,-0.08929397,0.13275313,-0.2296183,0.27886516,0.0144820055,-0.10072947,-0.18749762,-0.011553149,0.39228725,0.14583305,0.06801625,-0.014582542,-0.07744747,0.05702821,0.059395105,0.07636725,-0.08733088,0.3157907,0.16085984,0.12616408,-0.047239292,0.040463164,-0.1612968,0.2957651,0.06990871,0.038002834,0.09872875,-0.023739053,-0.2105373,-0.096176825,-0.0017585005,0.16611998,0.088355586,0.06691006,-0.0769687,-0.060311954,-0.2907681,-0.07826859,0.058402747,0.024267193,0.0025566667,-0.005649247,-0.06240481,-0.27155137,0.039213397,0.046092737,0.042534478,-0.0032573396,-0.072145425,-0.055255838,0.035418976,0.172921,0.11707431,0.035638027,0.07300621,0.12471496,-0.0663855,-0.22147821,0.076479934,-0.25292885,0.026811821,-0.21664375,0.23841593,0.017117186,0.042016353,0.06715805,-0.04317456,-0.10170543,-0.12197959,0.007887638,-0.039948117,0.21837196,-0.14479902,-0.036997885,0.16889517,0.02822863,0.004139196,-0.023433223,0.056333914,-0.115369044,0.08886758,-0.009247082,0.07124915,-0.123049766,0.0806722,-0.08250811,0.081566416,-0.08004252,-0.039700028,0.07255456,0.03596281,-0.019944942,-0.06327417,-0.12180613,0.054301392,-0.0114456,-0.12416084,0.06289056,0.15789422,0.024180917,0.22991951,0.1471619,-0.15151231,-0.21447305,-0.07789269,0.041022614,0.021151515,-0.08126017,0.097207755,0.108738124,0.0142721245,0.0346031,-0.1478182,-0.017393766,-0.1105736,0.2507312,0.06516324,-0.081260175,-0.046616558,0.06939332,0.053110976,-0.15969996,0.001118185,-0.11971706,-0.12623708,0.028019352,-0.09299993,-0.12606119,0.044980764,-0.1683197,-0.17677467,-0.2197105,-0.14569107,0.31304148,0.0021156252,-0.012401663
GUN16_ORYSJ,0.051918164,-0.04770191,0.06413235,0.067144744,0.19336997,-0.2318829,-0.03829779,-0.1623188,-0.32958594,-0.049252767,0.244244,-0.041879907,0.10933867,-0.028255023,0.15372808,-0.15008101,0.06355525,0.17964801,-0.30720058,0.07122576,-0.12320103,0.083627,-0.1635843,-0.036963463,-0.031450205,0.19193012,0.041576784,0.17540215,-0.07111576,0.10602603,-0.027604079,0.044993896,0.062428128,-0.13542053,-0.04317421,-0.36778715,-0.053293046,0.1435398,0.19398127,-0.059131525,-0.13824531,-0.06688734,0.11034539,0.22608116,-0.09563363,0.011283643,-0.9628557,0.14804772,-0.1832311,0.12617622,-0.19281447,0.078307554,0.03307901,-0.0016820885,0.033527452,-0.19704188,0.25121206,-0.21211255,0.3454312,-0.12307701,-0.055735026,-0.025907328,-4.776492,-0.009631097,0.06697325,-0.1569597,0.010227073,0.09854705,0.08557892,0.05030051,-0.05446361,0.08752793,-0.18743163,0.21724541,-0.16905245,0.059765384,-0.07428125,0.116793394,0.07891623,0.14393686,0.22441429,-0.20232423,-0.14005126,0.21292137,0.01080804,-0.028552912,0.022760525,-0.029306969,-0.030366452,0.09762402,-0.16385098,0.248282,0.056160763,0.17303479,-0.013200709,0.121156394,0.17067242,0.049926624,-0.08986685,0.04773246,-0.043100294,0.13130306,-0.19518812,0.16157295,0.038478963,0.06870807,-0.049349364,-0.11526799,-0.033386245,-0.05446001,-0.08702751,0.011352119,0.15766206,0.019743068,-0.18106069,0.009965491,-0.05921669,0.29390743,-0.3911553,0.22971599,-0.062279668,-0.0060663205,0.18111019,0.4464952,0.14040536,-0.09492034,0.011925713,0.015254427,-0.131125,0.06742182,0.03953916,-0.083709486,-0.11266748,-0.24665694,0.29631874,-0.08817158,-0.17201547,0.071327545,-0.102378406,-0.08933214,0.040301364,0.0003896007,0.08649801,0.070426516,-0.0990426,-0.04903483,0.023077661,-0.089767784,-0.14164418,0.19016469,0.11486901,-0.15395314,-0.15864259,-0.39913344,-0.023110447,0.1428096,-0.021609426,0.2046523,0.04977663,0.036810562,-0.05287193,-0.07068126,0.14574313,0.006329418,-0.06701223,-0.027675953,0.2591776,-0.04524032,-0.11971581,-0.0023715517,0.052620173,0.23481886,0.118146695,0.003236703,0.3656017,0.13389277,0.05581149,-0.108244404,0.04277325,0.083454594,0.2996844,-0.088568255,0.05755482,0.06450139,-0.0772354,0.08542461,-0.14127173,0.27363232,0.005922132,-0.12932473,-0.16831656,-0.03872725,0.41960612,0.14775814,0.027947025,-0.036190342,-0.034663077,0.04548768,-0.013718886,0.1761549,-0.07370222,0.34245056,0.18137696,0.10096815,-0.11895878,0.09231738,-0.13728827,0.38478848,0.14866215,-0.032520384,0.09717416,-0.003557712,-0.1633157,-0.022305928,-0.053012926,0.16663927,0.051913485,0.09521181,-0.027942583,-0.13230662,-0.18320064,-0.045793276,-0.03486412,0.10629734,0.03211592,0.046332672,-0.051429376,-0.29981515,0.06992232,0.043311726,0.031238679,-0.0034688,-0.056885865,-0.02155283,-0.018716434,0.08623092,0.15015416,-0.037455592,0.01428795,0.15816844,0.11642387,-0.20052409,0.05748741,-0.23246089,0.03624804,-0.2696607,0.19029452,0.040152106,0.10083628,0.053861555,-0.16418664,-0.1285937,-0.1197246,0.011545741,-0.05233138,0.20137653,-0.087547384,-0.06183661,0.05986249,-0.10401171,-0.03392562,-0.099087924,0.053346433,-0.029143648,0.033072464,-0.004123412,0.029243993,-0.14495184,0.04175269,-0.07834978,0.1807422,-0.10889925,0.000435649,0.06253971,0.12091128,-0.018336225,-0.022053644,-0.045392282,0.07931495,-0.06413198,-0.06426808,0.067569464,0.17400876,0.014570267,0.22017452,0.09963144,-0.1068436,-0.11738008,-0.24872652,-0.061264038,0.041259825,-0.031177126,0.10865625,0.049585525,0.07037878,-0.033435572,-0.15348981,-0.06894761,-0.14076845,0.24232143,0.13036656,-0.15209001,-0.01066943,-0.0041150525,0.05385957,-0.16973078,0.035986323,-0.102129936,-0.03909356,0.0061459364,-0.117665164,-0.10620666,-0.071964346,-0.20330253,-0.17410845,-0.23506807,-0.10458526,0.24089564,0.089128695,-0.059256718
GUN21_ORYSJ,0.053479042,-0.01600215,0.01164869,0.025558814,0.19293615,-0.23445815,-0.058641147,-0.1883124,-0.31661496,-0.05404989,0.20959252,-0.03176055,0.08159334,0.01474838,0.24757707,-0.0985578,0.07474587,0.21211815,-0.27502525,0.21939816,-0.095952615,0.106333956,-0.1675583,-0.052902233,-0.10879149,0.15260881,-0.050863594,0.12786354,-0.12506293,0.11166389,-0.0663887,0.059927166,0.09215614,-0.1490403,-0.033327136,-0.25637606,-0.025345398,0.10820706,0.1620863,-0.050203104,-0.14189892,-0.014709084,0.12746076,0.1643563,-0.043801006,-0.061000593,-0.87826437,0.17344889,-0.1350474,0.08337724,-0.23214635,-0.008221567,0.05462984,0.017039862,0.036711432,-0.16500117,0.17539127,-0.14463572,0.27289248,0.02395708,-0.090619996,-0.13698351,-4.719259,-0.15379854,0.122960754,-0.07430648,0.12969373,0.1079274,0.20125897,0.059338886,-0.066938326,0.06565928,-0.05247163,0.19689046,-0.19838671,-0.034106527,-0.040176775,0.243565,0.06618168,0.10467041,0.22603549,-0.13613142,-0.14306147,0.14697711,0.04002048,-0.048606273,0.058478303,-0.037021287,-0.056651685,-0.035712957,-0.1704564,0.23402525,0.15228865,0.20348339,0.016252918,0.035239175,0.1738476,-0.047259346,-0.12408713,0.011793941,-0.016858352,0.095410496,-0.21902943,0.14312069,0.011378435,0.17557862,-0.057440314,-0.1088612,-0.017535638,-0.068840325,-0.05337881,-0.027178744,0.098323725,0.05039494,-0.2310598,-0.019986348,-0.017561562,0.30572632,-0.3773296,0.16189522,0.01942914,-0.12078757,0.19148958,0.49098226,0.15836231,-0.05894978,0.03097858,-0.09495692,-0.09850737,-0.008114732,0.11588812,-0.14275277,-0.1204467,-0.24685118,0.34614593,-0.13874954,-0.14324756,-0.022147788,-0.11878743,-0.10169519,-0.005432382,-0.09619423,0.00402081,0.09410649,-0.09468207,-0.12094981,0.045158185,-0.045996062,-0.15488352,0.11790153,0.11026378,-0.033260826,-0.20867015,-0.30543625,0.002292782,0.053792994,0.036167443,0.17260228,-0.025751999,0.10796246,0.021329446,0.0025487274,0.18316387,0.077267684,-0.124363855,-0.08224426,0.2812754,-0.009689726,-0.02730245,-0.024099672,0.08954056,0.1245239,0.24990304,-0.11990754,0.38919187,0.18724976,0.036582805,-0.12786,-0.045247063,0.104088224,0.25772426,0.017086586,0.0018927108,0.06546442,-0.11708159,0.072484866,-0.1591605,0.31208366,0.0647259,-0.025639191,-0.14877136,-0.011554353,0.39725173,0.085132964,0.017198697,-0.022015346,-0.08247077,0.033546936,-0.032732632,0.14176334,-0.09947337,0.36449176,0.11658434,0.16736904,-0.035818562,0.050749835,-0.17568348,0.42055604,0.14249831,0.02598018,0.15048318,-0.0059914812,-0.17846845,-0.09583492,0.0027506961,0.1390992,0.12376056,0.041576046,0.023740014,-0.005038302,-0.23094371,-0.0069191093,-0.04367305,0.09056571,0.054718453,0.02393089,-0.15046318,-0.36156705,0.037383713,-0.0296405,0.13509293,0.007489721,-0.03363364,0.0002466631,0.044800885,0.108367294,0.17433278,-0.026486179,0.060509067,0.11642351,0.09406692,-0.21313901,0.05602642,-0.25395092,0.0073297163,-0.236758,0.23545308,0.03658422,0.047573525,0.09902488,-0.1297737,-0.17186297,-0.13018055,0.070609756,-0.042858947,0.32995766,-0.07311039,-0.081057355,0.12563889,-0.017877784,-0.055280402,0.015019504,-0.0023728386,-0.050368886,0.08820939,-0.022466427,0.18922743,-0.15335183,0.021939922,-0.17210215,0.16634703,-0.11298612,-0.030250201,0.003343416,0.06618201,0.043771222,0.086283736,-0.07011051,0.060003128,-0.070077986,-0.14066833,0.08976816,0.13961336,0.017863778,0.15572394,0.19518448,-0.08745251,-0.21833368,-0.23148324,0.030093934,0.05263931,-0.0695784,-0.024674889,-0.008848897,0.01419631,-0.018447794,-0.13278252,-0.09785954,-0.08627866,0.22637272,0.10301053,-0.055332642,0.01814633,-0.008796284,0.0044362624,-0.15304276,0.018497268,-0.08134188,-0.07478552,0.013017669,-0.17050874,-0.07592538,-0.10128944,-0.20612073,-0.18646947,-0.28131464,-0.20363252,0.27275458,0.05863884,-0.16306835
GUN5_ARATH,-0.12038563,-0.075412676,0.09618849,0.16776992,0.36812127,-0.14572608,0.0015097135,-0.074398406,-0.09043705,-0.018956762,0.228515,0.14462143,0.08801796,0.09033146,0.29547414,-0.093164526,0.16099519,0.08782598,-0.31306362,0.19320928,-0.10418537,0.1421282,0.0138655165,-0.114004225,-0.09369384,0.25773245,-0.03977726,0.05162711,-0.008013724,0.11123275,-0.097232506,0.19253498,0.07332988,0.075319484,0.035040624,-0.10867483,-0.0062752226,-0.038933117,0.11074733,0.00626022,-0.15931427,-0.017357772,0.20876083,0.16725732,0.0078045432,-0.055185787,-0.87691593,0.16625705,-0.031239826,0.08939611,-0.10642654,-0.02849335,-0.008719567,-0.030511118,-0.027917337,-0.22243346,0.23401156,-0.12746942,0.21519856,0.055908754,-0.053002708,-0.16404498,-4.7121687,-0.2875928,0.14594154,-0.08697834,0.011876141,0.114470415,0.010224415,0.044340845,-0.04117336,0.25104862,0.043984838,0.13433544,-0.031225735,-0.022445379,0.10244785,0.10246178,0.1769353,-0.058016524,0.20211329,0.018375846,0.05144217,0.20578532,0.1002944,-0.09495229,0.047894713,-0.053903528,-0.1172587,0.032711662,-0.16873524,0.1592967,0.1853536,0.10295115,-0.040625293,0.06781601,0.0670324,-0.049852658,-0.08708038,-0.035357863,0.025258383,0.038185894,-0.2440874,0.08605867,-0.03670119,0.07367438,-0.009219339,-0.0012795671,-0.06672758,-0.088228345,-0.03665493,0.15793732,-0.043330643,0.12161376,-0.20027982,-0.15627326,0.010479213,0.22580592,-0.25266296,-0.06667109,0.06245198,-0.10370033,0.2056145,0.16081122,0.166079,0.09561697,-0.014682707,-0.09752738,-0.096959405,0.09400746,0.20328708,-0.12771207,0.06072091,-0.28202152,0.34482536,-0.078599766,-0.24760316,0.12959333,-0.13709855,-0.17391655,0.13401102,-0.15651058,-0.05327023,-0.060785595,-0.013605564,-0.21704066,-0.0014579619,-0.01755667,-0.16098443,0.12889118,-0.050351214,0.014329166,-0.19828798,-0.24341907,-0.053634923,0.06891386,-0.010491221,0.10116417,-0.030827941,0.10925504,0.018792758,0.21057187,0.071432896,0.068849854,-0.021496257,-0.105706826,0.12810956,0.02686775,0.06882912,0.0052978806,0.14061205,-0.01721002,0.26744992,-0.17724766,0.3134256,0.19169404,0.0003162651,-0.1806731,0.0041780737,-0.05128231,0.16913477,-0.14592203,0.030717265,0.12136572,-0.106913626,0.200963,-0.2750422,0.33301428,-0.038681928,-0.09032015,-0.06814326,0.010071148,0.12822647,0.11024763,0.060907416,-0.085409686,-0.09044575,0.05511345,0.13562445,0.18337893,-0.083244264,0.19978455,0.027039085,0.15868303,0.050962493,-0.045404997,-0.17873181,0.12901644,-0.04307794,-0.17336698,0.12181231,0.07029528,-0.1327977,-0.11034032,0.07275282,0.06586192,0.15030822,-0.08264015,0.0020461099,-0.03400979,-0.23514798,-0.074975796,0.049036477,-0.027858203,0.08909629,-0.20048681,-0.20792145,-0.24727564,0.042266525,-0.029149793,0.100069866,-0.07322385,0.053655453,-0.07923077,0.0855995,0.12131841,0.012436046,-0.027590986,0.099195555,0.13540852,-0.088174246,-0.27082852,0.0632598,-0.021738725,-0.06478213,-0.19247426,0.3207661,0.07656578,-0.09687778,-0.027394442,0.02100702,-0.019184629,-0.06635482,-0.0016898563,-0.06490295,0.31374463,-0.077907726,0.0014591923,0.20296763,0.02793773,0.008857283,0.005381384,-0.051644094,-0.11778766,0.21220277,0.063120686,0.14867535,-0.20620431,0.1138189,-0.07192147,0.047090266,-0.05673942,-0.022776362,0.0043970495,-0.1081862,0.112800345,0.02212223,-0.17030075,0.040511496,0.052074026,-0.05154693,-0.0075557022,0.020698825,0.044838995,0.22675638,0.22639439,-0.11249542,-0.266437,0.092819564,0.08369082,-0.07661222,-0.080604054,0.018294407,0.021861054,0.07158229,0.060004406,-0.14922325,-0.035867684,-0.067034476,0.12982489,0.053367034,0.0048024156,-0.05576704,0.07099907,-0.015577847,-0.13822106,-0.026670191,-0.0849023,-0.14094149,-0.009818285,-0.12856254,-0.045849048,-0.05855305,-0.14185424,-0.102608636,-0.2761463,-0.17626433,0.26952294,-0.10683936,-0.084533185
GUN18_ORYSJ,0.013644265,-0.017270345,0.038763616,0.050094113,0.16024478,-0.1483981,0.014716021,-0.09665352,-0.32740197,-0.05514465,0.20011462,0.12468886,0.05306667,0.075910166,0.18876293,-0.081446506,0.09682159,0.1711703,-0.34723777,0.092434876,-0.16201873,0.14063984,-0.12753032,-0.041844506,-0.051755752,0.25620592,-0.024437794,0.05976902,-0.03800687,0.14826572,-0.05835085,0.16366859,0.07019948,0.019615393,0.06984133,-0.30220014,-0.07142819,0.009593266,0.17897363,0.08012025,-0.13914348,-0.026283115,0.07015539,0.14889096,-0.06989196,0.05661689,-1.0743726,0.13093582,-0.08045154,0.09416202,-0.058896158,-0.009929638,-0.017341863,-0.030436445,-0.0014620502,-0.23652071,0.19144689,-0.1560948,0.32691658,-0.06358045,-0.05699983,-0.046149224,-4.870862,-0.13966951,0.0928545,-0.12955411,-0.035205107,0.064786345,0.049866624,0.08951728,-0.03515959,0.104194224,-0.06489262,0.16327433,-0.068198614,0.056315225,-0.0046018395,0.06494689,0.15259303,0.051689673,0.22760187,-0.14984387,-0.07206305,0.26014858,0.027136747,-0.07256467,0.06326945,-0.043598935,-0.021688906,0.06350061,-0.171517,0.09221424,0.11962037,0.08956309,-0.089203164,0.09286962,0.1018466,0.05910561,-0.08159908,-0.09677032,0.013419285,0.06765007,-0.18814288,0.14520167,0.048167195,0.20833021,-0.07838035,-0.044322085,-0.043600414,-0.0809524,-0.083010234,0.0342397,0.02202002,0.060734525,-0.06389089,0.0225212,0.017371716,0.2105063,-0.29088706,0.122198515,0.020119421,-0.010615454,0.15110153,0.26348186,0.19654717,-0.027063007,0.0037131459,0.025289327,-0.18237716,0.116251856,0.09824245,-0.099060535,0.009199262,-0.19057366,0.31701538,-0.0368345,-0.27966556,0.18262665,-0.17250824,-0.2011832,0.11123653,-0.11031864,0.08653141,-0.007374633,-0.03619248,-0.17745166,0.11492639,-0.00287312,-0.20384383,0.10548027,0.025331685,-0.16053414,-0.24362782,-0.26187775,0.059825633,0.13663927,-0.032084744,0.15273571,-0.043649163,0.12853608,0.009485316,0.012059106,0.1026217,0.119743325,-0.1105174,-0.0802445,0.2228923,-0.10890118,0.018893313,-0.03200239,0.08037493,0.15354335,0.103775956,-0.057180025,0.22180107,0.19885549,0.15470584,-0.11961491,-0.013152471,0.039545655,0.2602091,-0.28326282,0.005195113,0.13703574,-0.105895974,0.11628602,-0.21906815,0.2505041,-0.01844125,-0.20119868,-0.16686034,0.013358964,0.340759,0.16728504,0.10001175,-0.03864566,-0.16505204,0.11645169,0.08874453,0.11970479,-0.14063247,0.25885904,0.14163382,0.079102285,0.0055620037,0.06075776,-0.12818184,0.21879253,0.009415422,0.026592173,0.07137809,-0.005313435,-0.13948558,0.0004788769,-0.04710193,0.11867315,0.076416664,0.060247418,-0.0037563911,-0.09758646,-0.19997248,-0.14505717,0.100008085,0.02455269,0.03578305,-0.06300029,-0.109372325,-0.16491817,0.05551821,0.08394265,0.064209014,0.006296505,-0.043844625,-0.09939968,0.13678598,0.13699628,0.12388646,0.012610006,0.08853505,0.17987368,0.013951153,-0.23372929,0.096313804,-0.21473002,-0.026125586,-0.222068,0.25153157,0.079860926,-0.012644557,-0.014362022,-0.062460545,-0.039685316,-0.1724639,-0.012229836,-0.09043289,0.12952425,-0.19520625,0.012608623,0.16913472,-0.029172435,-0.035994917,-0.13381077,0.001123917,-0.11522613,0.18588847,0.06968993,0.08223125,-0.14142874,0.10018393,-0.031463463,0.09300577,-0.05510692,-0.090292834,0.025700254,-0.009685685,0.036085796,0.031890746,-0.06883763,0.066033766,0.041325018,-0.08067751,0.050414413,0.14146902,-0.013190995,0.29360175,0.15395822,-0.0777393,-0.12394118,-0.09194228,-0.04209406,-0.06538225,-0.036851585,0.12266754,0.07282755,0.05891737,0.00879709,-0.12976842,-0.020264093,-0.11987786,0.2644445,0.035727885,-0.054168865,-0.1110867,0.07132171,0.044559427,-0.17601022,0.02380927,-0.15298726,-0.13141453,0.035856634,-0.12718296,-0.044854905,-0.023022594,-0.12830892,-0.18562385,-0.19708188,-0.18420178,0.22785224,0.01143134,0.01675666
GUN23_ORYSJ,0.074711524,-0.042850886,0.021497816,0.0003339903,0.2414398,-0.13975778,0.009453497,-0.15920869,-0.32526225,-0.039534528,0.19215411,-0.015544865,0.104523756,-0.012684876,0.2305313,-0.14942233,0.049048804,0.21847577,-0.20441413,0.14249136,-0.092321314,0.13973619,-0.08600288,-0.09006876,-0.025893785,0.18954173,-0.023536315,0.03960566,-0.023104152,0.13119903,-0.064693734,0.080071315,0.025341377,-0.091568284,-0.04795023,-0.17459418,-0.037590697,0.05265426,0.19011492,-0.025498465,-0.14022568,-0.016069587,0.10123276,0.15502489,-0.059876874,0.036329243,-0.9493901,0.18346244,-0.09686018,0.06440874,-0.1515919,-0.0069043,0.049335837,-0.058446094,0.014526392,-0.19989759,0.18933335,-0.13705835,0.29755688,-0.015031509,-0.09948221,-0.04912782,-4.8587704,-0.15330885,0.15812153,-0.10329119,0.027913097,0.12674455,0.11932635,0.10531541,-0.114907674,0.10752947,-0.0889861,0.11476076,-0.13883373,-0.010548926,-0.050264556,0.13023387,0.094082706,0.001812664,0.20192641,-0.2114381,-0.16353382,0.29977852,0.038061667,-0.028529238,0.033878446,-0.029203959,-0.09300887,-0.027067425,-0.16628255,0.16861545,0.11741405,0.15871322,-0.008893266,0.1102812,0.117102735,-0.0038511446,-0.12440637,0.0015992632,0.00640505,0.06994049,-0.18566349,0.12267313,0.002334979,0.091569684,-0.019879373,-0.07897697,-0.0076282723,-0.10266072,-0.076562494,-0.0048631537,-0.02676131,0.04416406,-0.13035418,-0.021054035,-0.024670152,0.27579457,-0.2957515,0.07758573,0.07959299,-0.072286956,0.19157273,0.3985769,0.13167104,-0.043757886,0.04561038,-0.06859217,-0.1902746,0.02053394,0.066360645,-0.1400243,0.023728302,-0.26610526,0.3284059,-0.060980648,-0.19069013,0.03137152,-0.15778685,-0.12415389,0.104978025,-0.11144279,0.045567222,0.00076107844,-0.09971719,-0.17393082,0.056404736,0.009003852,-0.22500758,0.09502293,0.038469948,-0.070259064,-0.1630878,-0.3535591,0.07021327,0.0339706,0.05690137,0.1563866,-0.03292033,0.16102566,-0.021860141,0.024899926,0.1450986,0.051087506,-0.06483643,-0.024090638,0.2396706,-0.050344538,0.028149603,-0.0035692852,0.10827708,0.11755593,0.14297272,-0.15991516,0.30566785,0.13364692,0.09697749,-0.1148084,-0.01768287,0.09027453,0.25558674,-0.071248695,0.002977057,0.055296678,-0.07951153,0.10486179,-0.17885748,0.3679507,0.08534255,-0.09957668,-0.16345598,0.02919571,0.37937716,0.14522076,0.06064928,-0.03264084,-0.1186185,0.07737023,-0.0011485793,0.07694959,-0.12294353,0.31695423,0.13588484,0.14707865,-0.09067603,0.023125777,-0.10753735,0.44840345,0.08200973,0.11239892,0.13147043,-0.035006955,-0.1271057,-0.07879477,0.0075170402,0.12748876,0.043874543,0.066483594,0.0021992652,-0.060717955,-0.21259998,-0.017571213,-0.0074263187,0.03358699,0.03883378,-0.0049531776,-0.10027213,-0.26770857,-0.0009224106,-0.05879377,0.048847165,-0.0055434024,-0.049337287,-0.055265665,0.037728168,0.07821787,0.15901797,0.06270823,0.13347378,0.13143662,0.0015655998,-0.2417062,0.030835582,-0.25854322,-0.03256709,-0.18420243,0.23623087,0.023786409,0.06970944,0.09405556,-0.10431992,-0.09286129,-0.088003814,0.01976921,-0.020996567,0.26835153,-0.09062074,-0.08371816,0.13269873,0.011861485,-0.046159294,-0.039968982,0.04233965,-0.0038985002,0.13656083,0.06425489,0.058919612,-0.09272529,0.07175025,-0.0633242,0.12874234,-0.015462083,-0.027162308,0.056249227,0.04427624,0.0098531265,-0.0085884845,-0.06981327,0.018980816,-0.027351242,-0.08286768,0.022983536,0.1736267,-0.028534805,0.19238342,0.14602846,-0.08201176,-0.15731002,-0.1497695,-0.0035947578,0.03866955,-0.10397189,0.07930059,0.040523842,0.018902212,0.017259968,-0.14087868,-0.05434341,-0.07464014,0.20637919,0.04648286,-0.01805416,-0.04521587,0.07169676,0.013729718,-0.1711983,0.03143205,-0.14953409,-0.10284484,0.018237349,-0.11879269,-0.09438029,-0.049938083,-0.16373307,-0.15658219,-0.2494348,-0.13615263,0.3210096,0.00799723,-0.101413295
GUN15_ORYSJ,-0.04758882,-0.060876228,0.03776687,0.13490336,0.27676567,-0.2212655,0.0023543816,-0.15099788,-0.23612374,-0.06058537,0.26240075,0.0056409677,0.11295564,-0.014721106,0.25740522,-0.1486567,0.076297805,0.16736342,-0.27899382,0.16853079,-0.07449109,0.12056792,-0.07793996,-0.044731796,-0.07227128,0.22996339,0.040993378,0.11866683,-0.057530265,0.1315395,-0.07265897,0.103127666,0.10970794,-0.14101638,-0.029908856,-0.2495045,0.020412,0.106138445,0.14029168,-0.048146453,-0.13621499,0.0042123245,0.14350496,0.2429306,-0.074991755,-0.033459224,-0.95235544,0.17086533,-0.105997056,0.070486754,-0.1722059,0.04323665,0.04431888,-0.0353763,0.020840269,-0.21289252,0.21573617,-0.12949726,0.23405217,-0.044766072,-0.027689233,-0.121835165,-4.808241,-0.19632038,0.18522692,-0.10701798,-0.014439318,0.08936877,0.08257394,0.053133957,-0.087334596,0.18061776,-0.04859538,0.16893622,-0.16377161,-0.021446174,0.031406105,0.17244077,0.089180835,0.028937967,0.22410972,-0.0976084,-0.10457277,0.16867357,0.06477565,-0.053974465,0.0018462243,-0.026082657,-0.068401806,0.061268326,-0.18503116,0.27234572,0.12215529,0.19184674,-0.056182075,0.13698444,0.17284366,0.007107726,-0.15051177,0.039947245,0.032749407,0.07978572,-0.20100752,0.16778381,-0.011434775,0.11216546,-0.03658876,-0.081874005,-0.014537588,-0.054490514,-0.082490794,0.0749482,0.03378973,0.043519467,-0.1588122,-0.04086532,-0.018278284,0.27140123,-0.31807116,0.12608749,-0.00029068344,-0.03875082,0.21400894,0.38351133,0.14539109,-0.023945456,0.018585108,-0.05930504,-0.1509803,0.06678674,0.10657208,-0.15518045,-0.08444472,-0.2354369,0.31721553,-0.116353415,-0.19138943,0.096956015,-0.16441694,-0.1684712,0.09386081,-0.088479586,0.025221054,-0.022591764,-0.070371844,-0.13194701,0.012616364,-0.00074129814,-0.19519758,0.13901243,0.021743223,-0.035444554,-0.17862654,-0.3099823,-0.018373663,0.052964654,-0.00058067736,0.1424984,0.0058150776,0.078290716,-0.063806996,0.09100142,0.116902955,0.04210476,-0.10179851,-0.065625474,0.18123299,-0.058215145,0.0061740195,-0.033043258,0.17671546,0.11975435,0.1757975,-0.11965436,0.35903645,0.1682268,-0.015196941,-0.116598405,-0.04931389,0.0895517,0.24683556,-0.036684915,0.06954701,0.03858689,-0.07102649,0.10192526,-0.20039244,0.31550303,0.03986309,-0.13912003,-0.15998141,0.021557419,0.31233492,0.18884645,-0.0046443697,-0.045265652,-0.06625131,0.0022501922,0.041321762,0.15374836,-0.053280525,0.340918,0.119287364,0.13902466,-0.091222696,0.04597564,-0.15348968,0.36045226,0.08428489,0.014658841,0.14116593,0.019677382,-0.13044804,-0.056178194,0.009675622,0.15083957,0.093723066,0.02943962,0.009472328,-0.058800295,-0.20635684,-0.08662984,-0.0064034592,0.07769936,0.07136817,-0.039235055,-0.15129675,-0.31733713,0.056867655,-0.012206159,0.036910128,-0.029244032,-0.028122753,-0.051353298,0.048143506,0.15496573,0.05439269,-0.01749504,0.07150292,0.1425968,-0.03908744,-0.26254025,0.045146406,-0.18695153,-0.0073309285,-0.21357855,0.27395114,0.0081870565,0.024538508,0.023444075,-0.11571671,-0.088313624,-0.13444962,0.02776149,-0.03817604,0.2613086,-0.04880866,-0.028546449,0.021750903,0.025810484,-0.043987107,-0.041718803,-0.023668021,-0.04592795,0.11867116,0.025033936,0.012144295,-0.16771649,0.058087766,-0.101509176,0.121126115,-0.1074673,-0.01859914,0.06085361,0.014800979,0.08109462,0.032814752,-0.1076739,0.093744025,-0.018409014,-0.08209256,0.045796867,0.15687782,0.06926281,0.17228194,0.22222358,-0.13439342,-0.20822501,-0.14465207,0.010463961,0.025781417,-0.08758588,0.075502366,0.059049755,0.08001468,-0.015235059,-0.16574772,-0.07587186,-0.120799616,0.13361305,0.077807166,-0.025443032,-0.011988339,0.034812678,0.017162818,-0.15071452,-0.03600176,-0.15934621,-0.0947737,-0.020360049,-0.13686544,-0.098730564,-0.04463013,-0.18457358,-0.15497881,-0.21736616,-0.09479162,0.25577503,-0.0048346566,-0.074175976
GUN7_ORYSJ,0.04580673,-0.03934039,0.075040944,0.11348621,0.19495349,-0.17742369,-0.053564984,-0.17290923,-0.32021025,-0.060709782,0.20648327,-0.026972558,0.14469592,-0.03365843,0.17771788,-0.12274967,0.07894778,0.17659305,-0.34752512,0.13630237,-0.101846024,0.0797535,-0.13305137,-0.016925896,-0.067808494,0.18826672,0.06660327,0.16532712,-0.09914191,0.091705196,-0.04467657,0.103286795,0.10118601,-0.06220999,-0.050195128,-0.3290829,-0.056897715,0.14833508,0.1790302,-0.019300329,-0.13386725,-0.040936787,0.057457507,0.1734081,-0.0616292,0.0061491695,-0.931025,0.174049,-0.13241915,0.088567086,-0.15055308,0.04693353,-0.008371002,0.008846044,-0.0049390765,-0.20225728,0.25731215,-0.23568317,0.37638173,-0.078690216,-0.021693893,-0.06362743,-4.7335367,-0.07077592,0.11528497,-0.10775617,0.023458404,0.026186313,0.08322938,0.046774868,-0.08587155,0.10749084,-0.1872193,0.22936866,-0.10750265,0.05529941,-0.09267205,0.09620294,0.09548418,0.09285215,0.21591151,-0.23858632,-0.15863569,0.20179574,0.06418218,-0.04129867,0.07742224,-0.059908208,-0.06366348,0.07154843,-0.19102468,0.21159407,0.068423495,0.16223337,0.0040673665,0.102988824,0.19658867,0.028462183,-0.10694295,-0.006592194,-0.03980941,0.09743618,-0.21884312,0.16195795,0.018114839,0.09518878,-0.050920155,-0.1303385,-0.0076973024,-0.022049582,-0.08599408,-0.0030121459,0.10624844,0.018440025,-0.1868742,0.022279182,-0.0756871,0.29197532,-0.35687855,0.1492111,0.010798786,-0.0364812,0.20504622,0.42689383,0.18258455,-0.058859076,0.011930506,0.0007972643,-0.12392749,0.057432313,0.061486844,-0.06340146,-0.110935,-0.25748485,0.32463017,-0.10604798,-0.19127232,0.062444188,-0.10677052,-0.17292155,0.046377722,-0.022181528,0.062836155,0.01807592,-0.10114603,-0.10300051,0.056957662,-0.09049535,-0.15971075,0.17940389,0.11194587,-0.13379113,-0.21653242,-0.36022115,0.0054146363,0.13504249,0.005362329,0.24741343,0.031596344,0.045635253,-0.030927343,-0.021932742,0.14261246,0.08041742,-0.094546385,-0.043647274,0.27622685,-0.040629983,-0.054410893,-0.010650079,0.055115547,0.2036449,0.16171387,-0.026774429,0.32971492,0.14776349,0.08847913,-0.13369058,-0.0010957378,0.08851011,0.27307224,-0.10893145,0.04724741,0.068044715,-0.07659005,0.10456812,-0.15742613,0.280849,0.010832245,-0.18231894,-0.1630088,-0.033205885,0.44641083,0.13785835,0.025692226,-0.06416671,-0.08985637,0.08499523,0.0032345995,0.13666159,-0.06184876,0.36044654,0.17269005,0.10188659,-0.051472574,0.090484396,-0.15355669,0.31421492,0.08125571,0.0035363531,0.09183655,-0.006917594,-0.08366336,-0.03130774,-0.051870592,0.14292975,0.0425783,0.07018537,0.012928741,-0.122952,-0.1880963,-0.070206255,-0.08783455,0.116948076,0.041230418,-0.035652895,-0.042283945,-0.33858818,0.057991203,0.03322066,0.03928044,0.00080773374,-0.08844566,-0.09037907,-0.028669426,0.06943655,0.1299897,-0.026096584,0.04665178,0.16456194,0.12616186,-0.23097508,0.08219544,-0.23151204,0.0733199,-0.26803356,0.21976683,0.034230802,0.06229377,0.06813016,-0.18457472,-0.067804836,-0.12328376,0.05489307,-0.074337475,0.2524516,-0.10590027,-0.08829271,0.14414737,-0.057281088,-0.04467769,-0.07758013,0.03178931,-0.066088066,0.04156928,0.019200323,0.08877749,-0.15981913,0.10379902,-0.14120069,0.1461078,-0.08110423,-0.048893772,0.084444344,0.08228697,-0.02341259,-0.018389488,-0.016809963,0.05643938,-0.091074616,-0.062468067,0.08044317,0.18282749,-0.018611357,0.22275396,0.1832796,-0.12202827,-0.10889228,-0.18548897,-0.058264285,0.012866571,-0.019577065,0.1333472,0.068933085,0.028070064,0.014528354,-0.15397388,-0.06784313,-0.09773103,0.24685374,0.07725243,-0.1348177,-0.017349318,0.0024403166,0.058926996,-0.16493855,0.042427756,-0.12358998,-0.038629375,0.016666878,-0.14495274,-0.12639374,-0.0687653,-0.23382518,-0.19050103,-0.26768312,-0.12519665,0.2631422,0.053149853,-0.04469476
GUN20_ORYSJ,0.08541081,-0.071739554,0.010438077,0.039838072,0.271889,-0.19932745,-0.027118407,-0.10637062,-0.2485128,-0.006377127,0.29919526,0.07723893,0.07698413,0.027524943,0.20807973,-0.081131965,0.05168875,0.16940533,-0.33568802,0.035552863,-0.13078111,0.1256231,-0.118754975,-0.05299415,-0.0021537547,0.2502231,0.040889584,0.07336872,-0.060233872,0.08695081,-0.06516128,0.091344714,0.09787124,-0.03131124,-0.0012258535,-0.26514375,-0.0056534545,0.06915685,0.16653378,-0.034043267,-0.23849551,-0.08889651,0.14695862,0.22493744,-0.14036566,0.053372998,-0.9649017,0.21745904,-0.05362969,0.112894736,-0.07045009,0.023343483,0.003540954,-0.08163603,0.014306857,-0.22205438,0.18923438,-0.12097996,0.18942201,-0.06691477,-0.0737734,-0.0728889,-4.8355694,-0.17479557,0.1586263,-0.12999555,-0.09869605,0.17439768,0.053923074,0.07360436,-0.04086396,0.19177267,-0.06412016,0.10174689,-0.06655592,-0.019083364,0.01747465,0.10627327,0.12098855,0.036052,0.2922049,-0.18807833,-0.063477345,0.25254104,0.06338246,-0.07890598,0.10016502,-0.04148838,-0.06825176,0.047003027,-0.14646192,0.11710805,0.1432138,0.16336966,-0.09666425,0.10899873,0.14220153,-0.0025086864,-0.10977883,-0.022414578,0.017834982,0.04259507,-0.2035609,0.13284172,0.0807406,0.09349543,-0.026171941,-0.08278145,-0.008389908,-0.042032972,-0.11934508,0.061869677,0.007779374,0.06626794,-0.12131289,-0.029086124,0.011975538,0.20034596,-0.28617534,0.18422642,-0.031766277,-0.0786839,0.21663862,0.3232367,0.10406566,-0.0021079502,-0.0074360836,0.07239214,-0.21456763,0.0855051,0.123958014,-0.13344602,-0.0026546253,-0.22713558,0.25120935,-0.005077156,-0.24071905,0.18296735,-0.17859715,-0.116238505,0.12910114,-0.11728031,0.054664887,-0.03131852,-0.08835374,-0.15187685,0.02843269,-0.032570012,-0.23389117,0.051905528,-0.015283694,-0.10656055,-0.14885506,-0.33840096,-0.0057464093,0.1490769,0.010492277,0.13663769,0.006334038,0.17958862,-0.09460465,0.02570634,0.1752973,0.037591785,-0.06525389,-0.0351115,0.18372837,-0.08149186,0.04456752,-0.11109383,0.15540083,0.13769862,0.12424861,-0.07802131,0.33860093,0.20629473,0.0603946,-0.14315897,0.0063979393,-0.014855113,0.27663636,-0.18727565,-0.0050049787,0.07050572,-0.045865968,0.12544256,-0.26655826,0.3392421,0.024395192,-0.1221713,-0.15032971,0.035535894,0.21254794,0.22724776,0.07409142,0.008215418,-0.052521564,0.052843146,0.09277621,0.060556356,-0.120346345,0.35427704,0.17025894,0.15616046,-0.060574636,0.058247294,-0.08986235,0.27765882,0.07729154,-0.0072301356,0.13127036,-0.0059564686,-0.22395459,-0.028059928,0.014099721,0.14113413,0.104955666,-0.0072090016,-0.056411363,-0.07238998,-0.25193262,-0.08928312,0.066400714,0.058319308,0.00932198,-0.07059011,-0.0886343,-0.19146477,0.053781565,-0.008498044,0.030173257,-0.055398397,-0.029926887,-0.080367655,0.071681246,0.17852855,0.1129823,0.013619161,0.09842256,0.10953494,0.034210153,-0.17992418,0.04551813,-0.24596779,-0.028934916,-0.2135296,0.29105872,0.014913704,0.014235152,0.08429504,-0.054985024,-0.087181956,-0.11764175,-0.035005726,-0.103986554,0.15221988,-0.19240125,0.011742092,0.16729051,0.015821168,-0.0210691,-0.033625614,-0.016312806,-0.097500555,0.15068415,0.03659472,0.058786497,-0.18286075,0.1287482,-0.07485781,0.11607848,-0.1268259,-0.044055514,0.08794515,-0.03884692,0.041827906,-0.035812378,-0.0796313,0.05392772,0.03102202,-0.113859706,0.07084566,0.19849706,0.031577878,0.17617446,0.13378729,-0.084829435,-0.19691207,-0.14086737,-0.0021819363,-0.013037109,-0.074145585,0.10736689,0.17125261,0.050164256,-0.009583915,-0.11498394,-0.07231514,-0.11191977,0.24234916,0.07598629,-0.043878067,-0.039299846,0.07188445,-0.01709236,-0.2393795,0.041073278,-0.08787036,-0.17610566,0.06657367,-0.122936815,-0.07351495,0.017339192,-0.13621268,-0.2123067,-0.22089608,-0.14834417,0.27613747,0.0073736655,-0.0376216
GUN12_ORYSJ,0.0507893,-0.06408623,0.01755081,0.14344932,0.27887973,-0.21246381,-0.112531774,-0.16126052,-0.14113866,-0.09673929,0.15511268,-0.03443475,0.073954284,0.084837705,0.22639947,-0.13128644,0.067159094,0.17057928,-0.21139985,0.03521239,-0.06849554,0.095132425,-0.029959995,-0.05336576,-0.031471513,0.35645753,-0.08003379,0.08594672,-0.06918161,0.13870616,-0.11825343,0.15450917,0.04395571,-0.06558901,-0.0032085148,-0.17162342,-0.0077676964,-0.02422273,0.14208375,0.0028072211,-0.20182215,-0.06802275,0.05701959,0.15213817,-0.087759584,0.055214167,-1.0718137,0.24255374,-0.11374509,0.00052817445,-0.029505523,0.06160648,0.05884104,-0.044742946,-0.033298645,-0.16945653,0.21578975,-0.12348035,0.2765534,0.031983092,-0.062388133,-0.13429162,-4.9103775,-0.22162071,0.15860184,-0.057021435,0.035909846,0.17174,0.10340491,0.10842639,-0.089765735,0.15970123,0.03627716,0.15441138,-0.15204328,-0.012878915,0.071383975,0.11061888,0.12361554,0.08269658,0.22019531,-0.012891931,-0.016792167,0.09061511,0.06988315,-0.027597973,0.13048428,-0.07725949,0.003023151,0.05033469,-0.17286205,0.12780069,0.15493569,0.16549174,-0.010915358,0.1561926,0.10137281,-0.039338622,-0.1729682,-0.06551021,0.058742158,0.08519401,-0.2539714,0.05123725,0.049063895,0.12101377,-0.11416155,0.018729938,0.01569877,-0.13693018,-0.03890588,0.12089735,0.029859658,0.09443539,-0.10029286,-0.033674788,0.073695205,0.27135682,-0.3266397,-0.032023072,-0.028624859,-0.076714806,0.18899688,0.27399105,0.2554289,0.13076027,-0.0495394,-0.065830015,-0.12756307,0.059803937,0.12904473,-0.07947393,-0.003906531,-0.21815582,0.37778056,-0.027376862,-0.22976708,0.06021685,-0.14012526,-0.1467169,0.174269,-0.13942143,-0.0023996956,-0.06953308,-0.0436894,-0.21504751,0.0625127,-0.009136173,-0.23313613,0.17447124,0.033899087,-0.11065154,-0.23938711,-0.32935342,0.019044977,0.13547601,-0.024202023,0.15471794,-0.027936911,0.14613909,-0.021127203,0.08242728,0.066928506,0.03975837,-0.07743501,-0.017650278,0.29828504,-0.0865916,0.08942172,-0.005964377,-0.031144967,0.091129236,0.19860044,-0.17151156,0.26776004,0.22620031,0.060150575,-0.070649445,-0.06455819,-0.06424659,0.20374684,-0.1313485,0.018916817,0.079412684,-0.1218905,0.16464649,-0.19603217,0.3084998,0.006404267,-0.105317175,-0.1712985,0.016398909,0.23195991,0.124635756,0.055340815,-0.05260268,-0.12318091,0.11051422,0.07911832,0.115688086,-0.069683224,0.25106105,0.13849197,0.13337262,-0.017322969,0.006521086,-0.13879378,0.1115854,-0.03289275,0.010979937,0.12397068,-0.047967657,-0.09145992,-0.007508298,-0.021231545,0.081536844,0.071767114,-0.008785509,-0.015088471,-0.10818889,-0.2753983,-0.058986206,0.061304424,-0.042360432,0.06790255,-0.09817486,-0.013066644,-0.18941772,0.051001493,-0.0076765427,0.10684341,-0.017231574,0.014448084,-0.10942866,0.05630759,0.10978984,0.11611866,-0.079504535,0.08786814,0.20999868,-0.108456545,-0.1638577,-0.027936677,-0.16068009,0.045133077,-0.19350052,0.24574357,0.07553805,-0.040684342,0.02293479,0.0066550383,0.05495296,-0.047710713,0.08360856,-0.03643295,0.24401672,-0.14854924,-0.026536541,0.2561088,-0.009304997,0.00861058,-0.10007189,0.05919255,-0.10255195,0.116837576,0.09834724,0.02263824,-0.15833119,0.18254161,-0.08291709,0.09405235,-0.062339794,-0.08189228,-0.010496611,-0.087230146,0.08681244,0.001427156,-0.065060824,-0.0070595606,0.04279098,-0.048572686,0.028519103,0.107924186,-0.09017964,0.27765995,0.19526462,-0.14514843,-0.26852417,-0.010888936,0.020673303,-0.003781879,-0.028900238,0.062169336,0.06124804,0.008505662,0.112240456,-0.17884569,-0.13443124,-0.13482004,0.18053263,0.0147537505,-0.0074613257,-0.0861749,0.07463461,0.072252706,-0.17628211,0.010837183,-0.14516358,-0.1724553,-0.046118926,-0.14570051,-0.035482984,-0.03332517,-0.11714336,-0.03272365,-0.21338457,-0.17336382,0.2681338,-0.0733186,0.0076334258
GUN10_ORYSJ,0.07659022,-0.07563767,-0.017263114,0.1351747,0.26540077,-0.21805258,-0.1130304,-0.17645904,-0.1961294,-0.08168236,0.20713131,0.030341495,0.076790825,0.06307721,0.25174886,-0.16738763,0.07306163,0.164458,-0.13669463,-0.01822483,-0.075161874,0.033982165,-0.03179994,-0.100146085,-0.0085194,0.30186853,-0.08630345,0.054597083,-0.06942674,0.16301367,-0.09763084,0.18105978,0.032954164,-0.099104404,-0.016406966,-0.20160165,-0.018326718,0.018575568,0.1728009,-0.02341986,-0.18040137,-0.054303907,0.072886996,0.24795704,-0.13871484,0.03298489,-1.0806818,0.27102944,-0.16699666,0.0011334195,-0.033089943,0.088410676,0.06354729,-0.0519861,0.005473858,-0.19889255,0.2204962,-0.07353847,0.26531872,-0.036669128,-0.019477317,-0.08484284,-4.9003315,-0.1845021,0.1373302,-0.03976169,0.0073310863,0.20287228,0.054595347,0.07126816,-0.13813297,0.1692063,0.07790483,0.16398214,-0.11833426,-0.02278663,0.086620465,0.14077477,0.110674754,0.046864282,0.24967676,-0.049148463,0.04906886,0.12360756,0.06563303,0.0015481063,0.1403014,-0.054745886,-0.027148973,0.048634596,-0.21571021,0.090784386,0.15134455,0.18114668,-0.0023996683,0.13848037,0.11117755,-0.045782235,-0.13572112,-0.067343816,0.076522,0.08933091,-0.23870477,0.06749035,0.11283852,0.12699157,-0.11901941,-0.00038045243,0.023004955,-0.098974496,-0.06253418,0.10760174,0.081900984,0.078591734,-0.08945375,-0.012881758,0.073918134,0.22932896,-0.34785575,0.030894684,-0.09528992,-0.08127306,0.209515,0.31660855,0.27196082,0.12812288,-0.035743427,-0.08236861,-0.17794295,0.0576263,0.071316294,-0.14282648,-0.0060145524,-0.18887903,0.33067855,0.0032654474,-0.18220304,0.0478986,-0.17793955,-0.18950276,0.17587648,-0.13469341,0.051252913,-0.08666629,-0.06326624,-0.19780353,0.04457731,-0.0031792864,-0.21245278,0.16167782,0.06489351,-0.10199172,-0.1864407,-0.37824923,0.028993933,0.12959276,0.015588442,0.17127255,-0.036607645,0.1264394,-0.057183452,0.04651264,0.05226218,0.060749672,-0.075274326,0.027372617,0.28222197,-0.12430353,-0.0010514861,0.0003103129,-0.0804447,0.14324956,0.22434238,-0.1753275,0.20815627,0.2305814,0.062543936,-0.12049524,-0.07194847,-0.052395713,0.20494789,-0.17877634,0.02095978,0.09034416,-0.12700859,0.11855246,-0.2113358,0.32439804,-0.00025291074,-0.1234798,-0.1268128,0.029958403,0.2838213,0.14127527,0.032997735,0.008677628,-0.08746724,0.11744411,0.0678045,0.14326654,-0.06478888,0.22067852,0.15294485,0.16978522,-0.01079349,-0.029864492,-0.113783784,0.11742786,0.034836795,0.019670386,0.109713316,-0.04076111,-0.13901235,-0.04591473,0.005891487,0.06503532,0.07182734,-0.0012627844,-0.0760743,-0.15583129,-0.30318588,-0.029729458,0.081947416,-0.033290118,0.019174589,-0.060485728,0.01619297,-0.20367095,0.043826316,0.0024680994,0.08830312,-0.034905963,-0.0049071144,-0.09578948,0.04177202,0.11789903,0.07059598,-0.02863485,0.066095024,0.17570576,-0.090480894,-0.17358942,-0.02669275,-0.17532644,0.032573555,-0.16735773,0.1863055,0.070248365,0.031741273,0.016221752,-0.03456784,0.03662636,-0.06297458,0.060247377,0.007995138,0.21880159,-0.11030951,-0.0431436,0.18049946,-0.017863885,0.025480118,-0.070700355,0.008326755,-0.09600336,0.10327805,0.0981829,0.0055198823,-0.16505569,0.14986832,-0.07424374,0.09123613,-0.06408139,-0.06703966,0.025172697,-0.047911663,0.088819005,0.015719652,-0.07732478,-0.022124754,0.035857018,0.0039819116,-0.020499613,0.14910236,-0.06916546,0.20471206,0.2069342,-0.14178109,-0.23630251,-0.01370643,0.038306948,-0.0043454613,-0.10680218,0.069620535,0.07389985,-0.0072752135,0.086230665,-0.13397865,-0.15782607,-0.10003303,0.21980323,0.034626957,-0.044167712,-0.038700268,0.0182057,0.059643324,-0.19133963,0.039713904,-0.10204379,-0.1550266,-0.07532235,-0.06934952,-0.06724285,-0.013408537,-0.116092645,-0.023897834,-0.13828516,-0.12742968,0.1968487,-0.027369495,0.027877163
GUN23_ARATH,0.042690314,-0.10740836,0.019378368,0.06702482,0.23682916,-0.2171452,-0.01603608,-0.16103832,-0.22761902,-0.028758744,0.20078233,0.06765254,0.12763108,0.09907548,0.26158646,-0.13691665,0.14154835,0.19004162,-0.19878908,0.034161348,-0.06406359,0.094611414,-0.007212135,-0.05150188,-0.012454226,0.21414992,-0.064295635,0.028598199,-0.0012112762,0.12196754,-0.03843844,0.21849142,0.041427236,-0.061130397,-0.019107578,-0.16272284,0.051370878,0.019481102,0.19135791,-0.030887235,-0.2261953,-0.103656776,0.17984985,0.17492376,-0.117443234,0.050466046,-0.96741724,0.23741116,-0.08281177,0.03902436,-0.061344933,-0.0040293923,-0.0124302795,-0.07304085,-0.05477963,-0.22253825,0.2267009,-0.12635148,0.2278366,-0.0129880365,-0.0477581,-0.08847447,-4.8432283,-0.17688258,0.18046673,-0.032442022,0.03597069,0.05348198,0.07443118,0.064844616,-0.15755078,0.124948785,0.04902531,0.15920891,-0.14128664,0.019448362,0.050264608,0.19445561,0.14903663,0.023592202,0.17629953,-0.09439298,0.011078638,0.26569524,0.061034486,-0.05617964,0.07421384,-0.024275774,-0.03740638,-0.06414277,-0.19331807,0.12897137,0.19620007,0.17930993,-0.014023333,0.11644552,0.10691078,-0.0418484,-0.19894882,-0.055219285,0.022143967,0.07875708,-0.2197019,0.046790507,0.09954794,0.05803207,-0.07059013,-0.059912223,0.06689854,-0.08271534,-0.11643963,0.093249984,-0.0047601555,0.07610298,-0.14078231,0.04954509,0.00599255,0.26313433,-0.30706945,-0.0015239393,0.009968936,-0.14390962,0.24390788,0.20742397,0.25263044,0.07740316,-0.0053775017,-0.10295398,-0.18827236,-0.008521815,0.14695323,-0.11768606,0.078046665,-0.23405443,0.35995737,-0.06333355,-0.18611062,0.06617186,-0.18663841,-0.23803209,0.19890296,-0.19971979,0.014068877,-0.08901229,-0.069415234,-0.16993959,0.0559522,-0.054065526,-0.20111679,0.15775245,-0.0034965842,-0.08213599,-0.28301474,-0.37842482,0.061770167,0.12334028,0.06620881,0.11661618,-0.043112233,0.14133568,-0.015209836,0.13551643,0.09665034,0.05822357,-0.07300634,-0.009571859,0.21878782,-0.08064316,0.07714821,-0.035242546,-0.00024301163,0.120401956,0.19198087,-0.1894088,0.28825676,0.2387612,0.09109435,-0.18498692,0.0059683044,-0.0194355,0.17862387,-0.19185878,-0.0030547865,0.057530835,-0.09489133,0.0869056,-0.2840953,0.35861608,0.0010989179,-0.015065624,-0.10158023,0.044802904,0.31922656,0.13380057,0.09629675,-0.075994454,-0.12376919,0.05794818,0.07416116,0.12765783,-0.03642482,0.21585979,0.19267818,0.1982147,0.04477109,-0.0035426738,-0.1143054,0.06465605,0.024583025,-0.023794992,0.14700499,0.009800326,-0.13545868,-0.10327372,-0.017482888,0.09934717,0.09525684,-0.00093131594,-0.09517745,-0.084210485,-0.28859234,-0.039914075,0.07927956,-0.03117032,0.011610973,-0.09359643,-0.052347057,-0.26754695,0.026013596,0.005485046,0.06970926,-0.07866951,-0.013596353,-0.10373904,0.043198623,0.18506649,0.06816366,0.044462394,0.094610356,0.18279637,-0.13288994,-0.24360232,-0.024742832,-0.21392253,-0.02094515,-0.19477844,0.28861126,0.08375796,0.0029388268,0.055809103,-0.0067416946,-0.04430144,-0.118303426,0.02744907,0.018963343,0.22812676,-0.1207615,-0.030563371,0.20581536,0.02950106,0.0041533597,-0.007523234,-0.021358468,-0.044479813,0.1068988,0.050870802,0.12581412,-0.23649187,0.11940011,-0.087872,0.016762113,-0.06331288,-0.034921262,0.051855836,-0.08678931,0.020182285,0.011533818,-0.1365495,-0.0019191492,0.028237173,-0.045442693,0.01874585,0.12536961,0.026200123,0.22189994,0.24089079,-0.11146482,-0.25288564,0.036466096,0.09625042,0.011923458,-0.07842995,0.07588853,0.029708717,-0.0037298878,0.06302963,-0.1254373,-0.07617907,0.014496881,0.18191335,0.06431877,-0.06705543,-0.031249048,0.054026403,0.053834055,-0.119585946,0.003396605,-0.07074779,-0.13518374,-0.064707376,-0.06742495,-0.10087644,0.03851353,-0.14943203,-0.09216274,-0.19007193,-0.16684626,0.28922603,-0.033467427,-0.000747042
GUN24_ARATH,0.12802118,-0.08192098,0.028589282,0.032705676,0.26240537,-0.20787685,0.041296422,-0.14383927,-0.2603251,-0.05237332,0.28752804,0.02994181,0.094189085,0.07757258,0.1950118,-0.20459081,0.11801014,0.17140299,-0.17404637,-0.009541979,-0.036156297,0.049435984,0.0008890227,-0.10076458,0.06770239,0.24173246,-0.064895935,0.07151013,0.0026451284,0.14534998,0.025031475,0.23868565,0.061614253,-0.032468345,0.03315477,-0.21238697,0.044412475,0.011251664,0.11893712,-0.011736967,-0.27312273,-0.031474296,0.07791648,0.18500815,-0.17668293,0.058983546,-1.0995606,0.22280395,-0.100952186,0.08248842,-0.01519759,-0.000855386,0.022875668,-0.0033478425,-0.07360112,-0.22104102,0.22725403,-0.15424843,0.17997159,-0.0575051,-0.058877796,-0.008474096,-4.761061,-0.16492626,0.14171614,-0.11012291,0.03482005,0.10898393,0.1089343,0.07483034,-0.11566057,0.07615724,-0.011112697,0.16178788,-0.09993315,0.08377405,0.023096532,0.11289358,0.1753511,-0.00964701,0.19439805,-0.088675044,-0.04168137,0.2915694,0.07798831,0.01446807,0.053970437,-0.06405268,-0.020887129,-0.03659234,-0.08257906,-0.009812271,0.16330017,0.23213005,-0.038459197,0.06377339,0.0871855,-0.07419053,-0.06639101,-0.10018649,0.012353094,0.046429675,-0.20208575,0.09689915,0.089388475,0.106387764,-0.09631661,-0.0734268,-0.038431,-0.03591309,-0.1786917,-0.0111986725,-0.032493655,0.035707846,-0.14867993,0.0802901,0.022991596,0.19216782,-0.2214908,0.046807345,-0.0035066968,-0.059769645,0.20197673,0.1758318,0.1477865,0.037930854,0.036699403,-0.002349406,-0.3015572,-0.068015665,0.16503595,-0.10836324,0.099458925,-0.19251727,0.3171364,-0.087603554,-0.18488495,0.11939096,-0.24142787,-0.23748483,0.17551866,-0.14106335,0.08237005,-0.032683212,-0.027166989,-0.08249068,0.09435368,0.012401294,-0.22657494,0.10705574,-0.029864524,-0.11038335,-0.21572283,-0.46476638,0.020202335,0.13132158,-0.0034064688,0.10960019,-0.069033585,0.11746526,-0.053905062,0.048763596,0.14813884,0.017964808,-0.057894353,-0.027981099,0.27540475,-0.11671148,0.06614117,-0.07146981,0.054304805,0.120140925,0.06584291,-0.038151965,0.2834336,0.21430348,0.07851306,-0.113941,0.016039236,-0.09754531,0.22426465,-0.21794869,-0.020645432,0.05659139,-0.13254136,0.15711696,-0.2856649,0.2684152,0.044528563,-0.07341734,-0.120760046,0.08399301,0.23916698,0.14215466,0.07292331,-0.017158171,-0.10288533,0.015605611,0.11757834,0.144722,-0.035347886,0.32401186,0.2134607,0.13055757,-0.06085383,0.09120389,-0.08801312,0.03931498,0.07669428,0.061200652,0.16183986,-0.11463103,-0.18564427,-0.05081246,-0.0025221517,0.077789195,0.09669981,0.06909908,-0.12956329,-0.086345434,-0.27633065,-0.030270703,0.11679566,-0.09157463,-0.02395943,-0.017785056,-0.044084933,-0.19880389,0.022571953,0.020812968,0.03282638,-0.031046186,-0.049608715,-0.07921407,0.00808579,0.13317567,0.18023421,0.035556983,0.057140443,0.17824982,-0.0795815,-0.14941654,-0.030346682,-0.24313483,-0.007370065,-0.12953088,0.32809493,0.05468723,-0.00047824855,0.05441782,-0.033930134,-0.08581635,-0.124142416,0.049710467,-0.050929748,0.06270787,-0.2076313,-0.0643823,0.23309082,-0.03108827,-0.012855371,-0.12924507,0.08193846,-0.10716021,0.03390929,0.10487547,0.023161734,-0.231897,0.111158915,-0.017757772,0.08500744,-0.022946788,-0.047326814,0.10196761,-0.0045094956,-0.06780789,-0.026530024,-0.13137071,0.061935786,-0.01733237,-0.0058282227,0.021357408,0.27475646,0.028705783,0.2186275,0.16295567,-0.093588024,-0.206235,0.069283694,0.06380569,-0.040199097,-0.10980588,0.1368163,0.13614397,0.096436545,0.050118357,-0.16289002,-0.069347836,-0.064616136,0.18514773,0.031542204,-0.056938395,0.022068292,0.00047023024,-0.0025205063,-0.09030479,-0.0017389157,-0.044873744,-0.16917099,-0.01929251,-0.00869594,-0.17660984,0.044551726,-0.12208234,-0.081253245,-0.11363541,-0.1359666,0.27013052,0.045188013,0.025147706
GUN1_ARATH,0.02099066,-0.07673018,-0.038351312,0.058793116,0.22897485,-0.23531178,-0.0039992,-0.13755234,-0.2800117,-0.023105124,0.24515809,0.10657556,0.029989779,0.08460658,0.2539016,-0.19946775,0.17915863,0.17793413,-0.17338133,-0.019109381,-0.0887192,0.021455595,-0.016145194,-0.12008395,0.032357153,0.23199789,-0.08765049,0.11067006,0.02860779,0.11689825,0.024895739,0.14570594,0.017368173,0.052340012,0.013000984,-0.25687525,0.046300255,0.022740146,0.17012586,0.071938396,-0.25822198,-0.031964988,0.14284569,0.17958087,-0.13308012,0.04901773,-1.0066736,0.27091473,-0.064255185,0.018223587,-0.0024206066,-0.03697927,-0.069313735,-0.06990493,0.024193056,-0.22685891,0.25231344,-0.14557546,0.23882854,-0.12572493,-0.043745983,-0.03286558,-4.779726,-0.13550465,0.09835004,-0.09576799,-0.0045966716,0.122555755,0.06128798,0.093589425,-0.13202158,0.092996515,0.0070687192,0.104720645,-0.093850955,0.055728298,0.045072813,0.1156463,0.13356535,-0.039292958,0.14965448,-0.02123146,0.04164555,0.2441283,0.062039297,-0.037845496,0.09296064,-0.004863792,-0.040022824,-0.011807719,-0.16073816,-0.04413067,0.16281784,0.20633408,-0.10002048,0.0878305,0.06656381,-0.050480783,-0.13031489,-0.034235854,0.0866063,0.054974075,-0.20934543,0.09868654,0.19075504,0.0557208,-0.12836011,-0.05062911,0.014887922,-0.0071519827,-0.052892562,0.04008529,-0.021177126,0.08009176,-0.11889136,0.052760456,0.080266476,0.20772605,-0.258532,0.045282684,0.007237423,-0.0643137,0.19714847,0.14887017,0.17876248,0.030326037,0.03758794,-0.082086034,-0.2605063,0.0616476,0.10852847,-0.11546831,0.13867708,-0.16398594,0.29424134,-0.036523547,-0.17222476,0.1197291,-0.13737169,-0.17157489,0.21945196,-0.17130044,0.07771592,0.006895306,-0.03740867,-0.11881393,0.026856823,0.022746146,-0.18248858,0.16588275,0.023057302,-0.10592559,-0.17558488,-0.3776531,0.028806232,0.18814717,0.022818014,0.09362492,-0.08808852,0.1144023,-0.071179695,0.06803347,0.10358546,0.056941904,-0.073220365,-0.021149743,0.2231667,-0.13698788,0.057356484,-0.031372838,-0.013511043,0.16486724,0.08946322,-0.16123664,0.2533526,0.13746545,0.120788425,-0.18838352,0.011744307,-0.124306574,0.22431655,-0.25567046,-0.08785419,0.09341707,-0.12866487,0.10980431,-0.2760643,0.31036216,-0.02045886,-0.057961024,-0.13612096,0.05383331,0.28431377,0.17639512,0.07584766,0.022302551,-0.04357804,0.04988528,0.09717349,0.14862688,-0.018721405,0.24704482,0.16085055,0.12524304,-0.011256128,0.027223727,-0.14408046,0.03346191,0.07210482,-0.007412884,0.104381785,-0.05007838,-0.20333709,-0.08082425,0.022685148,0.04014098,0.10137478,0.053467676,-0.17886773,-0.074242115,-0.32542437,-0.03424878,0.1169595,-0.05457687,-0.031959496,-0.08324016,0.022597706,-0.1752269,0.05675651,0.11250909,-0.00948161,-0.009922791,0.00831349,-0.04366874,0.042357463,0.14493483,0.12817515,0.04399448,0.046250474,0.14554603,-0.13780625,-0.21303762,-0.0031536957,-0.18641567,-0.0025052708,-0.13405575,0.23777953,0.048068367,0.07290491,0.013489226,0.0076798256,-0.098478556,-0.061676275,-0.016843906,-0.00958899,0.1462609,-0.16446853,-0.08249664,0.24207647,-0.00296061,-0.017775401,-0.10983406,0.018611843,-0.12067752,0.08795478,0.071843065,0.08439682,-0.14191003,0.11781431,0.015646957,0.008282934,-0.07022574,-0.046664894,0.10146604,-0.0045155105,-0.08498481,-0.071673356,-0.18073955,0.057849497,-0.014766094,-0.022302903,-0.03395655,0.15531631,-0.052255936,0.20431341,0.13006157,-0.1120489,-0.17683771,0.06752123,0.04491555,-0.08153329,-0.12998478,0.12881254,0.10678137,0.02553366,0.043873347,-0.14382604,-0.046725154,-0.07145498,0.3218248,0.0019230748,-0.07738851,-0.031652,0.064517625,0.06721374,-0.087056786,0.024841784,-0.02071644,-0.186622,0.027014,-0.0077251657,-0.17378253,0.05761087,-0.09502056,-0.12143507,-0.12282547,-0.16086783,0.23317486,-0.013114882,0.07701958
GUN18_ARATH,0.10836387,-0.09025788,0.03166037,0.06882204,0.2934876,-0.19375895,-0.058304626,-0.13111122,-0.14184543,-0.07056243,0.28342146,0.17945366,0.08788514,0.08357909,0.21616116,-0.09690116,0.150284,0.16917637,-0.23475818,-0.016113067,-0.042949032,0.13205668,0.038057495,-0.0949417,0.09293351,0.26986846,-0.051657278,-0.0120175015,-0.05167955,0.11567139,-0.12697658,0.28748652,0.057953514,0.086451404,0.04813284,-0.1643686,-0.0672054,-0.025465393,0.13497403,0.024107784,-0.23469801,-0.03581575,0.10693331,0.21016067,-0.11811392,0.033775102,-1.1126817,0.25850937,-0.07355868,0.10927978,0.04386872,0.0060005067,0.007663087,-0.15744406,-0.03417319,-0.23905715,0.18969251,-0.117132865,0.10527113,0.037678137,-0.019739734,-0.058795474,-4.882713,-0.20939785,0.17624383,-0.07897517,-0.011615762,0.18775447,0.0110518485,0.073731855,-0.07502576,0.18185668,0.06660028,0.07403848,-0.011773552,-0.015583848,0.10551461,0.16247657,0.18355422,-0.068049915,0.29327056,-0.05254469,0.01654767,0.25475594,0.06646814,-0.014658028,0.10255842,-0.05004763,-0.023868985,-0.008931357,-0.15086965,-0.011461595,0.20038453,0.14688587,-0.014595532,0.049833853,0.09807745,-0.039600357,-0.083810806,-0.154529,0.04334752,0.025507204,-0.27384102,0.098739706,0.059479482,0.031710003,-0.044816066,-0.037693508,-0.046108954,-0.057110883,-0.14034711,0.098703526,-0.040637247,0.17443831,-0.041241292,-0.046733327,0.09186477,0.14114971,-0.22575894,0.018134924,-0.029047038,-0.065083645,0.16978171,0.117747456,0.14829288,0.1291353,0.012574413,0.008081726,-0.2499385,0.09408187,0.18796536,-0.13076273,0.124631695,-0.20539756,0.28886285,0.012551149,-0.2725031,0.26858625,-0.25293615,-0.25006166,0.21383047,-0.18062405,-0.02232546,-0.09131428,-0.050964665,-0.23590125,0.05091156,-0.0073223948,-0.25011623,0.094379015,-0.010706076,-0.05390827,-0.15522286,-0.35439357,-0.026360523,0.13659763,-0.02821486,0.15226561,-0.006916709,0.22313522,-0.028943058,0.09323001,0.10693525,0.058804616,-0.017073046,-0.049381796,0.18438031,-0.060684316,0.069897965,-0.0724874,0.047685623,0.049682952,0.17732935,-0.12126918,0.21333617,0.30146307,0.045773104,-0.16818644,-0.011119659,-0.10628282,0.17523101,-0.25997943,-0.05860428,0.10180213,-0.11898441,0.16998202,-0.37029827,0.37108594,0.028706336,-0.052118946,-0.07017891,0.023009509,0.11380889,0.19244441,0.13337101,-0.03034063,-0.065372564,0.04948279,0.1798195,0.06943982,-0.083807275,0.2678231,0.16385564,0.14590849,0.051354058,0.04273588,-0.05594192,-0.058619257,0.0029802278,-0.10422272,0.14767268,-0.039467625,-0.19751804,0.005095104,0.062478073,0.04542024,0.15774861,-0.02559108,-0.122819215,-0.04943057,-0.24868226,-0.112467445,0.10832795,-0.054868855,-0.03853636,-0.17398737,-0.14020234,-0.10057965,0.013063325,0.013242354,0.063147746,-0.073774576,-0.016819336,-0.1657173,0.09027304,0.151374,0.06546734,-0.018427929,0.13333718,0.15500896,-0.09283068,-0.22796036,-0.0012934466,-0.15139069,-0.021829942,-0.14594401,0.3618927,0.10971878,-0.08491526,0.034172818,0.011498622,-0.021487117,-0.10368538,0.01527006,-0.05901306,0.14183305,-0.23998664,0.039110955,0.25440827,0.060553372,-0.028231317,-0.04680167,-0.039842907,-0.12902375,0.20184371,0.12883621,0.053882036,-0.21842888,0.18687944,-0.020034023,0.038784843,-0.107838646,-0.028139213,0.0033866267,-0.14678885,0.012515469,0.0058763227,-0.09313639,0.01985502,0.041603938,-0.040175796,0.06901432,0.20399167,0.029362233,0.18474633,0.24048544,-0.078029744,-0.26709014,0.010831956,0.042974688,-0.08942922,-0.054716956,0.026028754,0.15863946,0.0645834,0.06376522,-0.15817471,-0.05548133,-0.0505149,0.22673395,0.057587314,-0.043638527,-0.015447188,0.057006437,-0.03718303,-0.23510395,0.02510045,-0.02380389,-0.1885779,0.028797157,-0.051277436,-0.09239971,0.055717655,-0.14609985,-0.11668439,-0.16383375,-0.22020602,0.22418042,-0.038627673,-0.011161895
GUN10_ARATH,0.030951172,-0.027302645,0.027875446,0.085217305,0.29734895,-0.13337187,0.014450093,-0.13174593,-0.2440818,-0.027176926,0.23909713,0.1173298,0.10144725,0.13248155,0.3089545,-0.16828409,0.03175035,0.1630934,-0.25738665,0.035832245,-0.124285154,0.0758972,0.027893083,-0.14887108,0.046261992,0.26326463,-0.082159184,0.032212887,0.005149667,0.13781753,-0.030948335,0.2662635,-0.0053566266,0.13541219,0.042360853,-0.10580871,-0.05198888,-0.082252905,0.16467907,0.040361885,-0.1907231,-0.063923776,0.036008652,0.15618332,-0.0816957,0.06904286,-0.93150735,0.23313144,-0.076131545,0.07880854,-0.07253584,-0.029738659,-0.0064273486,-0.04754972,-0.017044162,-0.18742849,0.19991273,-0.10068833,0.2835768,-0.01376117,-0.058450866,-0.08175772,-4.7681956,-0.20667975,0.18080325,0.0041035814,0.0015068597,0.052748337,0.09179666,0.07353467,-0.04642271,0.15977822,0.09145099,0.18695366,0.003792856,0.021813128,0.033889532,0.21211292,0.16886568,-0.010538731,0.14406185,-0.059991155,0.038526393,0.19218715,0.1365944,0.01177924,0.08866905,-0.11330918,-0.014371452,0.056254048,-0.21687251,0.021920582,0.19753519,0.10410488,0.0011199561,0.09128338,0.046133686,-0.087379925,-0.13809377,-0.03504201,0.091661915,0.025467644,-0.2707969,0.093565494,0.050621193,0.11097679,-0.04382658,-0.027810896,-0.033145398,-0.05755051,-0.06634582,0.086169854,-0.05184089,0.11127489,-0.053031124,-0.046595342,0.031135375,0.21229498,-0.2588794,-0.07456143,-0.0053632115,-0.12388267,0.1967312,0.15538824,0.25841588,0.16125141,-0.010652475,-0.0028318774,-0.154298,0.11123145,0.075743176,-0.11040843,0.022402167,-0.23909782,0.3531733,0.031970024,-0.2859829,0.100119404,-0.21828908,-0.2566215,0.17604448,-0.158659,0.037664786,-0.08441167,-0.044316888,-0.22285447,0.06571772,0.017292006,-0.18930423,0.21452478,0.065794274,-0.12478355,-0.25173098,-0.32953605,-0.015231503,0.14998981,0.04072403,0.13389938,-0.05830469,0.14979993,0.028192934,0.1458405,0.0724884,0.10264499,0.006554307,-0.01981281,0.29653066,-0.15691523,0.049376756,0.02008811,-0.09881648,0.14852399,0.21790639,-0.19544406,0.18350059,0.25033453,0.09584802,-0.14655639,-0.06314771,0.026220264,0.2261977,-0.27617165,0.047342587,0.14131938,-0.17078926,0.15625921,-0.27840608,0.3110529,0.024517843,-0.11550555,-0.092988566,0.031502616,0.08495811,0.10417449,-0.009620745,-0.015113516,-0.13776118,0.118935,0.033142228,0.19023356,-0.17669183,0.18079841,0.12967418,0.2174367,0.016880833,-0.0054412517,-0.076238066,0.023513034,-0.06730966,-0.11554152,0.10227147,-0.0025454937,-0.11438945,-0.047862664,0.016641323,0.03938205,0.055830322,-0.012283041,-0.032915935,-0.082632005,-0.27333227,-0.048150923,0.04847955,-0.06580253,0.06928898,-0.1815408,-0.025669517,-0.15234475,0.037930164,-0.029586228,0.11069098,-0.19360924,-0.0065417704,-0.13571976,0.05093453,0.14615339,0.034518022,0.0469856,0.14996235,0.13358799,-0.07297495,-0.18760489,-0.05266294,-0.16655427,0.063840546,-0.16861701,0.28275326,0.06310685,0.0025011483,-0.040527992,0.008956837,0.027668973,-0.1503255,-0.009257297,-0.006141706,0.18792029,-0.1459471,0.016495649,0.24456364,-0.012839212,0.011088705,-0.04254626,-0.019979317,-0.14543281,0.14956777,0.09553428,0.07551898,-0.23039429,0.09573094,-0.07988675,0.042873647,-0.072987065,-0.11974946,-6.114215e-05,-0.12338533,0.18591289,0.02522504,-0.11317456,-0.07335301,0.03896643,0.045349948,-0.02038005,0.1018564,-0.047092784,0.1739183,0.1486004,-0.08443461,-0.198638,0.06666165,0.08225121,-0.11194716,-0.0765257,0.071184434,0.03707673,0.047096413,0.038948923,-0.08105399,-0.15644617,0.043197554,0.20950694,-0.037451003,-0.019248603,-0.06208858,0.0017523562,0.025049547,-0.13223128,0.046995737,-0.05594834,-0.1697624,-0.032902103,-0.054512125,-0.02839134,0.002131747,-0.11857796,-0.083564125,-0.21560986,-0.19305344,0.26594645,-0.056673683,0.06592776
GUN3_ORYSJ,-0.035320166,-0.094170794,0.0059836665,0.09423735,0.2308011,-0.20764416,-0.03821558,-0.1789089,-0.32482117,-0.01333989,0.20895739,-0.0041109826,0.13978155,-0.0035613596,0.28343263,-0.13033205,0.12351833,0.25408527,-0.36636224,0.0828219,-0.1411235,0.08111399,-0.09926631,-0.044655796,-0.06754224,0.27549353,0.013304807,0.121094994,-0.121649966,0.14589792,-0.07431549,0.06755559,0.039488923,-0.094476275,-0.030223256,-0.26503438,0.047521733,0.09340291,0.18375148,-0.023090584,-0.25114375,-0.10390971,0.19823743,0.1806178,-0.08343963,0.031395216,-0.84742516,0.17035362,-0.04226218,0.030114604,-0.090858564,0.021491071,-0.054053772,-0.075156264,0.021693856,-0.19831996,0.23327367,-0.17647769,0.27757218,-0.06359536,-0.046324417,-0.116525754,-4.6947656,-0.18139564,0.16477753,-0.10281826,-0.030854098,0.097354226,0.118973106,0.06287086,-0.081645526,0.17873105,-0.070204355,0.17534527,-0.1256257,-0.047175698,0.023971306,0.13848682,0.17167878,0.043824606,0.16893347,-0.1366088,-0.037886992,0.24351741,0.0475529,-0.10415518,0.080790475,-0.03199831,-0.09897178,0.05928185,-0.18631276,0.18018092,0.09863528,0.17271572,-0.033092663,0.13210422,0.20113577,0.021390587,-0.22003262,-0.01615539,0.03176769,0.111155525,-0.24794438,0.09176654,0.12243908,0.10919675,-0.0820936,-0.08935562,0.100124806,-0.018112823,-0.07933177,0.07448842,0.052424815,0.028783394,-0.180407,0.015464147,0.0006875202,0.32776177,-0.37721688,0.059986852,-0.007984776,-0.14212573,0.23629919,0.36513716,0.1898996,0.022677416,-0.036140215,-0.09048509,-0.14721374,0.07100187,0.0933034,-0.09618349,-0.0018597424,-0.31467602,0.381393,-0.066708915,-0.20120648,0.15144537,-0.0984774,-0.12931679,0.16377734,-0.093765594,0.029339086,-0.014413742,-0.10963929,-0.17325255,0.048050787,-0.042964365,-0.2684655,0.19684337,-0.003396641,-0.121844515,-0.17708264,-0.2841445,0.041942865,0.18532783,0.017206501,0.15600355,-0.018383212,0.1005274,-0.08170672,0.08369142,0.0902718,0.056825217,-0.10620335,-0.052565333,0.25244465,-0.054558676,0.08745549,-0.026690867,0.11846863,0.14198083,0.16814545,-0.112760134,0.34579626,0.13388617,0.11795548,-0.13106185,-0.0033127975,0.072440505,0.29017562,-0.20769651,-0.028337536,0.11509677,-0.11478533,0.1296012,-0.23789094,0.34302926,-0.025337763,-0.12598173,-0.19668125,-0.020090723,0.3895983,0.14314993,0.080337994,-0.05655995,-0.07718325,0.12325733,0.06632032,0.076728486,-0.071996875,0.27503172,0.15960573,0.09854231,-0.0071343435,0.05313954,-0.21282697,0.3352236,0.06829163,0.010229716,0.16906472,-0.0023927316,-0.14449167,-0.13642243,-0.016573453,0.1464982,0.11515842,0.010362349,-0.06262727,-0.09342212,-0.29814506,-0.10599391,0.025593195,0.057064712,0.017427985,-0.041756917,-0.02703093,-0.32157633,0.058682814,0.060204223,-0.005527276,-0.050452653,-0.06673028,-0.110306635,0.03549082,0.19602746,0.08656045,-0.016826296,0.094814904,0.1671998,-0.060255088,-0.29190144,0.06064359,-0.24873455,-0.018557696,-0.2539046,0.2268248,0.029158225,0.04426995,0.0070119584,-0.049452513,-0.038517844,-0.12083033,0.033259127,-0.032886345,0.27543533,-0.1201516,-0.020042015,0.13492988,0.038097564,-0.023594419,-0.04148603,0.021742564,-0.10988154,0.121703915,-0.014479783,0.11967573,-0.15480793,0.12303656,-0.1156452,0.084058225,-0.13964313,-0.034308705,0.107160464,-0.024197284,0.027246637,-0.022987189,-0.12001983,0.053521514,0.010669834,-0.08893895,0.09131461,0.10097359,0.007991888,0.25550944,0.17619762,-0.17830887,-0.22899337,-0.11143291,0.044468362,0.040048137,-0.08165246,0.0953075,0.06990244,-0.0059516034,0.07059804,-0.1470868,-0.032115854,-0.09598498,0.25285092,0.031496786,-0.06701808,-0.057133507,0.08119867,0.108997844,-0.13861312,0.014574538,-0.18809858,-0.16197951,0.012990308,-0.1254172,-0.1404665,-0.0012391008,-0.15458262,-0.21679962,-0.2476047,-0.15678069,0.31229898,-0.027690697,0.010786717
EGLB_NEOFI,0.18017106,-0.081888326,0.08222202,-0.08285152,0.18957333,0.07379363,-0.13900475,-0.1508211,-0.08740304,-0.115547396,-0.0014599275,0.13862038,0.01896465,0.06382206,0.09479212,-0.019246867,-0.039080746,0.076063246,-0.060287654,-0.0840263,-0.011358348,0.2092027,0.019497018,-0.008386796,0.18684961,0.1449307,0.084471494,-0.28460485,-0.11388073,0.33022335,-0.22743106,0.19106755,-0.10041358,0.03191327,-0.019046828,-0.12463275,-0.09645576,-0.09723861,0.055480808,-0.025734005,0.055729005,0.037851192,-0.058758784,-0.17050186,-0.12179744,-0.005366563,-0.72454214,0.11442023,-0.059662074,0.017922228,-0.026483761,0.06312826,-0.1342686,0.07107527,-0.13267763,-0.29743922,0.29558066,-0.23843798,0.29317254,0.20062993,0.01965122,-0.16483518,-4.1164513,-0.1627737,0.28029007,-0.14288683,0.058025856,0.23267592,0.090525426,-0.11135179,-0.167381,0.2608819,0.06376553,0.12125932,0.24819347,-0.00503193,-0.07413742,0.06930882,0.055020034,-0.039760984,0.11946728,0.03830565,0.0047026365,0.22226484,0.17734693,-0.017203594,0.23738612,-0.31861737,0.0006171231,0.119075716,-0.12250474,-0.01487076,0.23493864,0.08997111,-0.18281886,0.11152363,0.08041922,-0.091280565,-0.21997622,0.035746325,0.085657865,0.028335981,-0.10595705,-0.012615704,0.058737226,-0.12672219,0.06893579,-0.13898836,-0.06828396,0.115563594,-0.17710166,0.039208025,-0.087736264,-0.031127077,-0.10748641,0.017414749,0.12292171,0.08822745,-0.18585521,-0.16600682,0.05664129,0.06689093,-0.0033036056,0.12089412,0.11454123,0.010933308,-0.12544225,0.06668584,-0.33907616,-0.061252214,0.11988521,-0.12834832,-0.05546854,-0.26579303,0.35371536,0.2725205,-0.1934685,0.26756918,-0.30913714,-0.2003654,0.095943324,-0.15225025,0.20287107,-0.176316,0.027348109,-0.24983884,0.15614128,0.19019951,-0.21249317,0.1174866,0.014965478,-0.065071985,-0.31333247,-0.029843722,0.15504418,0.12134636,-0.14871368,0.39345884,0.046483047,0.03927189,0.029435305,0.038424026,0.20093174,-0.19368829,0.019132307,0.095070966,0.10220216,0.02811543,-0.002640688,0.004824935,0.1616364,0.009434599,0.27787796,-0.09392112,0.089219935,0.15917957,0.16104661,-0.09358435,0.014382952,0.12775835,0.19777308,-0.13543802,-0.15126674,-0.03789325,-0.14262426,0.28481355,-0.22204894,0.4555214,0.07896618,-0.1678713,-0.0682214,0.06651742,0.29582286,0.12485866,0.12843627,-0.032241076,-0.14983086,0.055624377,0.19911477,-0.08617905,-0.090526536,0.16361068,0.032227088,0.1869395,-0.18444479,0.14377972,-0.1923951,0.11383872,-0.2550584,-0.21561584,-0.02001085,-0.22140384,-0.06957099,0.15644032,0.16053933,-0.085844785,-0.0708087,0.019300152,-0.12323567,0.02505432,-0.22456078,-0.05408362,0.06379604,0.07251766,-0.038885213,0.09167003,-0.15927951,-0.10528723,0.04910101,-0.16977872,0.091993384,-0.11087917,0.039635308,-0.038025353,0.14589821,0.040193982,0.10199622,-0.09303799,0.071073,-0.033151265,0.033639,-0.12586144,0.0016643662,-0.035785515,0.07517915,-0.15803774,0.07974211,0.020500008,0.029832756,0.14635147,-0.10380344,0.16255851,-0.14058317,0.09065634,-0.11584272,0.16836987,-0.22507872,0.057966415,0.1654626,-0.15892299,-0.09560644,-0.16099995,0.02991629,-0.11514708,0.13710459,0.28129268,-0.118507706,-0.2748842,0.2019409,-0.1783558,-0.037493803,0.021259224,-0.029438497,-0.19167691,-0.010616981,-0.04744814,-0.0018254241,-0.051899884,-0.022797642,0.018533908,0.019912781,0.007890125,0.11202193,-0.12067877,0.14068684,0.27331847,-0.047231387,-0.1475973,-0.047432654,0.24043952,-0.013544411,-0.022807162,0.06633612,0.29969585,0.085946746,0.08623058,-0.16040473,0.08280934,0.0033286316,0.0896238,-0.06419119,0.10269281,0.170704,0.120430514,0.044746023,-0.25554585,0.0822769,-0.11142387,-0.109791346,-0.13579643,-0.27498734,-0.06432391,0.04521277,-0.06862343,-0.10190424,-0.28705636,-0.11191922,0.39475727,-0.061516672,-0.106128186
EGLB_ASPNG,0.24185684,-0.043410692,0.09265477,-0.10032679,0.24636516,0.083167434,-0.090107866,-0.11856851,-0.10290188,-0.1558689,0.017187241,0.13796356,0.01666946,0.0817042,0.07181254,-0.060158897,-0.011079436,0.054298785,-0.058381137,-0.08015561,0.0007473728,0.16113348,0.0042018103,-0.03241568,0.20573455,0.08353366,0.08969446,-0.33566177,-0.11169027,0.3346156,-0.21627058,0.22146627,-0.10324407,0.03879475,-0.02634454,-0.114615306,-0.13980913,-0.1241613,0.03256947,-0.036278397,0.039283797,0.058848437,-0.12521334,-0.16822545,-0.11338583,-0.044317104,-0.78937054,0.10455363,-0.105856225,0.0013110129,-0.040956996,0.09389497,-0.124946535,0.122807406,-0.13327466,-0.31068724,0.28956538,-0.25150898,0.29677254,0.18815379,-0.032993045,-0.13692854,-4.0701675,-0.15364945,0.29513374,-0.16018333,0.11983805,0.29324216,0.12277224,-0.07554135,-0.23430423,0.20729232,0.035924267,0.119958274,0.23535381,0.025842011,-0.1304025,0.03233652,0.08078435,-0.06951319,0.13138598,-0.009503973,0.009904764,0.29836848,0.14834316,0.033472694,0.25094852,-0.3763816,-0.021153525,0.09784993,-0.12304025,-0.07348011,0.2345966,0.10278872,-0.16818883,0.059426356,0.09868613,-0.0914034,-0.15860319,0.004489508,0.0653073,0.062742285,-0.07092547,-0.061563544,0.033408426,-0.10264929,0.08339094,-0.13944961,-0.108540885,0.0898403,-0.19084002,-0.0191462,-0.06912616,-0.070128836,-0.13584311,0.06366766,0.12818252,0.067283794,-0.19161564,-0.19914956,0.056663405,0.09522476,0.03367319,0.14725009,0.089901455,-0.035635952,-0.09293289,0.10099553,-0.35125166,-0.12796524,0.15140423,-0.0891678,-0.038030643,-0.26479882,0.3678523,0.24450201,-0.18791378,0.20978218,-0.30880705,-0.22240524,0.103251986,-0.108971104,0.26870975,-0.19491151,0.047234662,-0.22887805,0.19682513,0.15612108,-0.17990848,0.10527209,-0.021257326,-0.0745576,-0.29108894,-0.053555716,0.1633201,0.11638125,-0.12506232,0.42464918,0.02067106,0.022398202,0.041092366,-0.013019207,0.24550697,-0.22516751,0.038958117,0.019945426,0.09449516,0.06736104,-0.039737415,0.021687623,0.09820472,0.051298793,0.27847138,-0.056675546,0.026200613,0.15314688,0.21609138,-0.09752463,0.016253717,0.09087343,0.2226481,-0.1535505,-0.11826742,-0.01853366,-0.12160292,0.25779465,-0.2219335,0.4081897,0.096168645,-0.15127969,-0.050282013,0.10307553,0.2744382,0.092707515,0.12393106,-0.005921477,-0.16986264,0.054180156,0.18022649,-0.06783833,-0.09567112,0.15747727,0.01920765,0.21187796,-0.19860606,0.14172274,-0.19483237,0.107191496,-0.24060056,-0.2023877,-0.013836695,-0.27266556,-0.074085005,0.12024256,0.17192571,-0.11502902,-0.043282654,0.0161434,-0.13191266,0.011295645,-0.26376206,-0.002556619,0.039254308,0.11205942,-0.0599073,0.12605655,-0.15949233,-0.14014736,0.028617566,-0.15966113,0.08939591,-0.10252677,0.038499888,-0.062538855,0.08830609,0.0354171,0.15254615,-0.07045559,0.055127714,-0.023235323,0.11067674,-0.12244971,-0.0042637116,-0.056436304,0.10949012,-0.101598725,0.055485573,0.006116781,0.042068567,0.2098739,-0.13853848,0.14788574,-0.1810515,0.10248853,-0.11846816,0.1420866,-0.23181477,0.08535357,0.19243963,-0.19572848,-0.1173146,-0.15823203,0.05052992,-0.11522498,0.13188174,0.32102484,-0.08288109,-0.2906986,0.20057426,-0.14581096,-0.0077604516,0.033591177,-0.062932484,-0.20257206,0.0098901,-0.08164845,0.010620983,0.0046129543,-0.022758927,-0.040969443,0.06032394,-0.0058267065,0.1738104,-0.13903673,0.17757237,0.23314787,-0.0040995637,-0.07700159,-0.010484618,0.27055156,-0.035072185,-0.07089764,0.08028088,0.31253207,0.101049945,0.03724413,-0.16818757,0.12909268,0.0019796926,0.15372628,-0.05241173,0.12734686,0.17703041,0.13384904,0.052318625,-0.23368213,0.09787456,-0.05905147,-0.12749419,-0.126526,-0.29522917,-0.06738081,0.044437185,-0.052035317,-0.09943339,-0.28152573,-0.10651359,0.3731321,-0.019298373,-0.1382845
GUNA_CELJU,-0.012581901,0.054037124,0.067187645,-0.11436072,0.4243557,-0.077506736,-0.0190093,-0.1376614,0.08976072,-0.067103215,0.27601808,0.104679346,0.06337882,0.09749008,0.16265498,-0.15755846,0.13607858,0.0044052135,-0.19228017,0.08365336,0.02432473,0.1304565,0.011873335,-0.021934971,0.15253824,0.17700043,-0.09571747,-0.16968831,-0.047607373,0.18212534,-0.23330073,-0.011305293,0.038244,-0.03812317,0.1111666,-0.10680666,-0.011986739,-0.108822934,0.042385876,-0.080469005,-0.19705503,0.022677118,0.22280481,0.123246394,-0.1187589,-0.04761256,-0.94821745,0.09116776,-0.046050973,0.0669777,-0.1103621,0.048100095,-0.11464857,-0.01400417,0.016955476,-0.32241532,0.22317167,-0.06475132,-0.06798423,0.2179454,-0.014767033,-0.07898042,-4.4076715,-0.35810718,0.1347415,-0.26794076,0.08102653,0.35488057,0.14374726,0.09024608,-0.04943021,0.24035618,0.11232107,-0.08488721,0.10924139,-0.08534597,0.14734174,0.0875797,0.10458365,-0.068985194,0.3041458,0.14580831,-0.056145314,0.27396703,-0.01513897,-0.021994978,0.083363034,-0.13561243,-0.048538037,-0.06824,-0.0076631117,0.084763154,0.058465254,0.16904515,-0.17050663,-0.01648711,-0.019888332,-0.19616924,-0.08842053,-0.16206661,0.10796742,-0.018165536,-0.0923663,-0.03485625,-0.17717814,-0.029718503,-0.0967102,-0.12907916,-0.057051115,-0.18401621,-0.10392603,0.2231171,-0.10066758,0.12636894,-0.08712116,-0.07598429,0.15941483,0.19581752,-0.02362131,0.06715982,0.026442314,-0.022213398,0.16820256,0.3337078,-0.05155746,-0.023227764,0.045019444,-0.07255564,-0.19795083,-0.087277256,0.31651646,-0.27117798,-0.07393315,-0.30267572,0.37387812,0.0050842646,-0.17602181,0.26383334,-0.15801895,-0.07372849,0.018139025,-0.112382576,0.0031851851,-0.014143362,-0.049408887,-0.23461565,0.034248095,0.08985135,-0.23285352,-0.062127255,-0.1422705,0.046945542,-0.1796945,-0.29105103,-0.054120924,0.060291532,-0.02950213,0.07113134,0.0162476,0.19599639,-0.02001343,0.13758235,0.17664723,-0.14898875,0.0018961934,-0.057005197,0.11702841,0.05316549,0.08314322,-0.03488012,0.31531897,-0.14529222,0.14644285,-0.09598375,0.33949926,0.21041888,-0.026326574,-0.025884027,0.10287426,-0.06268311,0.28948128,-0.07801364,-0.044397946,0.047873233,-0.0412189,0.14436306,-0.29854247,0.41701472,0.12449355,-0.018779762,-0.11983408,0.021923414,-0.29680517,0.1226964,0.10811927,-0.006565927,-0.07617599,0.01422727,0.28397536,0.019284332,-0.11383601,0.252767,0.1821618,0.18416272,-0.08101386,0.07765734,-0.10353562,0.2825022,-0.104650445,-0.09066036,0.04425655,-0.14212862,-0.15062362,-0.018981447,0.05088114,-0.042948425,0.2084196,-0.11378453,-0.12809388,0.15299639,-0.13297291,-0.15011479,0.14321966,0.01604917,0.061484095,-0.055862978,-0.38621926,-0.019208847,-0.032945246,-0.21458714,0.023079304,-0.031139288,0.0010288197,-0.14273174,0.2327465,0.13008454,0.12125104,-0.09560574,0.1748916,0.06750124,-0.119182065,-0.16976655,0.07807231,0.0033163808,-0.13278306,0.0980145,0.39034742,0.11169316,-0.09691693,0.11132489,0.043162264,-0.0310764,-0.027230453,0.058896594,-0.11195777,0.27554396,-0.13747375,0.16665193,0.16786683,0.10242174,-0.02646773,0.0059744967,-0.087823,-0.039508615,0.1852336,0.15648699,0.015117226,-0.039787814,0.12787445,0.023802897,0.027298948,-0.010510411,0.046702813,-0.048058186,-0.14692834,-0.033918634,0.03768079,-0.20714696,0.0326942,0.09445895,-0.03416346,-0.063027404,0.113290206,0.1008386,0.23863862,0.31824172,-0.0018132483,-0.33181903,-0.11772822,0.0930529,-0.020479217,-0.032812513,-0.13087168,0.17853042,0.21084143,0.06881011,-0.26704666,0.02543276,-0.14372109,0.111003906,0.05563742,0.036195807,-0.011701409,0.132293,-0.09263823,-0.2463902,-0.031434935,-0.060849138,-0.21316113,-0.02983523,-0.069996044,-0.08276547,-0.096064284,0.01383951,-0.13160062,-0.23565426,-0.19656384,0.3929773,-0.1597551,-0.15922546
GUN_RALSL,-0.0015166318,-0.07182522,0.029273225,-0.08122676,0.173651,0.019105628,-0.10566408,-0.091757745,-0.116051674,-0.0746584,-0.014827823,0.11189034,0.038809806,0.093895495,0.19049798,0.033595696,0.008851516,0.06574521,-0.27862403,0.033505306,-0.044376876,0.23787533,-0.07367398,0.023032144,0.12815082,0.18729657,0.008273372,-0.21748088,-0.13352406,0.23087022,-0.18064117,0.0039448272,-0.1259479,-0.08430552,0.07783103,-0.116382964,-0.035734497,-0.047323063,0.005852601,-0.034845456,-0.0044368566,-0.012246857,0.07675177,-0.059601005,-0.15202896,-0.036520474,-0.802664,0.01471521,-0.005707489,0.037005488,-0.12704392,0.08285415,-0.107784435,0.09505081,0.010489511,-0.30314326,0.2814297,-0.20920584,0.18582089,0.21328807,0.0057273847,-0.21046092,-4.2472544,-0.34663227,0.24611093,-0.26109877,0.037525855,0.20262061,0.12512587,-0.05374568,-0.095662445,0.22677003,0.05599454,0.08928899,0.18629345,-0.015089084,0.0078282,0.108874775,0.014429377,0.025698006,0.16361083,0.13508682,-0.009667659,0.19120803,0.14061153,-0.07238482,0.14840922,-0.24060938,-0.001499361,0.15789662,-0.11283085,0.18780792,0.20335034,0.070265055,-0.25391337,0.11681415,0.08075764,-0.0573846,-0.28743634,0.06266526,0.095622435,0.09119702,-0.04608871,-0.02805884,-0.00057579426,-0.024854057,0.014287801,-0.16054949,-0.05861882,0.09466367,-0.13159865,0.07091244,-0.08570794,0.046703134,-0.08192848,-0.10853639,0.1659989,0.1735486,-0.1298358,-0.16685942,0.0649153,0.012274759,0.029845398,0.2890048,0.07461366,-0.089696854,-0.09220372,-0.08577842,-0.22734857,-0.005595945,0.19769797,-0.25484326,-0.070547886,-0.35750124,0.30618402,0.19875796,-0.23543265,0.2728478,-0.19126844,-0.06718541,0.08863034,-0.10006332,0.05551182,-0.038896263,-0.0013731016,-0.25747597,0.11045504,0.21104193,-0.17807876,0.16077879,-0.00086062425,-0.012565103,-0.2528339,-0.04587255,0.15142547,0.050703615,-0.14608121,0.27615768,0.03372695,0.12732925,-0.001673968,0.08311986,0.2143025,-0.13836654,-0.063147984,0.016741814,0.052044567,0.010397407,0.04463423,0.08501252,0.35955933,-0.0035571672,0.312518,-0.10459954,0.24034914,0.18979706,0.07435881,-0.033714417,-0.019564116,0.13572386,0.34663057,-0.035175536,-0.11395864,0.0046937154,-0.079078585,0.21909675,-0.2375935,0.40899497,0.11231809,-0.16802394,-0.18457286,0.018074185,0.32570544,0.16092011,0.08637418,-0.0634979,-0.1619082,0.064679384,0.27864173,-0.11517805,-0.18548122,0.105450675,-0.061300315,0.15074354,-0.09922646,0.1339879,-0.2632255,0.42124563,-0.15065666,-0.12459215,-0.04100708,-0.04857815,-0.19992825,0.09728774,0.09256509,-0.014244271,-0.019734943,-0.0027319873,-0.098501764,0.08583247,-0.20226943,-0.2141206,0.09796194,0.054237865,0.0099880025,0.07453963,-0.2546443,-0.09484673,0.02400093,-0.1753512,0.122103505,-0.08566389,0.07756321,-0.0635579,0.29514462,0.107529655,-0.062431816,-0.15077245,0.124261856,-0.042059284,-0.027624179,-0.1704364,0.025814895,0.011396558,-0.060147565,-0.15627673,0.16539073,0.03197667,-0.007974399,0.060519308,0.0146205425,0.12883769,-0.10359843,0.07870751,-0.10000128,0.32955435,-0.15531279,0.09272098,-0.012614858,-0.03872563,-0.029085549,-0.05501132,-0.08904997,-0.077806935,0.19709013,0.18337002,-0.059035573,-0.16416992,0.09451961,-0.12696232,0.0025430617,-0.06789505,-0.00067405164,-0.20011741,-0.02843837,0.044131145,-0.022804974,-0.18560834,-0.016991487,0.12269609,-0.00039319374,0.022735974,0.020633308,0.01036653,0.13234209,0.24711049,0.053890023,-0.20834611,-0.13718733,0.21326426,0.0666271,0.020910017,-0.039445654,0.19625512,0.08756269,0.07731961,-0.15681322,0.118273236,-0.07478296,0.06534035,-0.042212494,0.09570823,0.022534965,0.1334425,0.031664968,-0.29844996,0.063242145,-0.13680406,-0.10487148,-0.18127452,-0.28460056,-0.0025652167,-0.008795542,0.008355788,-0.10981982,-0.29325286,-0.19590971,0.34703732,-0.14444861,-0.132403
GUN_BACS6,0.18670987,0.020427316,0.07839125,-0.056321185,0.4704402,0.009138668,0.099458195,0.010940476,-0.07647598,-0.16548602,0.20848721,0.07556626,-0.10810043,0.15453681,0.008877718,-0.20159918,-0.024474522,-0.22740969,-0.21536034,0.18167984,0.10493419,-0.020441027,0.033078644,-0.088448614,0.11715596,-0.06016076,0.042933747,-0.081165075,0.03373502,0.15863457,0.004498681,0.3741676,0.06475545,0.3220978,0.052041262,-0.21493186,-0.05326325,0.0058227363,-0.014903171,0.009250531,0.017239064,0.13168354,-0.11199063,-0.10183706,-0.12957701,0.016529419,-1.0893998,0.22032982,-0.12365355,-0.06157841,-0.13180107,0.035776082,0.005443874,0.24907516,-0.122694336,-0.27296972,0.24444032,-0.23390397,0.20534584,0.14598253,0.06022398,-0.109243646,-3.900264,-0.20586592,0.1785164,-0.050581444,0.15437017,0.12932694,0.069662146,0.036898155,0.022487579,0.025019264,-0.049441386,0.2636179,0.34046116,0.25055695,-0.12268571,0.019449478,0.084418595,-0.08945933,0.094779275,0.03629679,-0.080359824,0.28207803,0.035295386,0.019271199,0.065805346,-0.36405236,0.04060744,0.075117,-0.12731041,-0.012736469,0.16770427,0.14001556,-0.1863201,-0.04135689,-0.03718772,-0.16805509,0.101899214,-0.012650082,0.09905147,0.018631293,-0.06168106,0.039300572,-0.19259958,0.03879873,-0.023349606,-0.052975073,-0.2339899,0.10008408,-0.24903046,-0.10057754,-0.087894306,-0.092303626,-0.2333,-0.05056427,-0.07256004,0.20048767,-0.0044428078,-0.12922545,0.053508993,0.17823058,0.075661816,0.017894724,0.110841006,-0.15951169,0.012044475,0.06291942,-0.30275297,-0.10354874,0.25453842,-0.010193178,-0.027171524,-0.120424405,0.35174516,-0.056329913,-0.2044727,0.003671326,-0.14762717,-0.3130894,0.049989663,0.02210336,0.11500472,-0.07107065,0.060124006,0.011435176,0.035005275,0.17541991,-0.07150799,0.11988908,-0.021586955,-0.11861155,-0.33082017,-0.18936153,-0.15158325,-0.07436371,-0.09086508,0.21574646,0.017216608,0.00885258,0.045862954,0.065589115,0.38214982,-0.08083163,0.095836885,-0.20233361,0.16410448,-0.026528565,-0.14123994,0.06143439,0.02771313,0.018640434,0.112744436,0.049848393,0.004783317,0.18589519,0.08407612,0.079403296,-0.07428291,0.03439964,0.24708997,-0.1698189,0.16361551,-0.004113282,-0.21758227,0.07506077,-0.09443601,0.2799117,0.15417175,0.033546004,-0.18016133,0.0590836,0.051618584,0.04326232,-0.007492555,-0.00053626735,-0.037993453,-0.09479834,0.10151792,0.24222106,-0.09929669,0.19469856,0.11210037,0.19070518,-0.060893744,0.022564948,-0.2120408,-0.13188532,-0.17898706,-0.21249467,0.04928823,-0.23687765,0.065819815,-0.04247668,0.10393571,-0.14238162,-0.046048738,0.029861353,-0.10510409,0.16268021,-0.14703494,-0.019235488,0.1180011,0.02175778,0.09672795,0.049689442,-0.25322428,-0.16207865,-0.016020719,-0.1835595,0.1586273,-0.07888289,0.17387451,-0.056379467,0.0057615344,-0.035064504,0.26741603,-0.0386858,0.0037673807,0.0061987224,0.08324835,-0.062415276,-0.019740274,-0.055629622,0.044646576,0.024703475,0.31644255,0.08617831,-0.14898345,0.123525955,-0.12876426,0.071208134,-0.13254398,0.051848944,-0.036593884,0.21898276,-0.1846195,0.03770095,0.18900426,-0.18653665,-0.18053678,-0.17447552,-0.09965272,-0.16538829,0.037935566,0.3140353,0.045826033,-0.24176086,0.040882114,-0.10738267,0.056400765,0.07943402,-0.005121522,-0.1915723,0.102920644,-0.07921467,0.0004151861,0.01825329,-0.028102588,-0.06408401,0.06533089,-0.20299497,0.13637635,-0.030611394,0.30009556,0.10438915,0.095462866,-0.01661228,0.18879837,0.12248183,-0.20874359,-0.10919035,0.054215755,0.19525723,0.2210832,-0.21431918,-0.07761512,0.14939801,-0.0013081104,0.022432158,-0.027289769,0.029302131,0.1301443,0.006961329,0.03647146,-0.019208727,-0.0578239,0.14549062,-0.019007921,-0.1197503,-0.045417067,0.088803954,-0.10136347,-0.038347345,0.01831882,-0.2482907,-0.09074343,0.19833599,-0.06123285,-0.10189032
GUNB_RUMAL,0.15380128,-0.09579792,0.012512084,0.068497315,0.26438746,0.11996053,0.08855167,0.0045065973,-0.17557299,-0.14502163,-0.029305868,0.23627017,-0.10361111,0.15745552,0.06458106,-0.054993108,-0.02733361,-0.020226708,-0.19797644,0.12825702,-0.038745917,0.17092307,-0.05868511,-0.10335188,0.05733619,0.11538735,0.08705946,-0.23406285,-0.01122521,0.24753694,-0.06064681,0.43838227,-0.007813737,0.08965348,-0.015270294,-0.01833641,-0.2122324,-0.052771404,-0.036185507,0.046034463,0.17574142,0.10601647,-0.23127984,-0.13494968,-0.049364217,-0.03854262,-0.8567538,-0.016226051,-0.019732324,-0.0050371895,-0.030742211,-0.031443324,-0.005343872,0.084915645,-0.16321614,-0.3068037,0.24436319,-0.28548932,0.45166075,0.053261954,-0.04999432,-0.20976566,-4.0559015,-0.15939239,0.3057663,-0.01591406,0.10001171,0.074294396,0.06270407,-0.11617261,-0.16003945,0.17878157,0.026687603,0.28027365,0.29134983,0.1565607,-0.14016749,0.017442625,0.044433817,-0.020710794,0.122722775,-0.056563966,0.0041419794,0.285683,0.21386595,-0.09542111,0.12400454,-0.35406876,0.031935565,0.07774226,-0.1857429,0.077307805,0.30812538,0.0022448427,-0.13905594,0.11372372,-0.03598161,-0.13709073,-0.15094824,-0.044663116,-0.021012539,0.020401206,-0.10654177,0.13226362,-0.14232323,-0.011446143,0.14500394,-0.073369764,-0.19885089,0.10899622,-0.18036222,-0.16361238,-0.08638088,-0.06955072,-0.10368543,-0.004729742,0.018712822,0.1800324,-0.044027098,-0.26005578,0.16886999,0.22123072,0.034631167,0.10697282,0.15768336,-0.15714882,-0.05468163,-0.043429993,-0.29199028,-0.053813703,0.15686652,-0.0187215,-0.0802605,-0.33987492,0.41908455,0.08445298,-0.175765,0.052883755,-0.24624975,-0.273986,0.06786525,-0.04813308,0.115784936,-0.05063911,0.050133735,-0.2559708,0.09214104,0.22054063,-0.010939254,0.12603213,0.10994097,-0.033745944,-0.31052744,-0.05431124,0.115273565,-0.022718722,-0.07515068,0.33697313,-0.0017472972,0.09650653,0.17913295,0.09255098,0.2536487,-0.04907455,-0.04112995,0.0128829535,0.051054694,-0.011045409,-0.06118857,0.06430413,0.019164132,0.118294254,0.15426418,-0.052105796,-0.09178041,0.26826316,0.25523558,-0.10825138,-0.08212514,0.11750505,0.1848118,-0.0938766,0.020131882,0.03198709,-0.16206716,0.22654709,-0.24874084,0.35043815,0.1261215,-0.06082436,-0.08358637,0.011012791,0.3629452,0.06390877,0.12163918,-0.09291206,-0.27705672,0.1229772,0.09936806,0.03321314,-0.058242276,0.167245,-0.09236818,0.17802876,-0.115047164,0.07655622,-0.17585765,-0.016392974,-0.11185255,-0.23527995,0.0034876496,-0.11225264,-0.03280907,0.08020517,0.08926209,-0.04209033,-0.036615226,0.041315462,-0.010937395,0.043259807,-0.17283666,-0.1334142,0.055373058,0.06252138,0.097114265,0.021152232,-0.2157631,-0.12794264,-0.058366988,-0.20683523,0.15632069,0.017676374,0.1402784,-0.08954012,0.16810939,0.0070405817,0.028677179,-0.027702536,0.07666498,0.016944185,0.09122493,-0.1159348,-0.04405663,-0.042000484,-0.11880814,-0.104992315,0.15736626,-0.044620868,-0.06834116,0.0018850347,-0.1542132,0.13290761,-0.20798317,0.114863336,-0.064327545,0.1610317,-0.17308609,0.03787743,0.10952382,-0.18672648,-0.061686378,-0.14350972,-0.056967426,-0.06556606,0.115819596,0.27202475,0.05160693,-0.2945042,0.048511446,-0.004625641,0.0067123077,0.053179566,-0.16820446,-0.26124302,0.10139219,0.027925445,0.032695293,-0.10222338,-0.048912503,-0.035125032,0.08556784,-0.003314182,0.1870468,-0.14338185,0.07994065,0.22236878,0.102670416,0.074632734,0.02547338,0.16161022,-0.053849492,-0.047272917,0.008439468,0.14447843,0.13739458,-0.03385036,-0.08485692,0.14868493,-0.017163811,0.05658871,-0.090572394,0.05827959,0.16299793,0.08292384,0.037543964,-0.07515592,0.120110616,-0.044643182,-0.0090555195,-0.17525317,-0.32937756,0.11040794,-0.11246331,-0.017040554,-0.07014723,-0.3059036,-0.14044167,0.23075072,-0.13374572,-0.12916073
GUNA_THEBI,-0.005433299,-0.01251393,0.002733137,-0.13894112,0.29052854,0.036968164,0.025872031,-0.10131316,-0.08444856,-0.06604342,0.06107541,0.14074041,0.036476277,0.09029042,0.20513833,-0.11744166,-0.017323298,0.07554441,-0.15296806,0.017763745,-0.08274269,0.22492608,-0.044480003,-0.094646886,0.23408811,0.15283003,0.021795362,-0.2828298,-0.14587604,0.17657411,-0.21065982,-0.08427618,-0.15828113,-0.052535094,0.1531924,0.007732656,-0.083913684,-0.116656594,0.08547974,-0.0578916,0.0075225653,0.033098616,0.09931143,-0.030025024,-0.09247541,-0.008729504,-0.7420117,0.062834196,-0.038361154,0.043415297,-0.2177648,0.090842485,-0.1278687,-0.035976984,0.0033109647,-0.24284066,0.23037446,-0.11487924,0.13348696,0.20236376,-0.098030984,-0.08844802,-4.481858,-0.34650758,0.2328371,-0.24482767,0.0030520265,0.3384433,0.11967758,0.08135833,-0.055320796,0.18310674,0.11563307,-0.1042983,0.17519455,-0.14479265,0.030961612,0.0820381,-0.01704013,-0.13017248,0.17853275,0.050788112,-0.073634304,0.29927978,0.13986364,-0.07729374,0.25230405,-0.17862613,-0.098221794,0.1287473,-0.06585503,0.11761739,0.10521906,0.08314527,-0.20255858,0.111366704,-0.03777328,-0.10974164,-0.21269625,0.019349325,0.16947225,0.08719855,-0.038169265,-0.08031249,-0.1096967,-0.0034973493,-0.025119329,-0.05017209,-0.06731939,-0.042997506,-0.011751327,0.050395016,-0.08748987,0.0652613,-0.07756401,-0.14612342,0.13736956,0.15897809,-0.012267781,-0.071675085,0.098876454,-0.0101884985,0.05153505,0.36225414,-0.0034988353,-0.05647973,-0.04073358,-0.11808551,-0.1895997,-0.00836257,0.13610864,-0.25608742,-0.12805647,-0.32392025,0.31645793,0.16454434,-0.2477902,0.15214725,-0.18195343,-0.039442655,0.054981384,-0.102642894,0.022348443,-0.026182055,0.0485553,-0.21814342,0.103675395,0.27767485,-0.19023262,0.09604002,0.05971983,0.04404763,-0.13216056,-0.039066575,0.114291795,0.050168544,-0.012621273,0.1776708,-0.03173423,0.168534,0.010475873,0.015337511,0.16776732,-0.20262939,0.071426645,0.005485231,0.05535284,0.039846256,0.07521886,0.04049486,0.3339041,-0.05257153,0.19674739,-0.12503272,0.25624812,0.055331253,-0.03477312,-0.05143723,0.06484079,0.12981646,0.35062665,-0.034391146,-0.1296108,-0.033142213,-0.06300732,0.23240934,-0.1633362,0.41974783,0.13187796,-0.19009389,-0.104268655,0.054748904,0.14016919,0.10127881,0.12751152,0.06976547,-0.24953903,0.10124591,0.18898816,-0.10882886,-0.29605868,0.16070853,0.0051210113,0.21074028,-0.11382369,0.06290901,-0.15297368,0.60842097,-0.116672754,-0.0018385674,-0.03292227,-0.0788015,-0.15572111,0.02380982,0.10819748,-0.034976985,0.0087183835,-0.007700462,-0.09696658,0.17724964,-0.16629189,-0.20573962,0.023339637,0.02697614,0.06885696,0.06858516,-0.22289853,-0.05238478,-0.038745906,-0.18836555,0.096885696,-0.01522318,0.063743904,-0.01462157,0.31423393,0.102409266,-0.05395957,0.015397283,0.13832267,-0.0025305166,-0.03879731,-0.13413042,0.07732623,-0.004523296,-0.009664426,-0.0028504117,0.15557575,0.021784518,-0.049306,0.13145849,-0.048523266,0.009980119,-0.08883743,0.051168658,-0.012700288,0.32429644,-0.11491811,0.05933907,0.019331163,0.026075646,-0.048284296,0.022407,0.010054602,0.014382527,0.20135334,0.24202308,-0.018371625,-0.021530097,0.030117685,-0.07892264,0.04049593,0.02365486,-0.01469396,-0.19474812,-0.14040346,0.06578018,-0.03986083,-0.1301931,-0.10981922,0.07759266,-0.05035619,-0.1046868,0.1005911,-0.01529587,0.18284857,0.32820016,0.059713587,-0.19158898,-0.22671959,0.10648955,0.052124016,-0.03646157,-0.037013784,0.08908422,0.08145008,0.032202974,-0.13695873,0.08201048,-0.120943144,0.06612679,-0.113850586,0.1228024,-0.021792876,0.22052048,-0.054235905,-0.37493545,-0.007104753,-0.17473316,-0.07712645,-0.12469737,-0.17581613,0.056386773,-0.073734835,0.0024608276,-0.14580822,-0.32379964,-0.16619538,0.31039736,-0.13614601,-0.17667858
GUNF_RUMCH,0.1574696,0.030622035,0.08700538,0.075113885,0.35676542,-0.052997537,0.027593173,-0.12953173,-0.11463605,-0.11644492,0.06288382,0.021494418,0.06574938,0.1939798,0.17045371,-0.13916762,0.043556217,0.13310786,-0.28722492,0.14202756,-0.088238165,0.12307343,-0.035737835,-0.056960005,-0.01782623,0.1916837,-0.059352286,-0.00071824586,-0.0481861,0.14746566,-0.09815733,0.19966024,-0.004377684,0.15027706,0.061278168,-0.08293248,-0.11059379,-0.13333376,0.03203758,0.027520623,-0.15884437,-0.05695382,0.018622868,0.015561285,-0.06521618,0.012038343,-0.9445609,0.15988888,-0.14526595,-0.011148782,-0.049355753,0.04338402,-0.010926419,0.17261305,-0.052798156,-0.16913326,0.26160097,-0.15722622,0.20318432,0.19875652,-0.10522998,-0.103229694,-4.62659,-0.28870282,0.13296674,-0.028681204,0.1540146,0.21492215,0.16046965,0.15779506,0.008212906,0.23463988,0.14444634,0.1566862,0.06675942,-0.023661468,0.050280504,0.10767563,0.11111977,-0.08632265,0.2179472,-0.027770104,-0.016775336,0.1518408,0.14230701,0.0013189784,0.17756027,-0.17896888,-0.014152257,0.031422097,-0.17652452,0.05264787,0.15881978,0.13119811,-0.048582755,0.0944676,-0.022295913,-0.10997042,-0.08234368,-0.02990621,0.022297675,0.085601375,-0.19729933,-0.023187788,-0.044582125,0.08909042,-0.05037389,-0.045061886,-0.025865206,-0.13590124,-0.1352572,0.13558064,-0.04426474,0.12576267,-0.14573959,-0.10402477,-0.018823244,0.31662416,-0.20526358,-0.17911902,0.11892467,-0.09296073,0.1015035,0.1970305,0.27832243,0.084089704,-0.05476027,-0.050684202,-0.14807843,-0.016588366,0.26893067,-0.073508576,-0.04993899,-0.24198732,0.41020596,0.045820806,-0.3163318,0.025032977,-0.15109472,-0.20101044,0.09023687,-0.0731075,-0.0044083153,-0.11074733,0.0013722741,-0.21318729,0.10463044,0.043696966,-0.2504742,0.16374536,0.026261158,-0.09819529,-0.33921272,-0.1408409,0.06722136,0.094844036,0.0023868955,0.1281018,-0.087333836,0.11395132,0.057521667,0.12392463,0.14712149,-0.053786736,0.014876248,-0.10070747,0.28685528,-0.0063408227,0.011949265,0.10106822,-0.06845185,-0.021018693,0.24800232,-0.14439824,0.14530392,0.2049997,0.06603601,-0.025370223,-0.08749639,0.018570151,0.20718001,-0.15359457,-0.019163268,0.11116949,-0.18857604,0.21003662,-0.14519525,0.35690233,0.033335846,-0.07296773,-0.09139389,-0.024063464,0.06913864,0.010150713,0.073691234,-0.14658456,-0.12300563,0.10553949,0.07837739,0.23101546,-0.185881,0.0912091,0.12251601,0.2689829,0.042485517,0.005118181,-0.16470012,0.07225098,-0.21352804,-0.11018614,0.10682652,-0.1341682,-0.041038975,-0.071878284,0.13358314,-0.031890683,0.016636964,-0.061911788,0.0587991,0.0027194675,-0.246368,0.02376412,0.021153335,-0.050624516,0.06783468,-0.11782504,-0.029731883,-0.19496161,0.029376136,-0.14896104,0.22307038,-0.11151497,0.05634074,-0.15582749,0.09978675,0.08017501,0.21276017,-0.006372178,0.08978651,0.14479437,-0.003094365,-0.20044567,-0.09596619,-0.11702472,0.07405749,-0.1240791,0.29970217,0.04327942,-0.054556046,0.07416017,-0.054657392,0.1128166,-0.07992667,0.09035207,-0.012739112,0.30936584,-0.15382786,0.054075047,0.3356916,-0.083669566,-0.010793248,-0.107060514,0.04629261,-0.17742059,0.21527955,0.15270855,0.19486374,-0.16057901,0.21647294,-0.19616233,0.035357658,-0.023871975,-0.034353565,-0.17829314,-0.1599652,0.09342007,0.010113328,-0.08747479,-0.08784115,0.039404202,-0.05242064,-0.07507176,0.05641836,-0.077504724,0.30793667,0.19805866,-0.0035565398,-0.20570944,0.013195383,0.10898609,-0.12555999,-0.010295747,-0.014439809,0.06498291,0.04985502,0.07608981,-0.14990099,-0.09221354,0.012404312,0.19821106,-0.016603248,-0.059658777,-0.10411762,0.050926615,0.07073179,-0.21019141,0.029105166,-0.08991829,-0.21437427,-0.07032913,-0.1193945,0.035851758,-0.117890656,-0.045257557,-0.0031732966,-0.33117515,-0.20477627,0.2834672,-0.13644668,-0.07164967
GUNG_RUMCH,0.09115421,0.06358903,0.029384047,0.1293013,0.4582559,-0.10555758,0.007106978,-0.14867947,-0.09863163,-0.15930879,0.13699663,0.11832991,0.023971261,0.11768844,0.20882311,-0.12867284,0.045518916,0.10626973,-0.2755021,0.11969541,-0.016975751,0.14081562,0.054084737,-0.08974071,0.034667682,0.1757312,-0.06822218,-0.08130276,0.02829095,0.13845912,-0.098723486,0.34190884,0.024129963,0.14982551,0.023356782,-0.12947668,-0.16672982,-0.0586326,0.097293384,0.031988166,-0.13514215,0.046201125,0.01868285,0.06504771,-0.04883983,0.0011304949,-1.0831283,0.24771704,-0.1905647,0.04902809,-0.03724751,-0.012325544,0.047681708,0.04738273,-0.052896965,-0.27991948,0.20053893,-0.12455438,0.19532698,0.10014356,-0.0029142704,-0.08325702,-4.592103,-0.20645516,0.19904448,-0.040414806,0.09929285,0.25466546,0.07053435,0.056173142,-0.055662394,0.20074503,0.08209194,0.1488739,0.03523687,-0.017402904,0.011187699,0.07414135,0.12887841,-0.07116655,0.28198534,-0.017211605,0.017249411,0.22679889,0.12818643,0.004479262,0.10795571,-0.09836145,-0.0054686368,-0.010807153,-0.20873454,0.056382794,0.18365683,0.0438641,-0.022428857,0.12337597,0.019302588,-0.10428556,-0.077795886,-0.13642284,0.011056055,0.029613333,-0.17101672,0.06496814,-0.1237821,0.08554098,-0.0382998,0.009341223,-0.068039425,-0.048656724,-0.14974396,0.07965092,-0.08041768,0.17387617,-0.12030245,-0.14841537,0.04929669,0.21407531,-0.18977375,-0.12720348,0.038575634,-0.03434909,0.16524006,0.117637,0.2442213,0.09284051,-0.01043419,-0.029087814,-0.14352497,0.038980387,0.18083453,-0.0778153,-0.023815667,-0.24779381,0.34514165,0.07569272,-0.32777536,0.085250385,-0.21798182,-0.28154212,0.14653426,-0.16677666,-0.018221453,-0.1288161,-0.061634965,-0.22125587,0.070145406,0.021052243,-0.14473988,0.119578846,-0.022535902,-0.10619488,-0.23179075,-0.19001201,0.043828428,0.022975825,0.035247095,0.19075702,0.023646312,0.19825125,0.06487767,0.1319077,0.15379119,-9.783229e-05,-0.03629668,-0.039979562,0.2230165,-0.035268664,-0.013156168,0.0056499983,-0.018946132,0.009918572,0.23414432,-0.16443852,0.13094579,0.28987136,0.13273345,-0.15257281,-0.09650548,-0.019669926,0.18742675,-0.19857506,0.08383056,0.10749264,-0.093707226,0.11029057,-0.19439015,0.35708934,0.050659627,-0.0546302,-0.102300525,-0.02892585,0.093353756,0.085296966,0.15246074,-0.12454542,-0.19294703,0.06888384,0.02827554,0.18441926,-0.1464016,0.17212561,0.12711075,0.26965114,0.022422977,-0.008037397,-0.08094005,0.078622475,-0.17413191,-0.19592753,0.061716408,-0.06509384,-0.08589113,-0.06888394,0.07300409,0.0012261209,0.11338778,-0.013028618,-0.045432594,0.04301216,-0.24968368,-0.038718622,0.062122907,-0.012088387,0.035928473,-0.17315443,-0.12994942,-0.1673649,0.002182458,-0.1315206,0.18289204,-0.070121005,0.039534833,-0.114451684,0.11090896,0.07230087,0.1405423,0.0056758286,0.1400999,0.11761203,-0.036404397,-0.22833252,-0.056233183,-0.1031414,0.005693824,-0.09169156,0.2885451,0.021024583,-0.11609569,0.07324892,-0.027947199,0.121307395,-0.123495236,0.052951355,-0.0031627908,0.25149116,-0.14486025,0.024473634,0.32139528,0.014321872,-0.05308262,-0.09441687,-0.024613786,-0.08268653,0.26496175,0.17743886,0.1762332,-0.22099401,0.20254244,-0.09342137,-0.008626802,-0.08982385,-0.011717394,-0.1832925,-0.12995784,0.0919595,-0.016905906,-0.019968908,-0.026195798,0.06329792,-0.054815438,-0.032244954,0.16033271,-0.020144545,0.22448249,0.21680771,-0.008613751,-0.16060753,0.033710055,0.075037405,-0.12166888,-0.098487005,-0.04877265,0.11638166,0.08731448,0.025382927,-0.16074997,-0.084532835,-0.0021745244,0.16095863,0.01455186,-0.01847832,-0.07812319,0.037607145,-5.8715905e-06,-0.19219379,0.042218078,-0.031641502,-0.12555403,-0.041255582,-0.1528585,0.091422975,-0.13301936,-0.12747116,-0.05755082,-0.31530386,-0.22480832,0.24665514,-0.09959778,-0.0467969
CEXY_THEST,0.026169823,-0.23978595,0.072907805,0.10117452,0.17906389,0.008977409,0.10306171,-0.002215393,-0.05988994,-0.065433025,0.07395759,0.16733184,-0.11998817,0.14674205,0.1796953,-0.096580096,0.043549277,-0.08253292,-0.005193828,0.09231422,0.0113976905,0.02897039,0.052993942,-0.06255558,0.079145625,0.14336614,0.10614458,-0.04019562,0.07689348,0.2493105,-0.07778237,0.45198494,-0.013346687,-0.039286632,0.028242553,-0.05315095,0.006480919,-0.029248927,-0.019491963,0.07184609,0.10568637,0.02332354,-0.069238335,-0.18484832,-0.11860229,-0.10115485,-0.7993605,0.04081522,0.082589865,-0.057369098,-0.047340844,-0.0023123026,-0.061701942,0.13713205,-0.16462323,-0.26547727,0.2888556,-0.12961975,0.34678063,-0.0025063616,0.020254618,-0.30347097,-4.069626,-0.16860972,0.183707,0.018258294,0.14448781,0.058455054,-0.009130799,-0.09903725,-0.10695827,0.14276706,0.07188042,0.3057262,0.12168065,0.17336832,-0.06006404,0.05535056,0.0042925035,0.07415446,0.057323273,0.010826801,0.0020129564,0.1864023,0.1514818,-0.061418597,0.066998705,-0.33987552,0.058935966,0.04864162,-0.13238224,0.17954364,0.26692307,0.10696944,-0.21148705,0.13191485,-0.053222485,-0.15052423,-0.18416986,0.06292963,-0.030737396,0.075194605,-0.08883784,0.13183078,0.010081264,0.054255344,-0.0076026497,-0.052852612,-0.22558315,0.03278115,-0.106237024,-0.047399938,-0.044283755,-0.14627156,-0.071039304,0.14106521,-0.13978271,0.08887935,-0.075286984,-0.31314778,0.13894005,0.043909475,0.13361512,0.03700644,0.12358204,-0.1468592,-0.13729624,-0.11128688,-0.32824212,-0.08794432,0.16066198,-0.035516683,0.049324848,-0.13865645,0.30952832,0.0805277,-0.10969802,0.003861875,-0.2767507,-0.32727242,0.10261508,-0.1915081,0.079764694,-0.05841064,0.098623514,-0.17015131,-0.0015485906,0.16434914,-0.08445083,0.1410888,0.03734723,0.03229061,-0.39943033,-0.08755089,0.02392963,-0.02830528,-0.09585023,0.33291578,0.004833334,0.094585665,0.1692403,0.11940061,0.2542655,-0.081672065,-0.041721996,0.056374136,0.04587328,-0.033002082,-0.15359692,0.07562994,0.09783814,0.061082814,0.22878735,-0.13922843,0.060413036,0.20935714,0.20158976,-0.023365825,-0.08322813,0.0701407,0.06556881,-0.072340265,0.1057275,-0.059987526,-0.24538153,0.20268504,-0.21521214,0.36202642,0.08109533,-0.062126514,-0.01535338,0.023226438,0.3021559,0.08457794,0.14467579,-0.15446614,-0.09950136,0.013508789,0.013448382,0.12209081,0.09906747,0.1283358,-0.022103488,0.15240173,-0.09720956,-0.016115492,-0.2552039,-0.12101869,-0.012425305,-0.15022624,0.041951682,-0.06532042,-0.042778928,0.059557427,0.1248651,0.0022360652,-0.121159494,0.0653795,-0.010078474,0.04182944,-0.20419678,-0.022710767,-0.016991807,0.009861264,0.14157346,0.089320645,-0.2224642,-0.207842,0.0032516706,-0.1688823,0.087229565,-0.050068136,0.10198057,0.08556788,0.09433681,0.01489856,0.0420976,-0.042514026,0.01711309,0.14416876,-0.07784874,-0.21765691,0.011590352,-0.17017274,-0.12620345,-0.15652657,0.20237724,0.06935586,-0.049429685,-0.044439223,-0.13248718,0.064474404,-0.111125134,0.17584494,-0.051581696,0.11198823,-0.15837729,-0.019144665,-0.11214572,-0.22171317,0.040856168,-0.123582795,-0.091622986,-0.017264618,-0.021112595,0.23028366,-0.057124518,-0.31464148,-0.032127302,-0.053785652,-0.048660226,0.1255021,-0.014653961,-0.08263963,0.11834389,0.03321597,0.025171766,-0.1352725,0.0015466936,0.0553558,0.06313343,-0.093165524,0.051192384,-0.13139606,0.17425077,0.3318592,-0.09133067,-0.05774746,0.16382176,0.10556887,-0.07184439,-0.1018802,0.08391338,0.12474026,0.088177316,-0.04520735,-0.046929352,0.14250569,-0.022560447,-0.07256346,-0.06469766,0.02545026,0.15109992,0.06531995,0.052002776,0.09394154,-0.034554422,0.029810213,-0.01248143,-0.27438453,-0.17784064,0.07134071,-0.03688297,-0.08562876,0.09889559,-0.1885172,0.057882693,0.2542014,-0.012283869,-0.091920875
GUNB_FUSOX,0.036189847,-0.013027109,0.10896081,0.10398107,0.20352857,0.15711775,-0.12343516,-0.1590468,-0.007318926,-0.14381588,-0.015188616,0.18900858,0.09780298,0.027992006,0.13865332,-0.050480917,0.018581048,0.10899797,-0.17407772,0.056678288,-0.08429686,0.2271098,-0.044749387,-0.05104807,0.15818086,0.2475575,0.07266429,-0.20350374,-0.18069984,0.20751657,-0.29204533,0.06175987,-0.041440528,-0.014703081,0.11651092,-0.07032071,-0.13590853,-0.1811261,0.16121106,0.079583466,-0.061740134,0.076076195,-0.058200903,0.002623236,-0.013378084,0.08067565,-0.93852305,0.09556131,-0.10922335,0.027854878,0.02081386,-0.0085057495,-0.13477796,-0.02813241,-0.11408542,-0.23807235,0.26111007,-0.1378135,0.2923586,0.14286578,-0.018361596,-0.12435551,-4.795582,-0.28717622,0.16681324,-0.22028777,-0.051068824,0.16657263,0.111824535,0.03608738,-0.08505754,0.2325576,-0.04244434,-0.031095969,0.11604102,-0.087233834,0.014998339,0.029929934,0.0051987707,-0.023887945,0.17358443,-0.0071373046,-0.0369792,0.16175885,0.08253806,-0.08175121,0.17619915,-0.22307914,-0.046413407,0.27649063,-0.080037296,0.06622849,0.21503347,0.08865948,-0.07975247,0.16181584,0.024433224,0.07301918,-0.23037606,-0.036669057,0.16557279,-0.026997965,-0.11472688,0.0062847272,-0.05191242,-0.017539302,-0.017176684,-0.03753476,-0.09055161,-0.07729632,-0.027329244,0.117513,-0.079163074,0.07082529,0.050893996,-0.07493552,0.19647571,0.09629154,-0.10109838,-0.09356174,0.111185186,0.046284314,0.0665957,0.19153772,0.13100323,0.09745553,-0.037256893,0.06345553,-0.18750069,0.09817902,0.11500078,-0.20347473,-0.15289983,-0.27317432,0.27212813,0.17700084,-0.24893099,0.25757667,-0.17884769,-0.098995335,0.22602096,-0.16016063,0.11076952,-0.091342315,0.105283014,-0.31434312,0.16593693,0.052138373,-0.17786188,0.11163283,0.012937227,-0.08024086,-0.21631251,-0.07180063,0.09198641,0.10577243,-0.13052426,0.30872148,-0.030048609,0.13619803,-0.0076470887,0.054533828,0.0475749,0.027695095,-0.06275397,0.08856653,0.106456,-0.01382932,0.10203734,0.030439435,0.17075825,-0.004477048,0.1437193,-0.07441567,0.08906226,0.13818592,0.0636142,-0.030941706,-0.013784463,0.05324542,0.28112996,-0.2034875,-0.07324643,0.055419337,-0.032654792,0.2005558,-0.16080517,0.38400248,0.13436078,-0.305053,-0.083912954,0.05602075,0.10319929,0.12343683,6.945906e-05,0.019115571,-0.31474167,0.22799365,0.19226508,-0.099940665,-0.23663834,0.2844394,0.029473498,0.11562818,-0.048011057,0.15970887,-0.12562324,0.2010845,-0.21563369,0.003464035,-0.06049823,-0.09796779,0.016546886,0.16246302,0.053137228,-0.0089760525,-0.114772685,0.039298322,0.036984965,0.039197315,-0.07680542,-0.17899016,0.034116697,0.017633064,0.06019562,-0.06281661,-0.0870977,-0.08383261,0.006887032,-0.02827982,0.0701294,-0.08761328,0.008365126,-0.15164739,0.1827075,0.04751841,-0.030290123,-0.021777565,0.1291887,0.052283566,-0.012396794,-0.14351013,0.11342731,-0.017337305,0.09889033,-0.12289983,0.091888726,0.057237424,-0.06811803,0.040931396,0.034916192,0.17278498,-0.026215944,0.10588922,-0.15124433,0.25122872,-0.20074888,0.045374528,0.12169498,-0.021772342,-0.037342533,-0.08213806,0.03496989,-0.055845555,0.14404443,0.20849563,-0.05243835,-0.10009642,0.25362653,-0.14211951,0.021073548,0.0349722,-0.14214836,-0.11355441,-0.16741489,0.021599768,-0.014667717,-0.046491455,-0.023525616,0.08369368,-0.049723867,0.027825039,0.11492098,-0.05481854,0.18528494,0.36803877,-0.10029712,-0.1479633,-0.1816393,0.05366918,-0.057116065,0.054483816,0.09675042,0.1535524,0.067095645,0.07000866,-0.21172866,0.010516109,-0.070826836,0.13407353,-0.081735685,0.050456967,0.0064965445,0.20706479,-0.09158621,-0.37261048,0.022364872,-0.21814078,-0.11401338,-0.090572044,-0.20634861,0.04610605,0.014876546,-0.10045208,-0.10849647,-0.34772927,-0.19130167,0.2725367,-0.077637605,-0.026525069
GUNF_FUSOX,-0.022859572,-0.15359102,0.15866627,-0.03920761,0.14591306,0.05755672,-0.11943775,-0.11461108,-0.06317534,-0.09532887,-0.030278075,0.090960175,0.042659022,0.08690746,0.19667645,-0.06368456,-0.0106235435,0.042529926,-0.15263245,0.014270232,-0.023494592,0.1717812,0.015246858,0.00045566904,0.18340503,0.15842468,0.02607622,-0.19344608,-0.13120343,0.27464175,-0.30099508,0.071793914,-0.020994268,-0.07302328,0.056816574,-0.08970764,-0.05251294,-0.10770816,0.06862887,0.023504945,0.007380019,0.031033888,-0.018874686,-0.13370198,-0.082125,-0.014662044,-0.65630466,0.013492379,-0.031768985,0.012549716,-0.050081376,0.042643834,-0.1782182,-0.0087367045,-0.0039417897,-0.2574064,0.31516916,-0.14502303,0.25538456,0.22207023,-0.02366757,-0.22531913,-4.110823,-0.24675216,0.21969014,-0.15140434,0.06790011,0.17050985,0.13330661,-0.057159916,-0.084745996,0.19990014,0.047726024,0.08321221,0.19169597,-0.049079265,0.0007897951,0.10005411,0.00011978162,0.0093164565,0.0974169,0.10812553,-0.034014914,0.09891009,0.12359507,-0.0109546855,0.2197986,-0.29885396,-0.028277107,0.19590716,-0.13026921,0.10135688,0.20430498,0.076928064,-0.17284624,0.11705647,0.030683853,-0.06437101,-0.3056067,0.09510096,0.07427948,0.009480225,-0.12611634,-0.034738347,0.03225255,-0.10874705,-0.0010174684,-0.12312924,-0.11553752,0.040037923,-0.05538542,0.10676742,-0.054143734,0.008417889,0.0086726155,0.028911585,0.091148496,0.19503105,-0.13279894,-0.1773965,0.12076691,-0.008434934,0.0042776302,0.1838361,0.06174203,-0.051022854,-0.13316609,-0.056652334,-0.24897112,0.02284876,0.09440942,-0.16284938,-0.050473124,-0.28096732,0.37852502,0.24288873,-0.18661249,0.19882727,-0.20533285,-0.08843287,0.1543147,-0.19504175,0.089452885,-0.025151793,0.082107425,-0.26039162,0.0941174,0.16842969,-0.21683784,0.15907973,0.007977128,-0.031820945,-0.25033125,-0.063993536,0.06691441,0.101436,-0.1582829,0.3505181,0.010546753,0.09574799,0.06001138,0.10673911,0.15618746,-0.1557769,0.026704816,0.10021729,0.12202459,0.03709349,0.014551468,0.05065021,0.21959187,-0.03591178,0.27751625,-0.12404846,0.18279698,0.16918598,0.07345548,-0.041740656,0.040151052,0.10311556,0.23417068,-0.1256245,-0.07548785,-0.010820518,-0.13506196,0.23200597,-0.20127259,0.48966178,0.11623696,-0.21229725,-0.0826312,0.03188779,0.18050447,0.061561063,0.083713375,-0.03859224,-0.22285111,0.08700333,0.20395222,-0.07090936,-0.115015745,0.15571806,0.009312701,0.12091065,-0.101295084,0.099405065,-0.22135492,0.20434083,-0.20421733,-0.09269281,-0.03905749,-0.07698423,-0.12620583,0.07017791,0.10510093,-0.02717747,-0.09739971,-0.008813136,-0.031624798,0.08845463,-0.18443641,-0.12159922,0.023832839,0.033843074,-0.00800298,0.035464812,-0.16711207,-0.11846784,-0.0050508995,-0.17087583,0.09274372,-0.14574733,0.06769819,-0.057033163,0.16502187,0.01804743,0.0057931696,-0.069739446,0.09551225,0.023664895,-0.019082796,-0.13134296,0.10441558,-0.069709964,0.03361871,-0.15770836,0.08787896,0.10864269,-0.0014127736,0.05912977,-0.022113806,0.10000461,-0.0642461,0.1383669,-0.13077447,0.2795048,-0.16920668,0.023150668,0.030052278,-0.052296445,-0.022591379,-0.055470403,-0.013852806,-0.115248315,0.09979551,0.19250737,-0.07502217,-0.15883207,0.15904982,-0.15039134,-0.046547968,0.06734954,0.019521732,-0.11660705,-0.104408816,-0.0051466958,0.00937707,-0.10829868,-0.047320634,0.100217655,0.012144959,-0.038359564,0.011778481,-0.068966396,0.16721946,0.29375273,-0.09751823,-0.2052932,-0.1109161,0.11646298,0.0327991,0.033091024,0.028322814,0.23972382,0.042657856,0.08010107,-0.15310045,0.067352206,-0.007671517,0.06189041,-0.081652835,0.09838613,0.13956279,0.12794824,-0.02017498,-0.21496905,0.018329743,-0.10138217,-0.062360216,-0.17706132,-0.19016603,-0.025034567,-0.011659546,-0.018203223,-0.123037234,-0.2967892,-0.10168362,0.40040395,-0.105872154,-0.13060766
GUNE_RUMFL,0.026820043,0.120022886,0.034275096,0.21764919,0.55241746,0.041996963,0.22334659,0.06926212,0.018915523,-0.2518361,0.11134519,0.35403195,-0.27209148,0.18128355,0.025589036,-0.1771298,0.14945085,-0.1470512,-0.25684208,0.34034032,0.14654303,0.17353146,0.10466022,-0.20506231,0.05812721,-0.042600047,-0.021186074,-0.08258258,0.12118667,0.08833801,0.059540395,0.45924762,0.1313774,0.33737302,0.057091232,-0.018441979,-0.11467411,-0.1794456,0.16514511,0.14266844,0.06679575,0.22079569,-0.15046401,0.048693188,0.064657055,0.010651351,-1.159776,-0.0018433873,0.019352555,-0.13137399,0.063661285,-0.0880419,0.103962146,-0.043442428,-0.10324914,-0.33041975,0.030938374,-0.089597985,0.17635943,-0.1024207,-0.11369455,-0.2501841,-4.8210983,-0.108231954,0.14676745,0.20503059,0.1499598,0.1872237,-0.12127138,0.05525003,-0.15107259,0.047548503,-0.0848743,0.028754495,0.1354993,-0.029589416,-0.16582394,-0.057045694,0.026351834,-0.07223193,0.030199965,0.08312264,-0.07751872,0.16640861,0.02527024,-0.20218036,0.053975005,-0.14385939,0.10345888,0.023368223,-0.076120466,-0.031327523,0.1481047,-0.10799739,-0.13389197,0.03831841,-0.1953561,-0.096954815,0.09346609,-0.37411258,0.057125263,0.049099952,-0.0015620993,0.21052134,-0.3104341,0.13766487,0.107161105,0.12431054,-0.255261,0.10400848,-0.13312413,-0.21513765,-0.029457293,-0.106779285,-0.11877044,-0.14921357,0.020411134,0.24645089,0.06971595,-0.107488476,0.14961824,0.26341328,0.20764373,-0.16864155,0.113693975,-0.15564355,0.114796504,0.030480288,-0.16994847,0.017812293,0.13806747,-0.012520012,0.06381043,-0.067051284,0.24456534,-0.23047137,-0.20633782,0.0045850966,-0.12329663,-0.38444352,-0.0152790565,-0.10741761,0.070172146,0.05542,0.015484541,-0.09105096,0.017541653,0.16194458,0.14333692,0.12121275,0.025212495,-0.0746882,-0.04562382,-0.042577293,-0.22015378,-0.078520685,0.13795945,0.1748275,-0.04331923,0.1876578,0.09200733,-0.0036256847,0.24220538,0.13718753,-0.024909446,-0.22266431,-0.011459852,0.028163884,-0.0919402,-0.016356926,-0.07948643,-0.07437843,-0.023303548,0.018304415,-0.03471297,0.16095543,0.20386899,-0.10367928,-0.10124654,-0.3459087,0.14869751,-0.20645122,0.023245743,0.1756224,-0.12318368,-0.03058952,-0.275547,0.059108414,0.0558886,0.078533076,-0.07908679,-0.016247705,0.05405664,-0.0020318634,0.1285403,0.03814806,-0.17087153,-0.060533807,0.068595484,0.15536073,0.008488209,0.31463826,0.062018383,0.03098157,-0.02815102,0.06402401,-0.060893904,-0.3656166,0.11218254,-0.18220115,0.123240426,-0.04123899,-0.12222917,-0.0974341,0.07310837,0.07543809,0.20633823,-0.07263625,-0.041340422,0.18210295,-0.24184877,-0.031002486,0.21801588,0.20393552,0.107549794,-0.009717757,-0.3999336,0.10692566,-0.14966485,0.03973364,0.15171874,0.22754076,0.24292134,-0.14484736,0.229462,0.039113756,0.07194338,0.095664576,0.1312221,0.112366185,-0.030518413,-0.2177008,0.1057518,0.0029251191,-0.09788662,0.16509719,0.24128768,0.0770174,-0.29187414,-0.034745496,-0.042947732,0.07020613,-0.18581297,0.04331433,0.013330187,0.07784796,-0.12838419,0.11038907,0.1293447,0.0074224947,-0.0993505,-0.07508606,-0.111048944,-0.019683613,0.20931919,0.2102068,0.21364729,-0.2097416,0.019115834,0.017618949,-0.06744915,0.019421898,-0.15845531,-0.21636328,0.06422731,0.0283196,-0.06959229,0.040399507,0.03353071,-0.13306691,0.000660355,-0.07301792,0.3639739,-0.05699256,0.25537798,0.2342086,0.104346745,0.09867465,0.2413821,-0.017075153,-0.15731461,-0.09982544,-0.12156779,0.080126576,0.12346667,-0.2208124,-0.15297233,0.2629852,-0.19795235,0.031305034,-0.10088923,-0.032168124,0.010049254,0.1658741,0.03676139,-0.08085529,0.027314363,0.087227486,-0.040929284,-0.018615473,-0.13035063,0.25453466,0.0002734239,0.04751047,0.004054081,-0.26955676,-0.14626952,-0.0037221161,-0.101632975,0.019119246
CELB_ASPTN,0.17165256,0.12875567,0.110263735,0.052385792,0.18115802,0.040043276,-0.08783079,-0.19314973,0.025903799,-0.26815376,0.2096638,0.1524503,0.079419106,-0.011131463,0.06667101,-0.17913309,0.039497193,0.05911675,0.022485077,0.14536135,0.04237103,0.16329035,0.00059273007,0.042725433,0.10880611,0.09402695,-0.032898944,-0.22791171,-0.12298711,0.14926064,-0.17250007,0.04604594,0.1561114,-0.14337142,0.04292509,-0.13075271,-0.115690276,-0.07930174,0.18933311,0.06251384,-0.07189467,0.15930337,-0.040540524,0.098608024,-0.09655752,0.05832091,-1.3015243,0.16215974,-0.28223646,-0.07843405,-0.091850735,0.04988839,-0.04102687,0.0269147,-0.094684675,-0.23454966,0.12609284,0.07532627,0.06577785,0.08848608,-0.024236215,-0.03257125,-5.0119486,-0.20205747,0.049268644,-0.11501197,0.037247505,0.20955525,0.09745765,0.14008857,-0.20903255,0.1241141,-0.1408161,-0.078952625,0.06692341,-0.118952654,-0.03807087,0.00015654496,-0.12680086,-0.070759565,0.25011185,-0.033185173,-0.0972296,0.072338186,-0.07861648,-0.025805509,0.10187661,-0.07583441,-0.12718743,0.15468816,-0.046015188,-0.011884006,0.056876414,0.2304925,-0.09300313,0.14546041,0.087882034,0.085765615,-0.009874862,-0.14512081,0.14650027,-0.11869025,-0.02264948,0.04474292,-0.13547845,0.08364505,-0.109859906,0.007534961,-0.1594849,-0.0758987,-0.095915236,-0.015048314,-0.02037605,0.044179644,-0.018219473,-0.002526743,0.18077135,0.15154685,-0.16100317,0.114469826,0.05083698,0.123434074,0.15360767,0.3118357,0.073745,0.013242006,0.09079618,0.008556362,-0.24479513,0.01817038,0.045354087,-0.26217055,-0.17577703,-0.0455796,0.16868201,0.02920557,-0.19845125,0.103398636,-0.10033718,-0.13584766,0.22773479,-0.15491112,0.117075786,-0.028608657,0.030899225,-0.16909403,0.13454328,0.00028278027,-0.28136587,-0.03319244,-0.00348051,-0.09663701,-0.078524604,-0.31246713,0.025627002,-0.0054856436,-0.01787708,0.2178178,-0.014990741,0.1259927,-0.12454741,-0.0749105,0.1638049,0.05465776,-0.046810687,-0.01679676,0.16859742,0.009762983,0.0021770135,-0.06054702,0.1629389,-0.01631904,0.08517897,-0.013930797,0.11435687,0.112500735,0.11002178,0.0047506057,-0.014904048,-0.013658424,0.311898,-0.19097741,0.07972051,0.04472072,0.03752185,-0.008455569,-0.074592374,0.3509247,0.19052233,-0.17012255,-0.060218133,0.01902469,0.17982672,0.1588462,-0.098978125,0.15352419,-0.25863242,0.12227027,0.13775963,0.0013515508,-0.118020535,0.34814855,0.14134496,0.13499203,-0.06881562,0.09274471,-0.00094194704,0.21973845,-0.11911658,0.32002854,-0.0150749795,-0.18527782,-0.03362368,0.023713099,0.04610295,0.052203674,-0.12198007,0.13431016,0.03805196,0.085466355,-0.05144264,-0.17120712,0.14272578,0.1302254,0.06901477,0.03529357,-0.1927819,-0.09077809,-0.11175441,-0.07656571,0.043692984,-0.0291561,0.037004612,-0.15195675,0.10552425,0.015577077,0.08392962,-0.020433819,0.14624722,0.044803265,-0.004057485,-0.14514145,0.17984647,-0.11669902,0.1488799,0.096890174,0.056762543,0.08765468,0.026591748,0.18318914,-0.10295123,0.013922991,0.06370089,0.05212756,-0.1497959,0.24463923,-0.17829259,-0.00907221,0.074374326,0.12112146,-0.1475178,0.014312803,-0.027237618,0.065886825,0.04736652,0.26186466,-0.12903386,-0.09598109,0.2744618,-0.11420793,0.1645626,0.10813022,0.05487719,-0.06613502,-0.13514906,-0.11096763,0.017813923,0.1359905,-0.0071705454,0.04224063,-0.048305906,-0.048454747,0.35483235,0.046112638,0.20433041,0.3684328,-0.080007434,-0.06715895,-0.14618713,-0.07061881,0.007944174,-0.04924443,0.0813586,0.19747628,0.024481695,-0.09453797,-0.315672,-0.0008972084,-0.17254665,0.11836479,0.032294396,0.016035108,0.031489056,0.07399763,-0.18118931,-0.31030375,-0.00026906893,-0.15061763,-0.04646501,-0.09616331,0.04615376,0.011792443,-0.043751214,-0.051571816,-0.0330617,-0.22500694,-0.13613312,0.09953505,0.036007185,-0.07522005
GUNB_NEOPA,0.082889766,-0.11076238,0.14914855,0.020550795,0.14060307,0.020621795,-0.11024649,-0.14785522,-0.023165274,-0.101762325,0.082885616,0.18733054,-0.03156316,0.10948281,0.096155986,-0.085435055,0.12565443,-0.02751043,-0.008532705,-0.0067892717,0.17968775,0.09950629,0.07647109,-0.023625135,0.2677044,0.14965573,-0.05839039,-0.15226285,0.030200416,0.2000766,-0.17119314,0.38460234,0.086337484,0.0030900976,0.09893222,-0.11455403,-0.12669069,-0.14453582,0.094136715,0.06509791,0.014653155,0.06904192,-0.034999974,-0.042315647,-0.11389809,-0.051515352,-0.96387464,0.13424312,-0.15659478,0.070278816,0.017167164,-0.02690701,-0.13901666,0.013957952,-0.101306364,-0.3254856,0.35269827,-0.07697939,0.19770527,0.101887815,0.035752494,-0.129465,-4.211304,-0.16595499,0.20273563,-0.04733707,0.09928646,0.13247487,0.03790534,-0.0588186,-0.0934282,0.12254453,0.07221662,0.057076316,0.2345364,0.084897384,0.021718385,0.040775362,0.02431815,-0.07759827,0.13460656,0.169253,0.0005844435,0.15787229,0.10441562,0.0590897,0.1240285,-0.21126366,0.08513743,0.15801834,-0.033628605,-0.06583735,0.22592968,0.21878678,-0.13872132,-0.059516873,-0.030263484,-0.11068385,-0.1518398,-0.01433142,0.116136074,-0.03500558,-0.10256204,0.01523138,-0.005341106,-0.09543476,-0.013331313,-0.06594876,-0.19104902,-0.034219842,-0.12679358,0.021281656,-0.0127464095,0.01570567,-0.03146822,0.05282512,0.17037913,0.048302244,-0.05473643,-0.10141106,-0.030178608,0.095584035,0.026991783,0.04296409,0.1005281,0.02652065,0.020381052,-0.030815804,-0.27595162,-0.004413655,0.107039906,-0.14900458,0.06948025,-0.15938255,0.30069828,0.110501826,-0.13527253,0.22187628,-0.32812408,-0.29971766,0.16735016,-0.18403476,0.19734575,-0.024688998,0.102079354,-0.17922316,0.08378385,0.13954735,-0.09129998,0.14272419,-0.03024259,-0.025373768,-0.3186017,-0.17497793,0.0073155253,0.11551639,-0.15956616,0.35171375,-0.021989975,-0.023146577,0.051828936,0.077546395,0.16450308,-0.0068050707,0.011541719,-0.02185928,0.1378928,-0.04824427,-0.051540006,0.03914122,-0.015036106,-0.025459304,0.2611843,-0.12895635,0.048807412,0.23827897,0.09204078,-0.073155716,-0.020909673,-0.075553305,0.13844362,-0.20196228,-0.077908374,0.013721059,-0.17345841,0.22205022,-0.2731959,0.33981422,0.11007416,-0.011496861,-0.08901562,0.08532059,0.013186886,0.06513989,0.023513125,-0.07661281,-0.09472513,0.04309305,0.17399386,0.04730251,-0.028392185,0.24102144,0.020824512,0.14745995,-0.08676264,0.08572695,-0.11712316,-0.21000153,-0.17594145,-0.18730365,0.0041538007,-0.105328,-0.12732509,0.13233386,0.11991857,-0.12723354,-0.061075464,0.035629828,-0.17541993,0.05979811,-0.1773575,-0.053518187,0.07590277,0.02086644,-0.007898359,-0.019263426,-0.29608852,0.012760906,-0.0048007,-0.052958548,0.06846988,-0.09624028,0.023978448,-0.05460692,0.13088253,0.0015047897,0.009506844,-0.05189996,0.08685539,0.049953695,-0.012697422,-0.11393094,0.02155131,-0.014460395,0.044546526,-0.057786074,0.19746768,0.15289712,-0.062859446,0.026449054,-0.039317723,0.03660832,-0.06809334,0.15519336,-0.08607955,0.1130579,-0.18108585,0.07913718,0.11641625,-0.099492624,-0.031406086,-0.13160954,-0.054911938,-0.040627245,-0.0047474992,0.27864203,-0.12963668,-0.104969196,0.12968272,-0.079971924,-0.049121134,-0.019489769,-0.08280531,-0.1458949,-0.10433807,-0.07480559,0.038145334,-0.09874065,0.057693202,0.014956733,0.095455594,-0.083179094,0.12531692,-0.013317449,0.11799313,0.3034871,-0.06976136,-0.12685443,0.063978285,0.087624736,-0.104575194,-0.10921742,0.034993775,0.26539764,0.16136284,0.0068822284,-0.19542603,0.02110544,0.059488833,0.07848616,0.009728652,0.012374671,0.11062131,0.104989044,-0.05013913,-0.18223205,0.00027589797,0.108534485,-0.01107209,-0.16751586,-0.03450099,-0.06640109,0.03323236,-0.100760095,-0.04130953,-0.15246458,-0.13711731,0.19304305,-0.003325091,-0.088365085
GUNA_ASPKW,0.11318636,0.22374173,0.10990057,-0.0014461426,0.33353448,0.043658752,-0.0045490586,-0.13508673,-0.0120625105,-0.19336566,0.09756777,0.16662164,0.10852135,0.15642233,0.05033462,-0.10283655,0.015464016,0.008360334,-0.13182268,0.007717782,-0.067119576,0.29802704,0.07498419,-0.02797133,0.17919849,0.2082963,-0.029986965,-0.26297536,-0.14135985,0.29543462,-0.17202002,0.0704388,-0.033536207,0.079358116,0.11165834,-0.042145308,-0.056976072,-0.33136398,0.07877392,0.07630312,-0.10693736,0.12545356,0.084002,0.0122077,-0.068558075,0.043203082,-1.2227161,0.12431046,-0.2611216,-0.0047004973,-0.08515612,0.11586626,-0.1407592,0.16946508,-0.009297012,-0.30350387,0.25370443,-0.07484657,-0.0619708,0.19783346,-0.05960546,-0.07267241,-4.8248806,-0.2547673,0.15504517,-0.30926782,0.038055696,0.3853027,0.11827923,0.16396724,-0.041483205,0.2817104,-0.07420702,-0.16715719,0.2310942,-0.11271985,0.06806844,-0.038058862,0.09719603,-0.17899616,0.21697746,0.055081006,0.0113488445,0.15001245,0.17660868,-0.0646358,0.23718037,-0.16184492,-0.078299366,0.14756192,-0.0037975337,-0.061362337,0.04896637,0.022636361,-0.19962837,0.16957197,0.0042133704,0.07670558,-0.03200598,-0.16467948,0.218512,-0.13102894,-0.013221144,-0.047377404,-0.025259882,0.019034626,0.022989156,0.08506983,-0.123621784,-0.052602183,-0.19384164,0.241536,-0.20060323,0.0891033,-0.08841577,-0.26487145,0.25780195,0.12930515,-0.16135062,-0.13408136,0.119294286,0.15496041,0.09681246,0.09004415,0.07573946,0.09062322,-0.007471661,0.06933492,-0.1949074,0.09520065,0.22604102,-0.15084097,-0.07545836,-0.16885327,0.19750346,0.22962865,-0.27623278,0.26372033,-0.124560624,-0.15672818,0.13290724,-0.08218646,0.047129177,-0.19587766,0.05745424,-0.2578687,0.14069563,0.16075009,-0.2620958,-0.018802235,-0.1163122,-0.12835167,-0.09505745,-0.044807687,0.099932075,0.060627718,-0.10022141,0.23946893,-0.043230224,0.16112718,-0.048747472,0.05011408,0.1806907,-0.19710973,0.006395867,-0.06638389,0.0366769,0.10847956,0.05163803,0.044305902,0.17341,-0.060135596,0.06030005,-0.000757289,0.1707957,0.040368553,0.0885609,-0.035621613,0.02377356,-0.15067919,0.31731072,-0.21205403,0.027585385,0.14941543,-0.0061234995,0.096891426,-0.09962664,0.33133358,0.15075865,-0.2909647,-0.20936058,-0.02099706,0.017407367,0.09067909,0.039934106,0.012384734,-0.23821123,0.15349907,0.28624755,0.14336832,-0.23095822,0.12908155,-0.0042146915,0.027618796,0.04994706,0.15218237,0.0067320596,0.19178697,-0.32536831,0.028130895,-0.017098065,-0.16148245,-0.050651826,0.07688011,0.1755741,-0.045220822,-0.045879807,0.013059173,-0.10887377,0.06262772,-0.21374705,-0.25847274,0.20397437,-0.052821234,0.044546645,0.022413008,-0.16301173,0.032415777,-0.03462784,-0.1650911,0.10750925,-0.026792696,0.1420804,-0.2310969,0.20056878,0.04744567,0.20426357,-0.1816408,0.15765297,-0.117100894,-0.08813182,-0.19258705,0.115233205,0.077209786,0.06918152,0.1302198,0.11422232,0.044707663,-0.043337323,0.16207752,-0.01632631,0.14460911,-0.05771546,-0.06356019,-0.14833927,0.30130723,-0.18999806,0.1446182,0.3364801,0.12699527,-0.14060389,-0.13487323,0.034246627,-0.17238088,0.34795922,0.29716155,-0.030644821,-0.16055821,0.3728506,-0.13994473,0.049400028,0.0034469638,0.018712442,-0.14990029,-0.18725717,-0.059336435,-0.01652472,0.04041949,-0.10338313,0.098805405,-0.11576509,-0.061462604,0.21596725,-0.0015422677,0.26432163,0.28534004,0.029149454,-0.10333224,-0.06638287,0.13921723,-0.13019243,-0.066100284,0.037230033,0.19360839,0.09675295,-0.10000968,-0.23195244,0.022193255,-0.1936838,0.19486544,-0.080617435,0.034356166,-0.14877337,0.2253762,-0.03755998,-0.3802026,0.106852844,-0.19160692,-0.27957594,-0.07548515,-0.018881116,-0.07239178,-0.047721837,0.09755311,-0.020951798,-0.38874415,-0.19734697,0.24779978,-0.064298145,-0.0028413525
EGLB_ASPOR,0.2435885,-0.04840102,0.12507203,-0.06733816,0.19268467,0.09849104,-0.098108366,-0.12404555,-0.06965929,-0.11823096,0.0029977236,0.1708999,0.03675992,0.064590506,0.050865065,-0.05719533,-0.064320445,0.04212734,-0.057153188,-0.06691988,-0.008124206,0.17394778,-0.008684312,-0.0024069068,0.1725385,0.07236728,0.09488947,-0.31859577,-0.10641042,0.33168668,-0.20141816,0.22417498,-0.09850309,0.027672585,-0.03335433,-0.1293338,-0.12181319,-0.105583794,0.029967325,-0.0075235423,0.049213693,0.0634376,-0.11180823,-0.17447723,-0.12922405,-0.01002071,-0.77422255,0.10797158,-0.09362856,-0.0018894238,-0.04777502,0.06242987,-0.11643833,0.1397237,-0.18096106,-0.28264716,0.26455432,-0.24592668,0.30977154,0.19562452,-0.008850536,-0.13276124,-4.085189,-0.13921769,0.26534352,-0.1368899,0.09712923,0.20499484,0.0942932,-0.08693501,-0.20981798,0.22046782,0.025538435,0.165009,0.23876028,0.028894948,-0.14007662,0.060533576,0.06303111,-0.03868114,0.08082742,-0.039746672,0.03415768,0.23066825,0.14445731,-0.023976982,0.2120773,-0.37696582,-0.0204048,0.10914563,-0.13333637,-0.037898216,0.23801222,0.09671611,-0.16375175,0.07664233,0.106015734,-0.06548472,-0.15881446,0.024850184,0.050215792,0.01554457,-0.07547618,-0.056629926,0.035627384,-0.08677892,0.08207329,-0.14059871,-0.107076354,0.0792011,-0.19892772,-0.010634507,-0.0637962,-0.06862074,-0.12516087,0.0689293,0.08774131,0.09878385,-0.1588318,-0.17680347,0.05624739,0.104063325,0.020617753,0.12743038,0.10184171,-0.04019231,-0.07987806,0.10380921,-0.3526108,-0.11799389,0.14521748,-0.110942945,-0.048910204,-0.22671694,0.34600273,0.22575569,-0.18251623,0.20986961,-0.2907585,-0.25588572,0.1213577,-0.11657296,0.25474948,-0.19039547,0.04295618,-0.21102579,0.1668207,0.13257603,-0.20245513,0.122119166,-0.005918584,-0.07972986,-0.31418717,-0.049598005,0.2011808,0.090845294,-0.12505686,0.41678753,0.020682264,0.015569969,0.04468542,-0.013489214,0.22072731,-0.1809351,0.022901809,0.03584523,0.10077217,0.069208,-0.023073034,0.02103974,0.12211878,0.06558133,0.29926425,-0.05416157,0.017340107,0.17050129,0.19397146,-0.06503722,-0.0097223995,0.1185635,0.17687328,-0.17016865,-0.09450807,-0.019274794,-0.096100755,0.23007038,-0.1753053,0.44751212,0.07724872,-0.13814563,-0.05815106,0.076522976,0.28595555,0.09661566,0.10630796,-0.036908966,-0.18753733,0.067144856,0.16769092,-0.014228808,-0.0986342,0.15527473,0.04909606,0.21214235,-0.17116082,0.1331339,-0.18865204,0.08534153,-0.25309289,-0.18586864,-0.0070073116,-0.2567018,-0.040902555,0.14376605,0.13272579,-0.11641288,-0.078419186,0.035047594,-0.11109416,0.017215187,-0.22134408,-0.02651226,0.049510878,0.12653819,-0.030450627,0.10804645,-0.15147226,-0.14452285,0.026766367,-0.1736354,0.1007187,-0.12733987,0.06095023,-0.07982205,0.108882815,0.020023953,0.14053486,-0.07834779,0.048225243,-0.01985442,0.10629863,-0.1363192,-0.03003032,-0.046252277,0.13839796,-0.11895661,0.062136147,0.02809945,0.074490115,0.18768117,-0.15699136,0.14719233,-0.1940349,0.09361867,-0.13660333,0.1450984,-0.22657001,0.08627706,0.1560778,-0.16799578,-0.1235383,-0.15123221,0.028452436,-0.11862508,0.12081384,0.32367858,-0.09348183,-0.2973671,0.20522274,-0.18774618,0.007102234,0.049276058,-0.042909596,-0.16656888,0.008477044,-0.07208109,0.009079663,0.011266299,-0.034646846,-0.010468114,0.039855745,-0.026163666,0.1692188,-0.11443602,0.15295729,0.25113598,-0.04206718,-0.051748954,-0.005794491,0.27590618,-0.030677732,-0.0672863,0.115043595,0.27997464,0.10360289,0.02953859,-0.16194688,0.11933224,0.01940229,0.09659777,-0.048942003,0.065127015,0.18640423,0.093601525,0.048212137,-0.2302574,0.077450484,-0.090587296,-0.11545753,-0.13627197,-0.2688315,-0.02515796,0.036994632,-0.04883137,-0.08249169,-0.28215966,-0.108087726,0.36448336,-0.020596199,-0.12869172
CELD_PIRFI,-0.26061633,-0.5186031,0.10345161,0.40984696,0.025680155,0.17882475,0.2147781,-0.110666886,-0.119732596,0.18658346,0.4778263,0.055068467,0.08018427,0.3643438,0.27345222,-0.14335626,0.10104439,-0.15086682,-0.03860566,0.15608504,-0.04912041,-0.39207748,-0.24580178,-0.15992378,0.13879456,-0.115091994,-0.3790543,0.058519427,-0.19081713,0.0015953318,0.23694928,0.29789525,-0.24606645,0.20508468,0.07729371,-0.11823687,0.0015239944,0.003043191,-0.21336311,0.24350162,0.23152089,0.044046998,-0.3625874,-0.034993418,0.036041,0.2583955,-0.47551924,0.08509069,-0.076354235,-0.31717503,0.07840175,0.148797,0.2708891,0.20295577,-0.31814283,0.22014937,0.37401366,-0.1194582,0.35505384,0.025239307,-0.13477975,0.15586773,-0.8094543,-0.27937436,-0.38540608,0.1940189,-0.165643,0.0059650876,-0.30000043,-0.02528347,0.31851876,0.13734399,-0.065022185,-0.169428,0.17920281,0.06575129,0.047130957,0.1841098,0.042677667,-0.18993658,-0.062351696,0.4058474,-0.17919642,0.035077885,-0.1881795,-0.062396824,-0.22313613,-0.2723906,-0.07885255,0.53772354,-0.45294636,0.57977474,-0.10807914,-0.26137963,0.016676351,0.13901696,0.057461545,-0.43348172,0.13809925,0.13983427,0.07186783,-0.099684805,-0.2683041,0.24472332,-0.7488688,0.17106098,-0.5840433,0.1806019,-0.6713725,-0.47055885,0.0009666681,0.20155632,0.07498545,0.18914884,0.34064382,-0.052574724,0.005969364,0.26549077,-0.03229175,0.28010768,-0.089230314,0.32399172,-0.09243779,0.48924887,0.3221315,-0.2670031,-0.10690337,-0.040717795,0.25942492,-0.5930065,-0.31299388,-0.17126536,-0.38694575,-0.011154947,0.44920585,0.015706353,0.066853,0.44153127,0.1337971,-0.26443553,0.38387078,-0.12434061,0.10384256,0.0040328084,0.042715736,-0.7106855,-0.35809022,0.31491223,0.2988143,0.19432247,0.25272503,-0.18758093,-0.6340541,-0.24001668,-0.33145043,-0.31059104,-0.19391094,0.12767242,0.41896394,0.13059556,-0.058613643,-0.046595395,-0.3520745,-0.13573498,-0.021307714,0.23416232,0.16034016,0.0629708,-0.66267896,0.31469253,0.44120312,0.23110826,-0.01941236,0.2039254,-0.2601458,0.2480632,-0.04795458,-0.18794152,0.13860959,-0.13547868,0.33280244,-0.2997637,-0.039089236,0.15184718,-0.40843666,-0.32419187,0.34534967,0.6249138,-0.5520561,-0.051016927,-0.35161942,0.16894665,-0.8549116,0.21475312,0.18179628,-0.16696614,0.14507844,-0.4760509,-0.34147072,0.33227107,-0.039654084,-0.056243442,0.15944397,0.07604895,0.22690919,-0.14670509,-0.268398,-0.024154844,-0.12553404,-0.298692,-0.5328363,-0.1694266,0.15803139,0.26957476,0.042831905,-0.44160017,-0.13462868,0.0052998066,-0.23741998,0.39187768,-0.12368053,-0.15445492,-0.24941519,0.007020044,0.5197977,-0.08342971,-0.37908375,0.31556636,-0.06257622,-0.519436,-0.631016,0.2906621,-0.07953857,0.033503436,0.1845985,-0.046554696,-0.0028335655,-0.0202198,0.24605826,0.123934075,0.29904646,-0.016759692,0.13461259,-0.10795929,-0.13918447,-0.24680382,0.13339011,-0.057742894,0.0958635,-0.17549543,-0.26659912,-0.045275558,-0.18255833,0.4796299,-0.13844371,-0.0045170626,0.003516078,0.12155032,-0.2621828,-0.059591327,-0.45458227,-0.34359238,-0.3980254,0.31699526,-0.11433186,0.35375202,-0.24628451,0.9113419,-0.09987986,0.29601952,0.14225024,-0.19613717,0.37863436,-0.34026736,0.6087971,0.16324699,-0.1319916,-0.007691539,0.2785469,-0.06761349,0.2867955,-0.34319553,-0.15265498,-0.0755565,-0.16880015,0.13291839,0.059783205,-0.033003,-0.08919624,-0.07054524,-0.1263685,0.033062764,-0.26682445,-0.1372883,0.39572516,0.14727621,-0.25324643,-0.1703603,-0.07012887,0.12433511,0.27431995,0.11413158,0.22402051,0.041489683,-0.27573967,-0.24519008,-0.4879228,0.61145025,0.19762567,-0.33981162,-0.0072846496,0.11382761,-0.48071456,0.25065857,-0.117284924,0.29018146,0.10669266,0.055849835,0.17690682,-0.20034936
NFEG12A_ASPFI,0.10817392,0.17166519,0.1472232,0.0018002224,0.32608286,0.0042712414,-0.060865518,-0.18058327,0.07956279,-0.24013652,0.1406349,0.15913391,0.05993648,0.1362078,0.10462249,-0.07254253,0.10899035,-0.00087028986,-0.083106205,0.052718937,0.06698222,0.27512687,0.08833349,0.0007229134,0.2641029,0.13666995,-0.073089756,-0.2290043,-0.08831087,0.22019272,-0.21584447,0.0786764,0.031915452,0.020489553,0.10977115,-0.010421015,-0.049547568,-0.26094013,0.09589527,0.04495384,-0.09753831,0.07163769,0.16580637,0.027514638,-0.10259191,-0.08050444,-1.1424242,0.052253716,-0.16108151,0.019308632,-0.08205484,0.07930204,-0.15104741,0.13197972,0.060474068,-0.3420902,0.21856147,-0.09833353,-0.18350454,0.24122167,-0.002855291,-0.10372983,-4.8741183,-0.31190097,0.11958461,-0.25578994,0.12939166,0.3930899,0.09519609,0.13576093,-0.034125328,0.20820767,0.018683203,-0.18974489,0.14133246,-0.13516827,0.10974605,0.06555883,0.016041487,-0.13059987,0.29803443,0.19315511,-0.037734702,0.19030239,0.07022455,-0.04968633,0.21784283,-0.16671862,-0.0011672064,0.057932954,0.05340349,-0.053775307,0.09240949,0.15870003,-0.23728986,0.01980172,0.034776643,0.025696948,-0.077094615,-0.21945594,0.17779917,-0.039709233,0.0062454366,-0.05920853,-0.041651193,-0.01252845,0.004450766,-0.00095813256,-0.07181051,0.0018931057,-0.15463315,0.2480745,-0.1640465,0.124805205,-0.114483304,-0.22533438,0.28270024,0.13112487,-0.15251803,-0.08204018,0.008544764,0.12008238,0.11348155,0.118050046,0.07359842,0.08079878,0.0027882608,-0.0021050018,-0.20285717,0.009037034,0.28796738,-0.181294,0.010347255,-0.2095942,0.20597623,0.091311984,-0.2153926,0.3237821,-0.14239861,-0.099383265,0.052108213,-0.12721997,0.004468614,-0.0713138,-0.0015121618,-0.238007,0.08533419,0.08462041,-0.2282513,-0.06587635,-0.09546234,-0.025183665,-0.09963346,-0.12735273,0.03594936,0.034331616,-0.091501206,0.2051678,-0.04763798,0.18612717,-0.031471368,0.05473033,0.19555625,-0.1541803,-0.05926078,-0.11466638,0.06526793,0.13074854,0.04376469,0.018370127,0.23936749,-0.13530661,0.14532149,-0.03595215,0.26488665,0.16984278,-0.0029650987,-0.024248343,0.039060768,-0.16608383,0.30146077,-0.12430162,-0.007758368,0.08938278,-0.025152102,0.12640503,-0.19004823,0.30116302,0.15482882,-0.13639897,-0.18365528,-0.018195217,-0.09635915,0.108008415,0.07563832,-0.0063132253,-0.16061676,0.08626242,0.29405594,0.048706654,-0.13746026,0.20423025,0.0432725,0.028227609,-0.014841079,0.1368168,-0.05861701,0.18881387,-0.17639259,-0.004917275,-0.008948607,-0.17419483,-0.11753508,0.035151538,0.17395853,-0.053071264,0.11651884,-0.0107520595,-0.08576338,0.10099646,-0.18996435,-0.19618697,0.16140842,-0.060051683,-0.066589676,0.036590807,-0.27756846,0.059765685,-0.06808851,-0.14787385,0.077750094,0.0059626102,0.09728154,-0.1751528,0.2158783,0.050221976,0.1740225,-0.1900969,0.11891725,-0.047144663,-0.15879822,-0.2466426,0.11080843,0.031762894,0.032572415,0.09819868,0.20461743,0.14216529,-0.14093384,0.17519213,0.051128097,0.064644285,-0.0029601525,0.009265437,-0.09492566,0.30285868,-0.23444067,0.17665125,0.3327563,0.16362773,-0.08588447,-0.08444211,0.03833252,-0.14137419,0.3184213,0.23957612,-0.026800603,-0.18208882,0.3217977,-0.085820585,-0.019461066,-0.019365711,0.035297364,-0.18429868,-0.23024234,-0.09797976,-0.039325505,-0.09598427,-0.024956066,0.0454877,-0.13604508,0.017020958,0.158105,0.07439796,0.2896583,0.44670612,-0.007380716,-0.23379369,-0.042645745,0.09196246,-0.061339427,-0.049445216,-0.05017196,0.20545815,0.10196615,-0.055414163,-0.25699353,0.05005897,-0.1533165,0.14942314,0.020706257,0.035196085,-0.14593793,0.22346187,-0.035100553,-0.36645633,0.037175216,-0.114542395,-0.23083532,-0.12391962,-0.05407872,-0.09605131,0.041480705,0.041926153,0.009926062,-0.35660356,-0.19247119,0.27377775,-0.091685764,-0.104125045
ACEL12B_ACICE,-0.035629217,0.20183565,0.0450604,-0.0934376,0.44909313,0.038697734,0.06663266,-0.15710028,0.1558356,-0.15644668,0.1621406,0.16376403,0.13987616,0.18846616,0.18039288,-0.20159721,0.03784856,-0.024144433,-0.22473443,0.0706976,-0.033761892,0.23278674,0.089367844,-0.0830542,0.3229176,0.207612,-0.028682308,-0.3212003,-0.12239485,0.15694803,-0.22414018,-0.12285013,-0.08045762,0.052483,0.18621476,0.015499096,-0.1263007,-0.18096375,0.019463034,-0.018010175,-0.042361483,0.076879434,0.12527001,0.03207749,-0.11276196,0.047975987,-0.8904571,0.05066625,-0.14679004,0.026342107,-0.18126749,0.17191587,-0.18285307,0.04678017,0.12247264,-0.39143658,0.121562935,-0.02725863,-0.20586987,0.29133743,-0.026138494,-0.036638957,-4.406204,-0.42098838,0.17057374,-0.2759565,-0.03106584,0.5637196,0.09875267,0.20306669,0.040786818,0.25328866,0.064492404,-0.33348516,0.24548882,-0.24155955,0.10006,0.020415135,0.03426144,-0.20397207,0.3176799,0.15363307,-0.049541675,0.2229493,0.07397104,-0.04099336,0.2248853,-0.14645648,-0.088317394,0.12355876,-0.006640955,0.1324224,-0.059630245,0.04780878,-0.26451248,0.13615601,-0.035726137,-0.01771783,-0.12079737,-0.08702603,0.23483069,-0.012953501,0.021818854,-0.131229,-0.19268404,-0.02762476,-0.045331705,-0.027255818,-0.013114354,-0.09797782,-0.09150089,0.28954446,-0.18150927,0.16486487,-0.006061375,-0.27263463,0.33634132,0.19787782,-0.07366568,-0.09691296,0.043827217,0.062432285,0.12135244,0.27994525,-0.05272669,-0.00032943915,0.024889873,-0.11691876,-0.1925036,0.045964178,0.2317367,-0.26126906,-0.18041956,-0.26938662,0.3058967,0.1997178,-0.3841318,0.2602888,-0.10074638,-0.08292051,0.1304043,-0.04257972,-0.08506918,-0.09537209,-0.015589157,-0.25213662,0.04055029,0.23081516,-0.2906593,0.04216319,-0.103663936,0.023148498,-0.021385549,-0.07666358,0.029477794,0.08374616,-0.029082013,0.15479025,0.062627666,0.23774076,-0.025729295,0.06807079,0.14512861,-0.29824385,0.057930302,-0.0036658535,0.07335669,0.082625404,0.107673146,0.07241355,0.3194779,-0.12622242,0.1459245,-0.0752365,0.24228896,0.078118674,-0.04528495,-0.06049206,0.029921835,-0.0191115,0.43583155,-0.08855751,-0.09347366,0.07138445,0.012501319,0.12674876,-0.18992803,0.3648408,0.13480482,-0.22639976,-0.16452701,0.0030725761,-0.23343521,0.10567368,0.1422605,0.01455173,-0.2348704,0.10136714,0.3827791,0.00066970545,-0.33185273,0.05639214,0.034679707,0.09416617,-0.066083625,0.07077265,-0.108118035,0.53394586,-0.23995866,-0.0382856,-0.08670189,-0.15784343,-0.16600776,-0.01733074,0.08463901,-0.088130906,0.10353356,-0.088201456,-0.12041064,0.23563896,-0.15401064,-0.33015153,0.08958018,0.11865748,0.09943571,-0.0995222,-0.35294488,0.059675675,-0.057030145,-0.2283926,0.09043556,-0.0675031,0.057448667,-0.16997336,0.4345561,0.07817001,0.03597578,-0.14173277,0.20107189,-0.04140228,-0.12474765,-0.19633593,0.15938917,0.110276476,0.054583605,0.20254362,0.19607781,0.028873233,-0.13252577,0.1428519,-0.05295985,0.11732937,-0.060426425,-0.05454459,-0.1262028,0.40673715,-0.15677157,0.18292606,0.1352029,0.21023914,-0.13571179,0.04902513,-0.08255282,-0.0406643,0.32376054,0.35453784,-0.07068073,0.052372463,0.14320588,-0.119108,0.0920639,0.001436615,0.10912659,-0.26304343,-0.32850838,0.0630399,-0.017719267,-0.04717624,-0.11927868,0.12421267,-0.03515032,-0.17233467,0.15794474,0.060061548,0.24008466,0.33864626,0.10369072,-0.20709172,-0.16623433,0.11709085,-0.016076444,-0.009430917,-0.21454693,0.18612038,0.14252461,0.016438866,-0.24091089,0.079736024,-0.22604883,0.05622827,-0.08732101,0.04596983,-0.14346148,0.23637296,-0.061003502,-0.44126177,0.029219259,-0.14580534,-0.18963529,-0.09673955,-0.008972912,0.07239911,-0.14048794,0.12195137,-0.05986008,-0.38981,-0.20874628,0.32376665,-0.25406075,-0.16023254
GUX1_TRIRF,0.16765994,0.17603783,0.026850412,0.09305799,0.30907997,0.08257482,-0.06645539,-0.21865828,0.13219815,-0.31216237,0.30774048,0.20913027,0.11708236,0.018427424,0.0638318,-0.17042115,0.07086326,-0.0026263401,-0.070923395,0.12882453,0.0919857,0.17087303,0.05295488,0.017100016,0.21394475,0.16991374,-0.09208389,-0.25627092,-0.11490607,0.14161317,-0.23774315,0.10892551,0.14217204,-0.049152166,0.105426855,-0.08336819,-0.0838921,-0.22080272,0.13827641,0.059808273,-0.15240732,0.09891019,0.036846347,0.023261506,-0.09030197,0.039003324,-1.3555486,0.12967613,-0.2905885,0.014530213,-0.054430094,0.050537944,-0.11578841,0.06767995,-0.039719824,-0.34876817,0.1797663,0.047686722,-0.103407204,0.16838717,0.04322905,0.019787677,-4.69131,-0.3384809,0.13673685,-0.2614713,-0.06472971,0.3747959,0.13406439,0.12459158,-0.19213724,0.1510828,-0.132464,-0.2260573,0.11316121,-0.14324932,0.035610165,-0.0866668,-0.10737388,-0.2013334,0.40521154,0.021186035,0.022609083,0.1715488,-0.025887625,0.028458282,0.14177103,-0.064655066,-0.12550311,0.21219201,-0.032746144,-0.02692412,0.10853282,0.13506074,-0.16906434,0.07615363,0.0857021,0.04914611,-0.02438007,-0.21062201,0.23704131,-0.16347617,-0.022261782,-0.06289508,-0.12259646,0.023136875,-0.13651788,0.093714066,-0.15743473,-0.041583344,-0.18290201,0.054884996,-0.13394386,0.10771855,-0.11544134,-0.1276553,0.37359625,0.10013005,-0.086445205,0.08710454,0.002148039,0.16297808,0.16373792,0.28807813,-0.009168629,0.04214344,0.08801363,-0.06049453,-0.3097634,0.0025320845,0.19639052,-0.31621295,-0.14129578,-0.14087439,0.20039816,0.13221966,-0.22467986,0.24746208,-0.14901923,-0.10025271,0.29327703,-0.14546941,0.114396945,-0.05256091,0.056797206,-0.17874621,0.10964879,0.0008591152,-0.24097542,-0.08552851,-0.10959829,0.010815752,-0.021748396,-0.34441373,0.006486804,0.07170296,-0.13018975,0.2656931,-0.08109056,0.16888188,-0.10435343,0.019020112,0.20295836,-0.045037612,-0.010294523,0.02990771,0.13919458,0.061788205,0.045821123,-0.034341305,0.2268878,-0.1279212,0.09577771,0.0018819816,0.13881111,0.11450931,0.060428377,-0.032141022,0.049146093,-0.16214134,0.31414667,-0.18805401,0.055394128,-0.009432109,0.08496564,0.012345747,-0.19072719,0.3896569,0.16965885,-0.21018784,-0.19179054,0.09510593,-0.16100457,0.1801794,-0.10634162,0.009731872,-0.30485353,0.108535655,0.30853185,-0.07807451,-0.19002596,0.33137488,0.101886615,0.103332125,-0.02242607,0.15210466,0.07566767,0.17825504,-0.20538102,0.11113947,-0.056644816,-0.19822368,-0.13312389,0.10526812,0.086580545,-0.01995572,-0.050066415,0.07253744,-0.070126995,0.12242862,-0.08925934,-0.21089865,0.12472533,0.09187955,0.049705666,-0.095158815,-0.326111,-0.0578049,-0.06231553,-0.11584292,-0.022839094,-0.0610795,0.06560548,-0.18043987,0.17427196,0.056344558,0.06765693,-0.07842284,0.22473852,0.009942601,-0.071076415,-0.13433547,0.20504625,-0.013413582,0.14945209,0.13225257,0.17856266,0.12556727,0.036856208,0.18340454,-0.045835502,0.08837768,0.08174649,-0.038224895,-0.21498023,0.28791016,-0.19738981,0.018208066,0.21044296,0.19259545,-0.10927701,-0.030022895,-0.11916796,0.038361337,0.12410017,0.3378736,-0.13485247,0.07125488,0.31608066,-0.10086396,0.15556607,0.007369825,0.017109873,-0.112061195,-0.22057077,-0.12727857,-0.0139348125,0.09127853,-0.04945415,0.093528144,0.0021048775,-0.034511004,0.35541806,0.16481051,0.2376834,0.453576,-0.006054984,-0.15207371,-0.076280646,0.04430739,-0.050750718,-0.14622615,-0.016169429,0.2655447,0.05876499,-0.08248347,-0.32327414,-0.01016834,-0.16328017,0.16525233,0.031202268,0.0382616,0.043183826,0.16442332,-0.2649207,-0.48148352,0.049664233,-0.06087156,-0.09646907,-0.14304848,0.113436766,-0.0055072852,-0.03308704,-0.016379526,-0.05461843,-0.2664673,-0.12587245,0.122921474,-0.023943067,-0.086071685
CBH1_RASEM,0.2762556,0.15929765,0.10672581,0.03688711,0.29999283,0.02805378,-0.08968571,-0.23581861,0.14530322,-0.3145748,0.20480463,0.13674833,0.070103884,0.022446292,-0.004167402,-0.15106502,0.024949478,0.09997039,0.031521916,0.03168011,0.013546475,0.24296962,0.05548856,0.06125348,0.23552027,0.14472964,-0.032944966,-0.34678033,-0.12808956,0.18539806,-0.25106648,0.053996176,0.031947434,-0.07918605,0.06899387,-0.09502441,-0.1383469,-0.2296417,0.10654249,0.04102696,-0.15056148,0.10793781,-0.07746021,0.018529344,-0.12662557,0.1069326,-1.453389,0.22284381,-0.3059921,-0.018694242,0.016666805,0.11277462,-0.057703156,0.06926358,-0.050548352,-0.28528672,0.17667948,0.06512603,-0.01903328,0.17337586,-0.011522292,0.0122340545,-4.899799,-0.29662797,0.10831119,-0.20481108,0.03477454,0.38468784,0.11966343,0.16872518,-0.20386434,0.1736691,-0.057635278,-0.16608356,0.06928476,-0.17019837,0.041336816,-0.058974072,-0.080880545,-0.10330499,0.31680843,-0.054202586,-0.047339946,0.17070502,-0.042868316,-0.0035757115,0.14924441,-0.14141342,-0.090831086,0.052624132,-0.0049458565,-0.06446137,0.081634365,0.18774,-0.114046566,0.16246758,0.12341025,0.055176836,-0.044620544,-0.17900072,0.16098818,-0.15548004,-0.034280486,-0.070970125,-0.1368829,0.018508255,-0.09240029,0.03492924,-0.11275983,-0.05269624,-0.15520403,0.028561113,-0.16085853,0.062848486,-0.023550576,-0.0021716582,0.27444586,0.1230521,-0.14990927,0.038774002,0.069785565,0.10171142,0.15118283,0.23367989,0.07572939,0.06615352,0.058401898,0.036028795,-0.32832748,-0.078573406,0.19473621,-0.23089238,-0.13959916,-0.12088884,0.13384077,0.12413064,-0.2652632,0.204227,-0.15898235,-0.12262618,0.27461648,-0.16710599,0.10242656,-0.13933825,-0.001870206,-0.23259366,0.19682656,-0.011663904,-0.2972789,-0.12658347,-0.09222467,-0.06611744,-0.02785499,-0.34295833,0.090410404,0.043037575,-0.045628488,0.267064,-0.047212843,0.19389668,-0.07955213,-0.09057494,0.17574406,-0.10363421,-0.01126375,0.05569195,0.17260382,0.041476637,0.061931893,-0.050920382,0.11702473,-0.025925098,0.04072329,-0.038197547,0.11126754,0.19888565,0.12453301,-0.01602302,0.017269181,-0.114476204,0.3410193,-0.15173201,0.08246273,0.007257717,0.07823301,-0.0107596405,-0.12394986,0.38838953,0.18103652,-0.21116886,-0.1039666,0.0013160611,-0.03459921,0.15595163,-0.041859493,0.08224302,-0.28269285,0.15911919,0.22293301,-0.12182983,-0.22909099,0.26305366,0.2685745,0.12525639,-0.04430472,0.14531513,0.058423005,0.2126006,-0.25040153,0.25757948,-0.051991314,-0.2535178,-0.05462401,0.060109645,0.022947866,-0.04401659,-0.06151195,0.09603364,-0.067662664,0.07864137,-0.11619957,-0.21672267,0.12090366,0.091020845,0.0076865065,0.0015225833,-0.18056291,-0.04803683,-0.11889427,-0.1638018,0.078536786,-0.008360076,0.037214417,-0.21908748,0.12126871,-0.0039733713,0.16592422,-0.084283255,0.24029213,0.025803214,0.010775603,-0.14012603,0.18874931,-0.060366694,0.21445414,0.19810456,0.08066864,0.079720445,0.053238507,0.27332714,-0.04229722,0.108085215,0.047720518,0.0021144196,-0.1326767,0.23965119,-0.24569619,0.016673388,0.26603502,0.12883107,-0.09073301,-0.022794746,0.055755857,0.036136173,0.13715672,0.3596429,-0.11425311,-0.06593823,0.4000447,-0.042108487,0.14751287,0.102286264,0.023373425,-0.13240393,-0.12337612,-0.11199233,-0.019169291,0.19065036,-0.08143476,0.08160477,-0.05776671,-0.02278662,0.38563788,0.03665049,0.25373068,0.42621848,-0.01978496,-0.12921855,-0.105344646,-0.03257608,0.0066915727,-0.065158375,0.02655822,0.30701643,-0.0007996296,-0.020371465,-0.38625646,-0.020507619,-0.17853563,0.15971328,0.038411047,-0.023560889,0.00052693154,0.131326,-0.19701631,-0.41023785,0.08846924,-0.15626945,-0.1365053,-0.10620809,-0.01271764,0.0048773554,-0.022519318,-0.008614741,0.005302838,-0.28976434,-0.13582611,0.18654968,-0.053558074,-0.047502346
BGL1_ASPNG,0.12098326,-0.09281525,0.21577623,0.06601146,0.22624807,-0.039606668,0.013631773,-0.022966636,-0.004263724,-0.19470537,0.17944996,-0.03349,-0.019715758,0.020608345,0.12803867,-0.18613225,-0.051372863,-0.10740929,-0.14557245,0.1363394,0.017267285,0.033109978,0.07985673,0.030729719,0.08026537,-0.008446409,0.19135737,-0.12658717,-0.054920677,0.08754849,0.001680892,0.22972842,-0.00965046,-0.07470457,0.044582084,-0.19164689,-0.031853717,-0.039596047,-0.02268942,-0.035199486,-0.1083997,0.12705338,-0.06982948,0.016163232,-0.013407214,0.009179675,-1.145446,-0.037337918,-0.08155155,-0.05753369,-0.13447687,0.05886621,-0.046757046,0.16356681,-0.13028903,-0.25820294,0.28258395,-0.239787,0.077038184,0.16928346,-0.02893728,-0.26318598,-4.0585694,-0.29632837,0.017496215,-0.10378737,0.039738644,0.21831115,0.041898094,0.068926655,0.0371503,0.23222134,0.09953723,0.30178168,0.12435824,-9.813054e-06,0.010971925,0.092477575,0.010583024,-0.06408031,0.1754254,0.0076618493,-0.04926665,0.2727522,0.11890257,0.011262194,0.10014746,-0.32177117,-0.07473417,0.15685809,-0.11246041,-0.020745093,0.121133745,0.34017342,-0.16563186,0.058947697,-0.017424176,-0.081725,-0.08905934,0.027363038,0.16573425,0.040777154,-0.044171564,0.034674015,-0.07666081,0.108136825,-0.1611068,-0.036148123,-0.21571667,-0.045200918,-0.017538328,0.03923454,-0.096866764,0.12491884,-0.05217145,0.012161613,-0.05517867,0.14703952,-0.14222771,0.022161046,-0.07275566,0.103727795,0.03834113,0.12496236,0.06348802,-0.15567788,-0.015040631,0.0031147124,-0.44975936,-0.0402659,0.25971198,-0.08306015,-0.09830874,-0.19160868,0.40215537,-0.01703445,-0.2492786,0.16604929,-0.16104858,-0.15757762,0.010486014,-0.07140899,0.06777068,-0.13695979,0.0915982,-0.0037057847,0.042271517,0.16841473,-0.19066322,0.11353598,0.019417679,0.025778126,-0.3003143,-0.24592106,0.003581671,0.10351922,-0.07632619,0.1561317,-0.03827259,-0.015997678,-0.11262174,-0.13189837,0.2450169,-0.15441595,0.028647993,-0.1421431,0.2131597,-0.130324,0.028274532,0.07083307,0.16071397,-0.09134911,0.17208572,0.0076711862,0.014360212,0.18205477,0.04335504,-0.01691683,-0.012994388,0.014414139,0.2052971,-0.09870835,0.019459855,-0.043887693,-0.0036211656,0.25512025,-0.21994139,0.30712897,0.039831776,-0.15311725,0.04477544,0.07923259,0.0694389,0.120528944,-0.02172423,0.14129381,-0.01482488,0.007317532,0.11181771,0.26637882,-0.21848239,0.14925149,0.23942906,0.2672465,-0.10451427,0.18780395,-0.10263658,0.17617609,-0.11784871,-0.07832573,-0.047902677,-0.13999541,-0.15015405,0.03975621,0.17830837,-0.13455226,0.025958555,-0.13834615,0.05128183,0.04799061,-0.2636713,-0.03229255,0.07171616,-0.02928919,0.044109102,0.10333233,-0.13463712,-0.21547681,0.033165418,-0.07299038,0.061987035,-0.046825223,-0.032809652,0.020148922,0.12544219,0.09686575,0.057762172,-0.048313662,0.07401359,0.19087018,-0.04062997,-0.12650396,-0.02419581,-0.15744543,0.10632917,-0.09158809,0.23098634,-0.00014585299,0.05934739,0.08799818,-0.17301808,-0.051972616,-0.10953027,0.12929694,-0.0062210797,0.26024112,-0.21657082,0.06804292,0.03052482,-0.1250957,-0.102784105,-0.02327166,0.015804958,-0.1706078,0.21492963,0.27986684,-0.1451781,-0.16218457,0.14276561,-0.12240263,0.10059893,0.03195177,0.08465502,-0.028395971,0.01757015,-0.010915207,0.012704655,-0.07239854,-0.0025748613,0.023205914,0.13162544,-0.11908026,0.2151084,0.091054924,0.3025209,0.3827803,-0.035905685,-0.27414393,-0.078524776,0.05868325,-0.16846658,0.014872266,0.066163756,0.17865945,0.103784196,-0.021164313,-0.125022,0.0012756445,-0.12648146,0.033352718,-0.0059689847,-0.008592419,0.07656253,-0.005650584,-0.073508486,-0.11736867,-0.05001994,-0.104538105,-0.14224261,-0.13145767,-0.1388113,-0.061883245,-0.07714656,0.028514981,0.16658272,-0.28253564,-0.04493105,0.28252622,0.06088723,-0.098344795
BGL1_TRIRF,-0.027104022,-0.113584995,0.239334,-0.0056076176,0.20294502,-0.06225664,-0.031012096,-0.007786903,-0.041134086,-0.1105333,0.10512397,-0.014458321,-0.007467096,0.0535532,0.2140674,-0.16052966,-0.092404045,-0.033592515,-0.29559916,0.11032076,0.02928025,0.111333646,0.062279336,-0.0111297835,0.1213299,0.057320807,0.16372786,-0.14024411,-0.12200077,0.106144756,-0.028475638,0.14199364,-0.058371536,-0.07793595,0.14118674,-0.18861263,0.006033042,-0.08677247,-0.021440184,-0.032432012,-0.11194411,0.06371832,0.010135486,-0.054746795,-0.010313682,0.021847846,-1.025356,-0.07163203,0.012159746,-0.07920483,-0.16114873,0.055705104,-0.14028977,0.104706824,-0.06456355,-0.27833346,0.26304194,-0.23132484,0.03450362,0.1976512,-0.053387254,-0.31333804,-3.8251698,-0.35153463,0.01760462,-0.13600014,0.00031450766,0.23515144,0.09437319,0.056874745,0.16728586,0.27352035,0.17914508,0.18726255,0.18881296,-0.11146445,0.08363852,0.13240072,0.02571185,-0.060850076,0.115881756,0.086642444,-0.06108268,0.23664965,0.18844995,-0.07312652,0.16015944,-0.30543286,-0.041859686,0.20187402,-0.057005063,0.0060243052,0.103536755,0.2457822,-0.24347922,0.09753102,-0.06454881,-0.08291134,-0.21143259,0.034643218,0.20740497,0.054224,-0.08875448,0.011143201,-0.031842597,0.058413357,-0.1920591,-0.019650273,-0.13543765,0.027727418,0.043852936,0.15583725,-0.1373309,0.1435472,0.033624206,-0.049166203,0.015059098,0.19799355,-0.16201112,-0.057578303,-0.038398262,0.039571967,-0.0005717955,0.07831368,0.04062288,-0.14493033,-0.06010672,-0.03274028,-0.36266628,-0.0056249117,0.21818104,-0.065582186,-0.073941134,-0.32378554,0.44066253,0.13121621,-0.31126082,0.26059765,-0.11482494,0.014286533,-0.0033546095,-0.08471318,-0.02511279,-0.053898476,0.04513392,-0.091097735,0.008626479,0.2590193,-0.2733611,0.13970762,0.012331434,0.0025474865,-0.2854008,-0.063845515,0.010354579,0.14122348,-0.06956705,0.10527783,-0.015575444,0.0653086,-0.13850571,-0.13387106,0.22606407,-0.18313076,0.06552398,-0.16798344,0.23352587,-0.09911918,0.11121113,0.10812059,0.2759605,-0.12962936,0.21959484,-0.049606845,0.106654234,0.09385999,-0.018385839,-0.012759733,0.02268361,0.060077947,0.21967866,-0.072908744,-0.061274257,0.018219363,-0.0354743,0.303603,-0.24569292,0.37689298,-0.0074373735,-0.13644274,-0.037174735,0.022537833,0.02684198,0.11946123,0.09673325,0.15956444,-0.0008124353,0.09238988,0.14536893,0.21765961,-0.26822406,0.101094,0.189678,0.16806929,-0.05939317,0.19191319,-0.17903072,0.33071524,-0.17425966,-0.12271225,-0.08051512,-0.10655112,-0.1877812,0.043691076,0.194286,-0.17310558,0.023440115,-0.18400721,0.010601271,0.112286516,-0.3010353,-0.14697716,0.10107944,-0.09856085,0.038825754,0.10588932,-0.15624847,-0.15023364,0.055629194,-0.06845102,0.15690236,-0.1074725,-0.011301272,0.09505537,0.22122823,0.14370224,0.006054942,-0.1430049,0.122288786,0.15333776,-0.084846795,-0.16123393,0.023233792,-0.12274153,0.02137871,-0.14693469,0.2148017,-0.009347238,0.014295358,0.031884514,-0.071092784,-0.0236341,-0.0727208,0.13546318,0.0060737804,0.332485,-0.27080512,0.074708335,0.039985713,-0.03794582,-0.048542183,-0.033862017,-0.015405295,-0.20323773,0.30400714,0.16997094,-0.10475247,-0.09810175,0.10788038,-0.11719931,0.015068355,-0.021054035,0.13784674,-0.045798443,-0.0918791,0.075528614,-0.04211749,-0.1982996,0.014149206,0.10187006,0.071286045,-0.104424514,0.057244062,0.10439646,0.2894995,0.3848156,-0.041582752,-0.3094204,-0.19149788,0.07183596,-0.05836822,0.08578774,-0.05222522,0.17234462,0.053111512,0.06197964,-0.0951605,0.033472043,-0.1568428,0.048088018,-0.11739681,-0.0038422747,0.0027293009,0.08862927,-0.030732846,-0.15099588,-0.028206347,-0.17787033,-0.186252,-0.11667011,-0.14135297,-0.032709073,-0.058309518,0.067621306,0.046075806,-0.38780805,-0.094974,0.39994627,-0.016047431,-0.06601028
BGLA_ASPFU,0.037313033,-0.09401756,0.20070878,0.04329129,0.21730791,-0.06308908,0.037098013,-0.029528785,-0.043301474,-0.16530068,0.17296934,-0.022019204,-0.03602698,0.048184026,0.18851647,-0.18872276,-0.03192608,-0.11774794,-0.14666176,0.1258147,0.013973263,0.01951626,0.052047867,0.010786532,0.04632441,-0.019623084,0.1394691,-0.11347561,-0.0030577306,0.11262107,0.014406268,0.23536935,0.012937981,-0.11285981,0.059860066,-0.19500701,-0.009682758,-0.019459236,-0.00436991,-0.04263677,-0.05630544,0.13482256,-0.042521685,0.05013881,-0.02870445,-0.054896455,-1.1110601,-0.060327087,-0.09081498,-0.045348607,-0.18422809,0.02525184,-0.050973706,0.17916712,-0.079695806,-0.2779559,0.25815314,-0.18411699,0.09201176,0.14765103,-0.008886563,-0.25987494,-3.9845483,-0.28728282,-0.018119479,-0.09841797,0.07955936,0.21183708,0.029992253,0.048139334,0.05878341,0.22016364,0.15596268,0.29171783,0.10734828,0.0070390785,0.046971057,0.13879924,0.003361449,-0.06752164,0.16868825,0.05196499,-0.05952864,0.2555222,0.11025903,0.029077949,0.07329529,-0.2636969,-0.07768679,0.15932357,-0.078696966,0.008723917,0.10505948,0.3562264,-0.18408808,0.009146663,-0.029888295,-0.07423642,-0.08177172,0.040931858,0.18075825,0.052418064,-0.06201511,0.06479752,-0.057918772,0.109367974,-0.16732381,-0.026855107,-0.20352678,-0.03848402,0.0031305237,0.046492066,-0.08555018,0.115271665,-0.0044120355,0.0068855872,-0.049644474,0.12669447,-0.15806046,0.005322668,-0.0654156,0.07083408,0.04850705,0.12120595,0.052252296,-0.17456862,0.009022686,-0.039154924,-0.4001225,-0.027516192,0.19099046,-0.09614326,-0.076897986,-0.18269296,0.39607617,-0.009478017,-0.23588708,0.15037407,-0.16110252,-0.17669469,-1.1620794e-05,-0.102581754,0.043655198,-0.08915496,0.075195,0.009904931,0.016376952,0.18706085,-0.19467276,0.14065032,0.009416055,0.064755104,-0.3072873,-0.22887719,0.002181924,0.07566888,-0.04468802,0.11198509,-0.016499663,-0.0056381105,-0.1174775,-0.1404009,0.24843189,-0.11912456,0.037610415,-0.1733728,0.20154284,-0.12144869,-0.034236025,0.08259642,0.2188517,-0.07844396,0.20007825,-0.034625277,0.031463213,0.16332363,0.011571095,-0.022845978,-0.04762029,0.04913468,0.21324766,-0.08240753,0.019501625,-0.042296,-0.04507661,0.23645538,-0.21038611,0.3197632,0.03442249,-0.09884284,-0.0038566263,0.09206702,0.11777703,0.115816966,-0.00841105,0.14950162,0.003134708,0.0028267866,0.11893395,0.29232365,-0.19097279,0.1418892,0.20115505,0.26121145,-0.09823525,0.16081026,-0.12975004,0.25638017,-0.07856822,-0.071745135,-0.03365108,-0.107866384,-0.1667969,-0.0023679428,0.19140126,-0.108416684,0.011467345,-0.09840766,0.06093418,0.06358023,-0.2630984,-0.054800324,0.09064734,-0.059998482,0.046902377,0.13394417,-0.1812694,-0.19925204,0.031636044,-0.08092042,0.102415055,-0.065480076,-0.030842008,0.096483104,0.15441456,0.08305349,0.055086285,-0.0730765,0.055786446,0.17814957,-0.08616612,-0.1490664,0.00064391,-0.17805016,0.030047296,-0.09293382,0.19869217,-0.008675261,0.037900247,0.03600244,-0.17665288,-0.07082476,-0.11808205,0.14264807,-0.009418547,0.28101873,-0.17184521,0.07220076,-0.022458415,-0.102261215,-0.10209906,-0.034537673,-0.044595577,-0.1812646,0.19699073,0.25752532,-0.1497041,-0.16715129,0.083288684,-0.0873021,0.09252074,0.036895093,0.123825006,-0.027831387,0.0012121347,0.0062940847,0.047126614,-0.150325,0.015147517,-0.00035329492,0.105952896,-0.12348245,0.16948989,0.119223505,0.25873348,0.33144,-0.03174701,-0.23808342,-0.08100782,0.065605536,-0.14115527,-0.020553153,0.037136264,0.1404228,0.11111941,-0.052470673,-0.11395259,-0.017767482,-0.12561646,-0.0005334701,-0.004196595,-0.008648987,0.048031084,-0.01977747,-0.07447621,-0.056044642,-0.08127376,-0.082392275,-0.13638018,-0.14745848,-0.08160273,-0.06764159,-0.055640154,0.042816654,0.14191519,-0.23716025,-0.018527126,0.27119407,0.0732617,-0.10231434
BGLA_THEMA,0.049268167,-0.2296633,0.029873239,0.1321152,0.114401616,-0.04462592,0.0611356,-0.0977837,-0.14022198,-0.06229731,0.12490443,0.052465804,-0.021474015,0.10671381,0.19858538,-0.07731535,0.05880669,0.007918807,0.050412018,0.08744427,0.0922709,-0.011822031,-0.011128709,-0.13038674,0.096207075,0.1734418,0.04811554,0.006173215,0.09047716,0.30646357,-0.07840078,0.4198033,0.035742827,-0.11845044,-0.013591743,-0.14333494,-0.086478665,0.053752154,0.08086186,0.0610346,0.12745003,0.12507115,-0.1708422,-0.042906553,-0.12966512,-0.05575337,-1.0121671,0.12361755,-0.07603438,-0.0019324763,-0.0518452,-0.009589979,-0.033443302,0.12757404,-0.109922126,-0.24209464,0.35701898,-0.12897082,0.2765337,-0.014187181,0.04158779,-0.20017245,-4.2936144,-0.20508881,0.23903902,-0.038569402,0.17692576,0.08092686,-0.052429896,-0.100678585,-0.06344692,0.2145425,0.055699546,0.419636,0.08393618,0.18500309,-0.015655996,0.067972295,-0.049682777,-0.073776044,0.055191528,0.018036675,-0.093797974,0.14464916,0.19345334,0.011402027,0.07212543,-0.3414362,0.08241049,0.11885647,-0.13219687,0.15381424,0.29407808,0.2522068,-0.1004256,0.07022061,0.04007444,-0.15655449,-0.10824772,0.0670446,0.050364703,0.070004836,-0.14817534,0.1612732,0.067110665,0.09400533,0.024602327,-0.015975324,-0.18070206,0.0032546956,-0.15459786,-0.08845372,-0.056587756,-0.13573837,-0.07827444,0.09959431,-0.081915595,0.10266166,-0.14132392,-0.19021885,0.05400527,0.11053402,0.10668923,0.099058546,0.13712236,-0.04383227,-0.0581113,-0.05737211,-0.33541337,-0.078886986,0.083058,-0.03195302,0.025474528,-0.13874778,0.29291126,0.014477296,-0.12581663,0.06420038,-0.24741367,-0.3616521,0.12481831,-0.16644499,0.121777356,-0.043303337,0.114662424,-0.13378513,0.10431317,0.17090508,-0.18949369,0.27214646,0.03655048,0.084887885,-0.29351982,-0.15351541,0.047078807,-0.02859193,-0.14811411,0.38186407,-0.054956265,-0.005423347,0.048331887,0.084704526,0.14932953,-0.057268683,-0.108212814,4.7280853e-05,0.113558486,-0.09712444,-0.11632979,0.07228856,0.061509755,0.033642143,0.24523272,-0.14902239,0.045049638,0.1922183,0.15672936,-0.037134368,-0.09712163,0.13294862,0.1438268,-0.09229679,0.07070332,-0.063806795,-0.3013565,0.31288338,-0.17942818,0.299128,0.07985411,-0.11749996,-0.06438608,0.035762746,0.22758624,0.14457975,0.006070615,-0.062512375,-0.07292141,-0.012637779,-0.017497128,0.21329395,0.043440375,0.20868094,0.03591967,0.24166033,-0.117674075,0.021918705,-0.1794863,-0.045297652,-0.010864371,-0.018840069,0.0729363,-0.051828213,-0.0032836795,0.121050045,0.16033566,-0.06094221,-0.08897578,0.14378664,-0.04562938,0.023288663,-0.19847366,0.0015926121,-0.013563062,-0.103128545,0.016374197,0.1390015,-0.24708936,-0.17467777,0.011545568,-0.1419655,0.06683921,-0.009282037,0.035021327,0.110579155,0.07223243,-0.011696996,0.07609975,0.009991186,-0.024793161,0.1974216,-0.11401332,-0.17721656,0.020472502,-0.16059287,-0.05747813,-0.17512015,0.19655909,0.03712637,-0.05692436,-0.099520795,-0.14496705,-0.026357373,-0.108858205,0.11919729,-0.047766004,0.14161094,-0.08552076,-0.01895873,-0.039098468,-0.21514593,0.00017243411,-0.25297353,-0.0075408774,-0.07730788,-0.028336193,0.24950202,-0.17488584,-0.3161631,0.0055743433,-0.06727005,-0.0069335275,0.021522095,-0.09246932,-0.05428149,0.10580136,0.07659466,0.07705563,-0.1635383,0.026269946,-0.026626697,0.06702326,-0.059149597,0.06728534,-0.09607596,0.11362664,0.28817007,-0.17654498,-0.057729993,0.050787397,0.14796717,-0.092740946,-0.15817855,0.17756642,0.14926982,0.13782515,-0.053224094,-0.09485153,0.0031069634,-0.056699216,0.034018468,-0.047840126,0.057109483,0.15037593,-0.022727128,-0.011447663,0.0398645,-0.07255684,-0.058449924,0.033442713,-0.26205724,-0.10490627,-0.018191632,-0.052700818,-0.13474211,0.08343987,-0.10389817,0.055431724,0.19223897,0.052894812,-0.1096229
