id,temp,ph,substrate,yield,kcat_base,Km_base,enzyme_type
A0A024SH20,30.0,4.0,Cellulose,0.6425,84.113,26.58,EG
A0A024SH20,30.0,5.0,Cellulose,0.8552,84.113,26.58,EG
A0A024SH20,30.0,6.0,Cellulose,0.9657,84.113,26.58,EG
A0A024SH20,30.0,7.0,Cellulose,0.9906,84.113,26.58,EG
A0A024SH20,30.0,8.0,Cellulose,0.9863,84.113,26.58,EG
A0A024SH20,40.0,4.0,Cellulose,0.8718,84.113,26.58,EG
A0A024SH20,40.0,5.0,Cellulose,0.9965,84.113,26.58,EG
A0A024SH20,40.0,6.0,Cellulose,1.0,84.113,26.58,EG
A0A024SH20,40.0,7.0,Cellulose,1.0,84.113,26.58,EG
A0A024SH20,40.0,8.0,Cellulose,1.0,84.113,26.58,EG
A0A024SH20,50.0,4.0,Cellulose,0.9613,84.113,26.58,EG
A0A024SH20,50.0,5.0,Cellulose,1.0,84.113,26.58,EG
A0A024SH20,50.0,6.0,Cellulose,1.0,84.113,26.58,EG
A0A024SH20,50.0,7.0,Cellulose,1.0,84.113,26.58,EG
A0A024SH20,50.0,8.0,Cellulose,1.0,84.113,26.58,EG
A0A024SH20,60.0,4.0,Cellulose,0.9568,84.113,26.58,EG
A0A024SH20,60.0,5.0,Cellulose,1.0,84.113,26.58,EG
A0A024SH20,60.0,6.0,Cellulose,1.0,84.113,26.58,EG
A0A024SH20,60.0,7.0,Cellulose,1.0,84.113,26.58,EG
A0A024SH20,60.0,8.0,Cellulose,1.0,84.113,26.58,EG
A0A024SH20,70.0,4.0,Cellulose,0.8516,84.113,26.58,EG
A0A024SH20,70.0,5.0,Cellulose,0.9932,84.113,26.58,EG
A0A024SH20,70.0,6.0,Cellulose,1.0,84.113,26.58,EG
A0A024SH20,70.0,7.0,Cellulose,1.0,84.113,26.58,EG
A0A024SH20,70.0,8.0,Cellulose,1.0,84.113,26.58,EG
A0A024SH20,30.0,4.0,Xylan,0.2899,84.113,26.58,EG
A0A024SH20,30.0,5.0,Xylan,0.4682,84.113,26.58,EG
A0A024SH20,30.0,6.0,Xylan,0.5987,84.113,26.58,EG
A0A024SH20,30.0,7.0,Xylan,0.6592,84.113,26.58,EG
A0A024SH20,30.0,8.0,Xylan,0.644,84.113,26.58,EG
A0A024SH20,40.0,4.0,Xylan,0.4844,84.113,26.58,EG
A0A024SH20,40.0,5.0,Xylan,0.6922,84.113,26.58,EG
A0A024SH20,40.0,6.0,Xylan,0.8295,84.113,26.58,EG
A0A024SH20,40.0,7.0,Xylan,0.8871,84.113,26.58,EG
A0A024SH20,40.0,8.0,Xylan,0.8731,84.113,26.58,EG
A0A024SH20,50.0,4.0,Xylan,0.5912,84.113,26.58,EG
A0A024SH20,50.0,5.0,Xylan,0.8047,84.113,26.58,EG
A0A024SH20,50.0,6.0,Xylan,0.9303,84.113,26.58,EG
A0A024SH20,50.0,7.0,Xylan,0.9707,84.113,26.58,EG
A0A024SH20,50.0,8.0,Xylan,0.9621,84.113,26.58,EG
A0A024SH20,60.0,4.0,Xylan,0.5842,84.113,26.58,EG
A0A024SH20,60.0,5.0,Xylan,0.7976,84.113,26.58,EG
A0A024SH20,60.0,6.0,Xylan,0.9246,84.113,26.58,EG
A0A024SH20,60.0,7.0,Xylan,0.9668,84.113,26.58,EG
A0A024SH20,60.0,8.0,Xylan,0.9577,84.113,26.58,EG
A0A024SH20,70.0,4.0,Xylan,0.4648,84.113,26.58,EG
A0A024SH20,70.0,5.0,Xylan,0.6707,84.113,26.58,EG
A0A024SH20,70.0,6.0,Xylan,0.8085,84.113,26.58,EG
A0A024SH20,70.0,7.0,Xylan,0.8673,84.113,26.58,EG
A0A024SH20,70.0,8.0,Xylan,0.853,84.113,26.58,EG
A0A024SH20,30.0,4.0,Bagasse,0.5821,84.113,26.58,EG
A0A024SH20,30.0,5.0,Bagasse,0.7955,84.113,26.58,EG
A0A024SH20,30.0,6.0,Bagasse,0.9229,84.113,26.58,EG
A0A024SH20,30.0,7.0,Bagasse,0.9656,84.113,26.58,EG
A0A024SH20,30.0,8.0,Bagasse,0.9564,84.113,26.58,EG
A0A024SH20,40.0,4.0,Bagasse,0.8129,84.113,26.58,EG
A0A024SH20,40.0,5.0,Bagasse,0.9816,84.113,26.58,EG
A0A024SH20,40.0,6.0,Bagasse,0.9999,84.113,26.58,EG
A0A024SH20,40.0,7.0,Bagasse,1.0,84.113,26.58,EG
A0A024SH20,40.0,8.0,Bagasse,1.0,84.113,26.58,EG
A0A024SH20,50.0,4.0,Bagasse,0.9167,84.113,26.58,EG
A0A024SH20,50.0,5.0,Bagasse,0.9995,84.113,26.58,EG
A0A024SH20,50.0,6.0,Bagasse,1.0,84.113,26.58,EG
A0A024SH20,50.0,7.0,Bagasse,1.0,84.113,26.58,EG
A0A024SH20,50.0,8.0,Bagasse,1.0,84.113,26.58,EG
A0A024SH20,60.0,4.0,Bagasse,0.9107,84.113,26.58,EG
A0A024SH20,60.0,5.0,Bagasse,0.9993,84.113,26.58,EG
A0A024SH20,60.0,6.0,Bagasse,1.0,84.113,26.58,EG
A0A024SH20,60.0,7.0,Bagasse,1.0,84.113,26.58,EG
A0A024SH20,60.0,8.0,Bagasse,1.0,84.113,26.58,EG
A0A024SH20,70.0,4.0,Bagasse,0.7917,84.113,26.58,EG
A0A024SH20,70.0,5.0,Bagasse,0.9718,84.113,26.58,EG
A0A024SH20,70.0,6.0,Bagasse,0.9996,84.113,26.58,EG
A0A024SH20,70.0,7.0,Bagasse,1.0,84.113,26.58,EG
A0A024SH20,70.0,8.0,Bagasse,1.0,84.113,26.58,EG
A0A024SNB7,30.0,4.0,Cellulose,1.0,277.9488,27.54,EG
A0A024SNB7,30.0,5.0,Cellulose,1.0,277.9488,27.54,EG
A0A024SNB7,30.0,6.0,Cellulose,1.0,277.9488,27.54,EG
A0A024SNB7,30.0,7.0,Cellulose,0.9906,277.9488,27.54,EG
A0A024SNB7,30.0,8.0,Cellulose,0.8431,277.9488,27.54,EG
A0A024SNB7,40.0,4.0,Cellulose,1.0,277.9488,27.54,EG
A0A024SNB7,40.0,5.0,Cellulose,1.0,277.9488,27.54,EG
A0A024SNB7,40.0,6.0,Cellulose,1.0,277.9488,27.54,EG
A0A024SNB7,40.0,7.0,Cellulose,1.0,277.9488,27.54,EG
A0A024SNB7,40.0,8.0,Cellulose,0.9929,277.9488,27.54,EG
A0A024SNB7,50.0,4.0,Cellulose,1.0,277.9488,27.54,EG
A0A024SNB7,50.0,5.0,Cellulose,1.0,277.9488,27.54,EG
A0A024SNB7,50.0,6.0,Cellulose,1.0,277.9488,27.54,EG
A0A024SNB7,50.0,7.0,Cellulose,1.0,277.9488,27.54,EG
A0A024SNB7,50.0,8.0,Cellulose,0.9999,277.9488,27.54,EG
A0A024SNB7,60.0,4.0,Cellulose,1.0,277.9488,27.54,EG
A0A024SNB7,60.0,5.0,Cellulose,1.0,277.9488,27.54,EG
A0A024SNB7,60.0,6.0,Cellulose,1.0,277.9488,27.54,EG
A0A024SNB7,60.0,7.0,Cellulose,1.0,277.9488,27.54,EG
A0A024SNB7,60.0,8.0,Cellulose,0.9998,277.9488,27.54,EG
A0A024SNB7,70.0,4.0,Cellulose,1.0,277.9488,27.54,EG
A0A024SNB7,70.0,5.0,Cellulose,1.0,277.9488,27.54,EG
A0A024SNB7,70.0,6.0,Cellulose,1.0,277.9488,27.54,EG
A0A024SNB7,70.0,7.0,Cellulose,1.0,277.9488,27.54,EG
A0A024SNB7,70.0,8.0,Cellulose,0.9801,277.9488,27.54,EG
A0A024SNB7,30.0,4.0,Xylan,0.8445,277.9488,27.54,EG
A0A024SNB7,30.0,5.0,Xylan,0.8589,277.9488,27.54,EG
A0A024SNB7,30.0,6.0,Xylan,0.8002,277.9488,27.54,EG
A0A024SNB7,30.0,7.0,Xylan,0.6637,277.9488,27.54,EG
A0A024SNB7,30.0,8.0,Xylan,0.4607,277.9488,27.54,EG
A0A024SNB7,40.0,4.0,Xylan,0.9932,277.9488,27.54,EG
A0A024SNB7,40.0,5.0,Xylan,0.9957,277.9488,27.54,EG
A0A024SNB7,40.0,6.0,Xylan,0.9795,277.9488,27.54,EG
A0A024SNB7,40.0,7.0,Xylan,0.8826,277.9488,27.54,EG
A0A024SNB7,40.0,8.0,Xylan,0.6741,277.9488,27.54,EG
A0A024SNB7,50.0,4.0,Xylan,0.9999,277.9488,27.54,EG
A0A024SNB7,50.0,5.0,Xylan,1.0,277.9488,27.54,EG
A0A024SNB7,50.0,6.0,Xylan,0.9991,277.9488,27.54,EG
A0A024SNB7,50.0,7.0,Xylan,0.9632,277.9488,27.54,EG
A0A024SNB7,50.0,8.0,Xylan,0.7785,277.9488,27.54,EG
A0A024SNB7,60.0,4.0,Xylan,0.9998,277.9488,27.54,EG
A0A024SNB7,60.0,5.0,Xylan,0.9999,277.9488,27.54,EG
A0A024SNB7,60.0,6.0,Xylan,0.9985,277.9488,27.54,EG
A0A024SNB7,60.0,7.0,Xylan,0.9545,277.9488,27.54,EG
A0A024SNB7,60.0,8.0,Xylan,0.7644,277.9488,27.54,EG
A0A024SNB7,70.0,4.0,Xylan,0.9806,277.9488,27.54,EG
A0A024SNB7,70.0,5.0,Xylan,0.9862,277.9488,27.54,EG
A0A024SNB7,70.0,6.0,Xylan,0.9569,277.9488,27.54,EG
A0A024SNB7,70.0,7.0,Xylan,0.8427,277.9488,27.54,EG
A0A024SNB7,70.0,8.0,Xylan,0.6317,277.9488,27.54,EG
A0A024SNB7,30.0,4.0,Bagasse,0.9999,277.9488,27.54,EG
A0A024SNB7,30.0,5.0,Bagasse,1.0,277.9488,27.54,EG
A0A024SNB7,30.0,6.0,Bagasse,0.9993,277.9488,27.54,EG
A0A024SNB7,30.0,7.0,Bagasse,0.9661,277.9488,27.54,EG
A0A024SNB7,30.0,8.0,Bagasse,0.7835,277.9488,27.54,EG
A0A024SNB7,40.0,4.0,Bagasse,1.0,277.9488,27.54,EG
A0A024SNB7,40.0,5.0,Bagasse,1.0,277.9488,27.54,EG
A0A024SNB7,40.0,6.0,Bagasse,1.0,277.9488,27.54,EG
A0A024SNB7,40.0,7.0,Bagasse,1.0,277.9488,27.54,EG
A0A024SNB7,40.0,8.0,Bagasse,0.9717,277.9488,27.54,EG
A0A024SNB7,50.0,4.0,Bagasse,1.0,277.9488,27.54,EG
A0A024SNB7,50.0,5.0,Bagasse,1.0,277.9488,27.54,EG
A0A024SNB7,50.0,6.0,Bagasse,1.0,277.9488,27.54,EG
A0A024SNB7,50.0,7.0,Bagasse,1.0,277.9488,27.54,EG
A0A024SNB7,50.0,8.0,Bagasse,0.9983,277.9488,27.54,EG
A0A024SNB7,60.0,4.0,Bagasse,1.0,277.9488,27.54,EG
A0A024SNB7,60.0,5.0,Bagasse,1.0,277.9488,27.54,EG
A0A024SNB7,60.0,6.0,Bagasse,1.0,277.9488,27.54,EG
A0A024SNB7,60.0,7.0,Bagasse,1.0,277.9488,27.54,EG
A0A024SNB7,60.0,8.0,Bagasse,0.9972,277.9488,27.54,EG
A0A024SNB7,70.0,4.0,Bagasse,1.0,277.9488,27.54,EG
A0A024SNB7,70.0,5.0,Bagasse,1.0,277.9488,27.54,EG
A0A024SNB7,70.0,6.0,Bagasse,1.0,277.9488,27.54,EG
A0A024SNB7,70.0,7.0,Bagasse,0.9999,277.9488,27.54,EG
A0A024SNB7,70.0,8.0,Bagasse,0.9457,277.9488,27.54,EG
A0A0U4EBH5,30.0,4.0,Cellulose,0.5056,3.5207,27.35,EG
A0A0U4EBH5,30.0,5.0,Cellulose,0.4916,3.5207,27.35,EG
A0A0U4EBH5,30.0,6.0,Cellulose,0.4107,3.5207,27.35,EG
A0A0U4EBH5,30.0,7.0,Cellulose,0.2787,3.5207,27.35,EG
A0A0U4EBH5,30.0,8.0,Cellulose,0.1334,3.5207,27.35,EG
A0A0U4EBH5,40.0,4.0,Cellulose,0.7239,3.5207,27.35,EG
A0A0U4EBH5,40.0,5.0,Cellulose,0.7087,3.5207,27.35,EG
A0A0U4EBH5,40.0,6.0,Cellulose,0.6183,3.5207,27.35,EG
A0A0U4EBH5,40.0,7.0,Cellulose,0.4609,3.5207,27.35,EG
A0A0U4EBH5,40.0,8.0,Cellulose,0.2654,3.5207,27.35,EG
A0A0U4EBH5,50.0,4.0,Cellulose,0.8285,3.5207,27.35,EG
A0A0U4EBH5,50.0,5.0,Cellulose,0.8137,3.5207,27.35,EG
A0A0U4EBH5,50.0,6.0,Cellulose,0.7232,3.5207,27.35,EG
A0A0U4EBH5,50.0,7.0,Cellulose,0.5588,3.5207,27.35,EG
A0A0U4EBH5,50.0,8.0,Cellulose,0.3445,3.5207,27.35,EG
A0A0U4EBH5,60.0,4.0,Cellulose,0.8158,3.5207,27.35,EG
A0A0U4EBH5,60.0,5.0,Cellulose,0.8009,3.5207,27.35,EG
A0A0U4EBH5,60.0,6.0,Cellulose,0.7101,3.5207,27.35,EG
A0A0U4EBH5,60.0,7.0,Cellulose,0.5463,3.5207,27.35,EG
A0A0U4EBH5,60.0,8.0,Cellulose,0.3342,3.5207,27.35,EG
A0A0U4EBH5,70.0,4.0,Cellulose,0.6847,3.5207,27.35,EG
A0A0U4EBH5,70.0,5.0,Cellulose,0.6696,3.5207,27.35,EG
A0A0U4EBH5,70.0,6.0,Cellulose,0.5802,3.5207,27.35,EG
A0A0U4EBH5,70.0,7.0,Cellulose,0.4263,3.5207,27.35,EG
A0A0U4EBH5,70.0,8.0,Cellulose,0.2387,3.5207,27.35,EG
A0A0U4EBH5,30.0,4.0,Xylan,0.1994,3.5207,27.35,EG
A0A0U4EBH5,30.0,5.0,Xylan,0.1904,3.5207,27.35,EG
A0A0U4EBH5,30.0,6.0,Xylan,0.1414,3.5207,27.35,EG
A0A0U4EBH5,30.0,7.0,Xylan,0.0744,3.5207,27.35,EG
A0A0U4EBH5,30.0,8.0,Xylan,0.0235,3.5207,27.35,EG
A0A0U4EBH5,40.0,4.0,Xylan,0.3584,3.5207,27.35,EG
A0A0U4EBH5,40.0,5.0,Xylan,0.3462,3.5207,27.35,EG
A0A0U4EBH5,40.0,6.0,Xylan,0.2772,3.5207,27.35,EG
A0A0U4EBH5,40.0,7.0,Xylan,0.1711,3.5207,27.35,EG
A0A0U4EBH5,40.0,8.0,Xylan,0.0687,3.5207,27.35,EG
A0A0U4EBH5,50.0,4.0,Xylan,0.448,3.5207,27.35,EG
A0A0U4EBH5,50.0,5.0,Xylan,0.4346,3.5207,27.35,EG
A0A0U4EBH5,50.0,6.0,Xylan,0.3578,3.5207,27.35,EG
A0A0U4EBH5,50.0,7.0,Xylan,0.2349,3.5207,27.35,EG
A0A0U4EBH5,50.0,8.0,Xylan,0.1056,3.5207,27.35,EG
A0A0U4EBH5,60.0,4.0,Xylan,0.4365,3.5207,27.35,EG
A0A0U4EBH5,60.0,5.0,Xylan,0.4232,3.5207,27.35,EG
A0A0U4EBH5,60.0,6.0,Xylan,0.3473,3.5207,27.35,EG
A0A0U4EBH5,60.0,7.0,Xylan,0.2264,3.5207,27.35,EG
A0A0U4EBH5,60.0,8.0,Xylan,0.1004,3.5207,27.35,EG
A0A0U4EBH5,70.0,4.0,Xylan,0.3273,3.5207,27.35,EG
A0A0U4EBH5,70.0,5.0,Xylan,0.3156,3.5207,27.35,EG
A0A0U4EBH5,70.0,6.0,Xylan,0.2499,3.5207,27.35,EG
A0A0U4EBH5,70.0,7.0,Xylan,0.1504,3.5207,27.35,EG
A0A0U4EBH5,70.0,8.0,Xylan,0.0578,3.5207,27.35,EG
A0A0U4EBH5,30.0,4.0,Bagasse,0.4503,3.5207,27.35,EG
A0A0U4EBH5,30.0,5.0,Bagasse,0.4369,3.5207,27.35,EG
A0A0U4EBH5,30.0,6.0,Bagasse,0.3599,3.5207,27.35,EG
A0A0U4EBH5,30.0,7.0,Bagasse,0.2367,3.5207,27.35,EG
A0A0U4EBH5,30.0,8.0,Bagasse,0.1067,3.5207,27.35,EG
A0A0U4EBH5,40.0,4.0,Bagasse,0.663,3.5207,27.35,EG
A0A0U4EBH5,40.0,5.0,Bagasse,0.648,3.5207,27.35,EG
A0A0U4EBH5,40.0,6.0,Bagasse,0.5593,3.5207,27.35,EG
A0A0U4EBH5,40.0,7.0,Bagasse,0.4075,3.5207,27.35,EG
A0A0U4EBH5,40.0,8.0,Bagasse,0.2245,3.5207,27.35,EG
A0A0U4EBH5,50.0,4.0,Bagasse,0.7685,3.5207,27.35,EG
A0A0U4EBH5,50.0,5.0,Bagasse,0.7533,3.5207,27.35,EG
A0A0U4EBH5,50.0,6.0,Bagasse,0.6623,3.5207,27.35,EG
A0A0U4EBH5,50.0,7.0,Bagasse,0.5015,3.5207,27.35,EG
A0A0U4EBH5,50.0,8.0,Bagasse,0.2976,3.5207,27.35,EG
A0A0U4EBH5,60.0,4.0,Bagasse,0.7555,3.5207,27.35,EG
A0A0U4EBH5,60.0,5.0,Bagasse,0.7403,3.5207,27.35,EG
A0A0U4EBH5,60.0,6.0,Bagasse,0.6494,3.5207,27.35,EG
A0A0U4EBH5,60.0,7.0,Bagasse,0.4895,3.5207,27.35,EG
A0A0U4EBH5,60.0,8.0,Bagasse,0.288,3.5207,27.35,EG
A0A0U4EBH5,70.0,4.0,Bagasse,0.6244,3.5207,27.35,EG
A0A0U4EBH5,70.0,5.0,Bagasse,0.6095,3.5207,27.35,EG
A0A0U4EBH5,70.0,6.0,Bagasse,0.5222,3.5207,27.35,EG
A0A0U4EBH5,70.0,7.0,Bagasse,0.3747,3.5207,27.35,EG
A0A0U4EBH5,70.0,8.0,Bagasse,0.2001,3.5207,27.35,EG
A0A8A1G1R1,30.0,4.0,Cellulose,0.1955,1.3621,27.52,EG
A0A8A1G1R1,30.0,5.0,Cellulose,0.3057,1.3621,27.52,EG
A0A8A1G1R1,30.0,6.0,Cellulose,0.3729,1.3621,27.52,EG
A0A8A1G1R1,30.0,7.0,Cellulose,0.3793,1.3621,27.52,EG
A0A8A1G1R1,30.0,8.0,Cellulose,0.3234,1.3621,27.52,EG
A0A8A1G1R1,40.0,4.0,Cellulose,0.3563,1.3621,27.52,EG
A0A8A1G1R1,40.0,5.0,Cellulose,0.4969,1.3621,27.52,EG
A0A8A1G1R1,40.0,6.0,Cellulose,0.5767,1.3621,27.52,EG
A0A8A1G1R1,40.0,7.0,Cellulose,0.5841,1.3621,27.52,EG
A0A8A1G1R1,40.0,8.0,Cellulose,0.5183,1.3621,27.52,EG
A0A8A1G1R1,50.0,4.0,Cellulose,0.4464,1.3621,27.52,EG
A0A8A1G1R1,50.0,5.0,Cellulose,0.5971,1.3621,27.52,EG
A0A8A1G1R1,50.0,6.0,Cellulose,0.6804,1.3621,27.52,EG
A0A8A1G1R1,50.0,7.0,Cellulose,0.688,1.3621,27.52,EG
A0A8A1G1R1,50.0,8.0,Cellulose,0.6196,1.3621,27.52,EG
A0A8A1G1R1,60.0,4.0,Cellulose,0.4336,1.3621,27.52,EG
A0A8A1G1R1,60.0,5.0,Cellulose,0.5832,1.3621,27.52,EG
A0A8A1G1R1,60.0,6.0,Cellulose,0.6661,1.3621,27.52,EG
A0A8A1G1R1,60.0,7.0,Cellulose,0.6737,1.3621,27.52,EG
A0A8A1G1R1,60.0,8.0,Cellulose,0.6056,1.3621,27.52,EG
A0A8A1G1R1,70.0,4.0,Cellulose,0.3219,1.3621,27.52,EG
A0A8A1G1R1,70.0,5.0,Cellulose,0.4575,1.3621,27.52,EG
A0A8A1G1R1,70.0,6.0,Cellulose,0.5354,1.3621,27.52,EG
A0A8A1G1R1,70.0,7.0,Cellulose,0.5427,1.3621,27.52,EG
A0A8A1G1R1,70.0,8.0,Cellulose,0.4784,1.3621,27.52,EG
A0A8A1G1R1,30.0,4.0,Xylan,0.0403,1.3621,27.52,EG
A0A8A1G1R1,30.0,5.0,Xylan,0.0833,1.3621,27.52,EG
A0A8A1G1R1,30.0,6.0,Xylan,0.1163,1.3621,27.52,EG
A0A8A1G1R1,30.0,7.0,Xylan,0.1197,1.3621,27.52,EG
A0A8A1G1R1,30.0,8.0,Xylan,0.0915,1.3621,27.52,EG
A0A8A1G1R1,40.0,4.0,Xylan,0.1078,1.3621,27.52,EG
A0A8A1G1R1,40.0,5.0,Xylan,0.1889,1.3621,27.52,EG
A0A8A1G1R1,40.0,6.0,Xylan,0.2426,1.3621,27.52,EG
A0A8A1G1R1,40.0,7.0,Xylan,0.2478,1.3621,27.52,EG
A0A8A1G1R1,40.0,8.0,Xylan,0.2028,1.3621,27.52,EG
A0A8A1G1R1,50.0,4.0,Xylan,0.1577,1.3621,27.52,EG
A0A8A1G1R1,50.0,5.0,Xylan,0.2571,1.3621,27.52,EG
A0A8A1G1R1,50.0,6.0,Xylan,0.3194,1.3621,27.52,EG
A0A8A1G1R1,50.0,7.0,Xylan,0.3253,1.3621,27.52,EG
A0A8A1G1R1,50.0,8.0,Xylan,0.2734,1.3621,27.52,EG
A0A8A1G1R1,60.0,4.0,Xylan,0.1502,1.3621,27.52,EG
A0A8A1G1R1,60.0,5.0,Xylan,0.2471,1.3621,27.52,EG
A0A8A1G1R1,60.0,6.0,Xylan,0.3083,1.3621,27.52,EG
A0A8A1G1R1,60.0,7.0,Xylan,0.3142,1.3621,27.52,EG
A0A8A1G1R1,60.0,8.0,Xylan,0.2632,1.3621,27.52,EG
A0A8A1G1R1,70.0,4.0,Xylan,0.0908,1.3621,27.52,EG
A0A8A1G1R1,70.0,5.0,Xylan,0.1644,1.3621,27.52,EG
A0A8A1G1R1,70.0,6.0,Xylan,0.2142,1.3621,27.52,EG
A0A8A1G1R1,70.0,7.0,Xylan,0.2191,1.3621,27.52,EG
A0A8A1G1R1,70.0,8.0,Xylan,0.1773,1.3621,27.52,EG
A0A8A1G1R1,30.0,4.0,Bagasse,0.1604,1.3621,27.52,EG
A0A8A1G1R1,30.0,5.0,Bagasse,0.2606,1.3621,27.52,EG
A0A8A1G1R1,30.0,6.0,Bagasse,0.3233,1.3621,27.52,EG
A0A8A1G1R1,30.0,7.0,Bagasse,0.3293,1.3621,27.52,EG
A0A8A1G1R1,30.0,8.0,Bagasse,0.2771,1.3621,27.52,EG
A0A8A1G1R1,40.0,4.0,Bagasse,0.3078,1.3621,27.52,EG
A0A8A1G1R1,40.0,5.0,Bagasse,0.4411,1.3621,27.52,EG
A0A8A1G1R1,40.0,6.0,Bagasse,0.5181,1.3621,27.52,EG
A0A8A1G1R1,40.0,7.0,Bagasse,0.5253,1.3621,27.52,EG
A0A8A1G1R1,40.0,8.0,Bagasse,0.4617,1.3621,27.52,EG
A0A8A1G1R1,50.0,4.0,Bagasse,0.3928,1.3621,27.52,EG
A0A8A1G1R1,50.0,5.0,Bagasse,0.538,1.3621,27.52,EG
A0A8A1G1R1,50.0,6.0,Bagasse,0.6195,1.3621,27.52,EG
A0A8A1G1R1,50.0,7.0,Bagasse,0.627,1.3621,27.52,EG
A0A8A1G1R1,50.0,8.0,Bagasse,0.5599,1.3621,27.52,EG
A0A8A1G1R1,60.0,4.0,Bagasse,0.3807,1.3621,27.52,EG
A0A8A1G1R1,60.0,5.0,Bagasse,0.5244,1.3621,27.52,EG
A0A8A1G1R1,60.0,6.0,Bagasse,0.6054,1.3621,27.52,EG
A0A8A1G1R1,60.0,7.0,Bagasse,0.6129,1.3621,27.52,EG
A0A8A1G1R1,60.0,8.0,Bagasse,0.5462,1.3621,27.52,EG
A0A8A1G1R1,70.0,4.0,Bagasse,0.2757,1.3621,27.52,EG
A0A8A1G1R1,70.0,5.0,Bagasse,0.4034,1.3621,27.52,EG
A0A8A1G1R1,70.0,6.0,Bagasse,0.4782,1.3621,27.52,EG
A0A8A1G1R1,70.0,7.0,Bagasse,0.4852,1.3621,27.52,EG
A0A8A1G1R1,70.0,8.0,Bagasse,0.4234,1.3621,27.52,EG
C0HLV0,30.0,4.0,Cellulose,0.1326,0.17,27.31,EG
C0HLV0,30.0,5.0,Cellulose,0.1256,0.17,27.31,EG
C0HLV0,30.0,6.0,Cellulose,0.0887,0.17,27.31,EG
C0HLV0,30.0,7.0,Cellulose,0.0425,0.17,27.31,EG
C0HLV0,30.0,8.0,Cellulose,0.0121,0.17,27.31,EG
C0HLV0,40.0,4.0,Cellulose,0.2641,0.17,27.31,EG
C0HLV0,40.0,5.0,Cellulose,0.2536,0.17,27.31,EG
C0HLV0,40.0,6.0,Cellulose,0.1954,0.17,27.31,EG
C0HLV0,40.0,7.0,Cellulose,0.1109,0.17,27.31,EG
C0HLV0,40.0,8.0,Cellulose,0.0388,0.17,27.31,EG
C0HLV0,50.0,4.0,Cellulose,0.343,0.17,27.31,EG
C0HLV0,50.0,5.0,Cellulose,0.3311,0.17,27.31,EG
C0HLV0,50.0,6.0,Cellulose,0.2637,0.17,27.31,EG
C0HLV0,50.0,7.0,Cellulose,0.1608,0.17,27.31,EG
C0HLV0,50.0,8.0,Cellulose,0.0633,0.17,27.31,EG
C0HLV0,60.0,4.0,Cellulose,0.3327,0.17,27.31,EG
C0HLV0,60.0,5.0,Cellulose,0.321,0.17,27.31,EG
C0HLV0,60.0,6.0,Cellulose,0.2546,0.17,27.31,EG
C0HLV0,60.0,7.0,Cellulose,0.154,0.17,27.31,EG
C0HLV0,60.0,8.0,Cellulose,0.0597,0.17,27.31,EG
C0HLV0,70.0,4.0,Cellulose,0.2375,0.17,27.31,EG
C0HLV0,70.0,5.0,Cellulose,0.2276,0.17,27.31,EG
C0HLV0,70.0,6.0,Cellulose,0.1729,0.17,27.31,EG
C0HLV0,70.0,7.0,Cellulose,0.0953,0.17,27.31,EG
C0HLV0,70.0,8.0,Cellulose,0.032,0.17,27.31,EG
C0HLV0,30.0,4.0,Xylan,0.0233,0.17,27.31,EG
C0HLV0,30.0,5.0,Xylan,0.0216,0.17,27.31,EG
C0HLV0,30.0,6.0,Xylan,0.0132,0.17,27.31,EG
C0HLV0,30.0,7.0,Xylan,0.0052,0.17,27.31,EG
C0HLV0,30.0,8.0,Xylan,0.0013,0.17,27.31,EG
C0HLV0,40.0,4.0,Xylan,0.0683,0.17,27.31,EG
C0HLV0,40.0,5.0,Xylan,0.0639,0.17,27.31,EG
C0HLV0,40.0,6.0,Xylan,0.0421,0.17,27.31,EG
C0HLV0,40.0,7.0,Xylan,0.018,0.17,27.31,EG
C0HLV0,40.0,8.0,Xylan,0.0047,0.17,27.31,EG
C0HLV0,50.0,4.0,Xylan,0.105,0.17,27.31,EG
C0HLV0,50.0,5.0,Xylan,0.099,0.17,27.31,EG
C0HLV0,50.0,6.0,Xylan,0.068,0.17,27.31,EG
C0HLV0,50.0,7.0,Xylan,0.0311,0.17,27.31,EG
C0HLV0,50.0,8.0,Xylan,0.0085,0.17,27.31,EG
C0HLV0,60.0,4.0,Xylan,0.0998,0.17,27.31,EG
C0HLV0,60.0,5.0,Xylan,0.094,0.17,27.31,EG
C0HLV0,60.0,6.0,Xylan,0.0643,0.17,27.31,EG
C0HLV0,60.0,7.0,Xylan,0.0292,0.17,27.31,EG
C0HLV0,60.0,8.0,Xylan,0.0079,0.17,27.31,EG
C0HLV0,70.0,4.0,Xylan,0.0574,0.17,27.31,EG
C0HLV0,70.0,5.0,Xylan,0.0536,0.17,27.31,EG
C0HLV0,70.0,6.0,Xylan,0.0348,0.17,27.31,EG
C0HLV0,70.0,7.0,Xylan,0.0146,0.17,27.31,EG
C0HLV0,70.0,8.0,Xylan,0.0037,0.17,27.31,EG
C0HLV0,30.0,4.0,Bagasse,0.106,0.17,27.31,EG
C0HLV0,30.0,5.0,Bagasse,0.1,0.17,27.31,EG
C0HLV0,30.0,6.0,Bagasse,0.0688,0.17,27.31,EG
C0HLV0,30.0,7.0,Bagasse,0.0315,0.17,27.31,EG
C0HLV0,30.0,8.0,Bagasse,0.0086,0.17,27.31,EG
C0HLV0,40.0,4.0,Bagasse,0.2233,0.17,27.31,EG
C0HLV0,40.0,5.0,Bagasse,0.2137,0.17,27.31,EG
C0HLV0,40.0,6.0,Bagasse,0.1611,0.17,27.31,EG
C0HLV0,40.0,7.0,Bagasse,0.0874,0.17,27.31,EG
C0HLV0,40.0,8.0,Bagasse,0.0287,0.17,27.31,EG
C0HLV0,50.0,4.0,Bagasse,0.2963,0.17,27.31,EG
C0HLV0,50.0,5.0,Bagasse,0.2851,0.17,27.31,EG
C0HLV0,50.0,6.0,Bagasse,0.2229,0.17,27.31,EG
C0HLV0,50.0,7.0,Bagasse,0.1306,0.17,27.31,EG
C0HLV0,50.0,8.0,Bagasse,0.048,0.17,27.31,EG
C0HLV0,60.0,4.0,Bagasse,0.2867,0.17,27.31,EG
C0HLV0,60.0,5.0,Bagasse,0.2757,0.17,27.31,EG
C0HLV0,60.0,6.0,Bagasse,0.2146,0.17,27.31,EG
C0HLV0,60.0,7.0,Bagasse,0.1246,0.17,27.31,EG
C0HLV0,60.0,8.0,Bagasse,0.0452,0.17,27.31,EG
C0HLV0,70.0,4.0,Bagasse,0.1991,0.17,27.31,EG
C0HLV0,70.0,5.0,Bagasse,0.1901,0.17,27.31,EG
C0HLV0,70.0,6.0,Bagasse,0.1412,0.17,27.31,EG
C0HLV0,70.0,7.0,Bagasse,0.0743,0.17,27.31,EG
C0HLV0,70.0,8.0,Bagasse,0.0235,0.17,27.31,EG
D3GDK4,30.0,4.0,Cellulose,0.328,4.2555,27.09,EG
D3GDK4,30.0,5.0,Cellulose,0.4644,4.2555,27.09,EG
D3GDK4,30.0,6.0,Cellulose,0.5426,4.2555,27.09,EG
D3GDK4,30.0,7.0,Cellulose,0.5499,4.2555,27.09,EG
D3GDK4,30.0,8.0,Cellulose,0.4853,4.2555,27.09,EG
D3GDK4,40.0,4.0,Cellulose,0.5258,4.2555,27.09,EG
D3GDK4,40.0,5.0,Cellulose,0.6826,4.2555,27.09,EG
D3GDK4,40.0,6.0,Cellulose,0.7669,4.2555,27.09,EG
D3GDK4,40.0,7.0,Cellulose,0.7745,4.2555,27.09,EG
D3GDK4,40.0,8.0,Cellulose,0.7056,4.2555,27.09,EG
D3GDK4,50.0,4.0,Cellulose,0.6299,4.2555,27.09,EG
D3GDK4,50.0,5.0,Cellulose,0.7902,4.2555,27.09,EG
D3GDK4,50.0,6.0,Cellulose,0.8713,4.2555,27.09,EG
D3GDK4,50.0,7.0,Cellulose,0.8783,4.2555,27.09,EG
D3GDK4,50.0,8.0,Cellulose,0.8128,4.2555,27.09,EG
D3GDK4,60.0,4.0,Cellulose,0.6181,4.2555,27.09,EG
D3GDK4,60.0,5.0,Cellulose,0.7783,4.2555,27.09,EG
D3GDK4,60.0,6.0,Cellulose,0.8602,4.2555,27.09,EG
D3GDK4,60.0,7.0,Cellulose,0.8673,4.2555,27.09,EG
D3GDK4,60.0,8.0,Cellulose,0.8011,4.2555,27.09,EG
D3GDK4,70.0,4.0,Cellulose,0.4924,4.2555,27.09,EG
D3GDK4,70.0,5.0,Cellulose,0.6469,4.2555,27.09,EG
D3GDK4,70.0,6.0,Cellulose,0.731,4.2555,27.09,EG
D3GDK4,70.0,7.0,Cellulose,0.7387,4.2555,27.09,EG
D3GDK4,70.0,8.0,Cellulose,0.6697,4.2555,27.09,EG
D3GDK4,30.0,4.0,Xylan,0.094,4.2555,27.09,EG
D3GDK4,30.0,5.0,Xylan,0.1689,4.2555,27.09,EG
D3GDK4,30.0,6.0,Xylan,0.2194,4.2555,27.09,EG
D3GDK4,30.0,7.0,Xylan,0.2243,4.2555,27.09,EG
D3GDK4,30.0,8.0,Xylan,0.1819,4.2555,27.09,EG
D3GDK4,40.0,4.0,Xylan,0.2081,4.2555,27.09,EG
D3GDK4,40.0,5.0,Xylan,0.3213,4.2555,27.09,EG
D3GDK4,40.0,6.0,Xylan,0.3898,4.2555,27.09,EG
D3GDK4,40.0,7.0,Xylan,0.3963,4.2555,27.09,EG
D3GDK4,40.0,8.0,Xylan,0.3394,4.2555,27.09,EG
D3GDK4,50.0,4.0,Xylan,0.2812,4.2555,27.09,EG
D3GDK4,50.0,5.0,Xylan,0.4098,4.2555,27.09,EG
D3GDK4,50.0,6.0,Xylan,0.4849,4.2555,27.09,EG
D3GDK4,50.0,7.0,Xylan,0.4919,4.2555,27.09,EG
D3GDK4,50.0,8.0,Xylan,0.4298,4.2555,27.09,EG
D3GDK4,60.0,4.0,Xylan,0.2725,4.2555,27.09,EG
D3GDK4,60.0,5.0,Xylan,0.3995,4.2555,27.09,EG
D3GDK4,60.0,6.0,Xylan,0.474,4.2555,27.09,EG
D3GDK4,60.0,7.0,Xylan,0.4809,4.2555,27.09,EG
D3GDK4,60.0,8.0,Xylan,0.4194,4.2555,27.09,EG
D3GDK4,70.0,4.0,Xylan,0.1864,4.2555,27.09,EG
D3GDK4,70.0,5.0,Xylan,0.2939,4.2555,27.09,EG
D3GDK4,70.0,6.0,Xylan,0.3599,4.2555,27.09,EG
D3GDK4,70.0,7.0,Xylan,0.3662,4.2555,27.09,EG
D3GDK4,70.0,8.0,Xylan,0.3113,4.2555,27.09,EG
D3GDK4,30.0,4.0,Bagasse,0.2814,4.2555,27.09,EG
D3GDK4,30.0,5.0,Bagasse,0.41,4.2555,27.09,EG
D3GDK4,30.0,6.0,Bagasse,0.4851,4.2555,27.09,EG
D3GDK4,30.0,7.0,Bagasse,0.4922,4.2555,27.09,EG
D3GDK4,30.0,8.0,Bagasse,0.4301,4.2555,27.09,EG
D3GDK4,40.0,4.0,Bagasse,0.469,4.2555,27.09,EG
D3GDK4,40.0,5.0,Bagasse,0.6217,4.2555,27.09,EG
D3GDK4,40.0,6.0,Bagasse,0.7054,4.2555,27.09,EG
D3GDK4,40.0,7.0,Bagasse,0.7131,4.2555,27.09,EG
D3GDK4,40.0,8.0,Bagasse,0.6443,4.2555,27.09,EG
D3GDK4,50.0,4.0,Bagasse,0.5699,4.2555,27.09,EG
D3GDK4,50.0,5.0,Bagasse,0.7289,4.2555,27.09,EG
D3GDK4,50.0,6.0,Bagasse,0.8126,4.2555,27.09,EG
D3GDK4,50.0,7.0,Bagasse,0.8201,4.2555,27.09,EG
D3GDK4,50.0,8.0,Bagasse,0.7519,4.2555,27.09,EG
D3GDK4,60.0,4.0,Bagasse,0.5584,4.2555,27.09,EG
D3GDK4,60.0,5.0,Bagasse,0.7169,4.2555,27.09,EG
D3GDK4,60.0,6.0,Bagasse,0.8009,4.2555,27.09,EG
D3GDK4,60.0,7.0,Bagasse,0.8084,4.2555,27.09,EG
D3GDK4,60.0,8.0,Bagasse,0.7399,4.2555,27.09,EG
D3GDK4,70.0,4.0,Bagasse,0.4368,4.2555,27.09,EG
D3GDK4,70.0,5.0,Bagasse,0.5866,4.2555,27.09,EG
D3GDK4,70.0,6.0,Bagasse,0.6695,4.2555,27.09,EG
D3GDK4,70.0,7.0,Bagasse,0.6772,4.2555,27.09,EG
D3GDK4,70.0,8.0,Bagasse,0.609,4.2555,27.09,EG
F4YTG7,30.0,4.0,Cellulose,0.2564,1.0,10.0,EG
F4YTG7,30.0,5.0,Cellulose,0.2797,1.0,10.0,EG
F4YTG7,30.0,6.0,Cellulose,0.2564,1.0,10.0,EG
F4YTG7,30.0,7.0,Cellulose,0.1938,1.0,10.0,EG
F4YTG7,30.0,8.0,Cellulose,0.114,1.0,10.0,EG
F4YTG7,40.0,4.0,Cellulose,0.3768,1.0,10.0,EG
F4YTG7,40.0,5.0,Cellulose,0.406,1.0,10.0,EG
F4YTG7,40.0,6.0,Cellulose,0.3768,1.0,10.0,EG
F4YTG7,40.0,7.0,Cellulose,0.2966,1.0,10.0,EG
F4YTG7,40.0,8.0,Cellulose,0.1879,1.0,10.0,EG
F4YTG7,50.0,4.0,Cellulose,0.4229,1.0,10.0,EG
F4YTG7,50.0,5.0,Cellulose,0.4538,1.0,10.0,EG
F4YTG7,50.0,6.0,Cellulose,0.4229,1.0,10.0,EG
F4YTG7,50.0,7.0,Cellulose,0.337,1.0,10.0,EG
F4YTG7,50.0,8.0,Cellulose,0.2185,1.0,10.0,EG
F4YTG7,60.0,4.0,Cellulose,0.3768,1.0,10.0,EG
F4YTG7,60.0,5.0,Cellulose,0.406,1.0,10.0,EG
F4YTG7,60.0,6.0,Cellulose,0.3768,1.0,10.0,EG
F4YTG7,60.0,7.0,Cellulose,0.2966,1.0,10.0,EG
F4YTG7,60.0,8.0,Cellulose,0.1879,1.0,10.0,EG
F4YTG7,70.0,4.0,Cellulose,0.2564,1.0,10.0,EG
F4YTG7,70.0,5.0,Cellulose,0.2797,1.0,10.0,EG
F4YTG7,70.0,6.0,Cellulose,0.2564,1.0,10.0,EG
F4YTG7,70.0,7.0,Cellulose,0.1938,1.0,10.0,EG
F4YTG7,70.0,8.0,Cellulose,0.114,1.0,10.0,EG
F4YTG7,30.0,4.0,Xylan,0.0859,1.0,10.0,EG
F4YTG7,30.0,5.0,Xylan,0.0971,1.0,10.0,EG
F4YTG7,30.0,6.0,Xylan,0.0859,1.0,10.0,EG
F4YTG7,30.0,7.0,Xylan,0.058,1.0,10.0,EG
F4YTG7,30.0,8.0,Xylan,0.0274,1.0,10.0,EG
F4YTG7,40.0,4.0,Xylan,0.1475,1.0,10.0,EG
F4YTG7,40.0,5.0,Xylan,0.1638,1.0,10.0,EG
F4YTG7,40.0,6.0,Xylan,0.1475,1.0,10.0,EG
F4YTG7,40.0,7.0,Xylan,0.1054,1.0,10.0,EG
F4YTG7,40.0,8.0,Xylan,0.0555,1.0,10.0,EG
F4YTG7,50.0,4.0,Xylan,0.1735,1.0,10.0,EG
F4YTG7,50.0,5.0,Xylan,0.1917,1.0,10.0,EG
F4YTG7,50.0,6.0,Xylan,0.1735,1.0,10.0,EG
F4YTG7,50.0,7.0,Xylan,0.126,1.0,10.0,EG
F4YTG7,50.0,8.0,Xylan,0.0687,1.0,10.0,EG
F4YTG7,60.0,4.0,Xylan,0.1475,1.0,10.0,EG
F4YTG7,60.0,5.0,Xylan,0.1638,1.0,10.0,EG
F4YTG7,60.0,6.0,Xylan,0.1475,1.0,10.0,EG
F4YTG7,60.0,7.0,Xylan,0.1054,1.0,10.0,EG
F4YTG7,60.0,8.0,Xylan,0.0555,1.0,10.0,EG
F4YTG7,70.0,4.0,Xylan,0.0859,1.0,10.0,EG
F4YTG7,70.0,5.0,Xylan,0.0971,1.0,10.0,EG
F4YTG7,70.0,6.0,Xylan,0.0859,1.0,10.0,EG
F4YTG7,70.0,7.0,Xylan,0.058,1.0,10.0,EG
F4YTG7,70.0,8.0,Xylan,0.0274,1.0,10.0,EG
F4YTG7,30.0,4.0,Bagasse,0.2215,1.0,10.0,EG
F4YTG7,30.0,5.0,Bagasse,0.2428,1.0,10.0,EG
F4YTG7,30.0,6.0,Bagasse,0.2215,1.0,10.0,EG
F4YTG7,30.0,7.0,Bagasse,0.165,1.0,10.0,EG
F4YTG7,30.0,8.0,Bagasse,0.0943,1.0,10.0,EG
F4YTG7,40.0,4.0,Bagasse,0.3325,1.0,10.0,EG
F4YTG7,40.0,5.0,Bagasse,0.3597,1.0,10.0,EG
F4YTG7,40.0,6.0,Bagasse,0.3325,1.0,10.0,EG
F4YTG7,40.0,7.0,Bagasse,0.2582,1.0,10.0,EG
F4YTG7,40.0,8.0,Bagasse,0.1597,1.0,10.0,EG
F4YTG7,50.0,4.0,Bagasse,0.3756,1.0,10.0,EG
F4YTG7,50.0,5.0,Bagasse,0.4047,1.0,10.0,EG
F4YTG7,50.0,6.0,Bagasse,0.3756,1.0,10.0,EG
F4YTG7,50.0,7.0,Bagasse,0.2955,1.0,10.0,EG
F4YTG7,50.0,8.0,Bagasse,0.1872,1.0,10.0,EG
F4YTG7,60.0,4.0,Bagasse,0.3325,1.0,10.0,EG
F4YTG7,60.0,5.0,Bagasse,0.3597,1.0,10.0,EG
F4YTG7,60.0,6.0,Bagasse,0.3325,1.0,10.0,EG
F4YTG7,60.0,7.0,Bagasse,0.2582,1.0,10.0,EG
F4YTG7,60.0,8.0,Bagasse,0.1597,1.0,10.0,EG
F4YTG7,70.0,4.0,Bagasse,0.2215,1.0,10.0,EG
F4YTG7,70.0,5.0,Bagasse,0.2428,1.0,10.0,EG
F4YTG7,70.0,6.0,Bagasse,0.2215,1.0,10.0,EG
F4YTG7,70.0,7.0,Bagasse,0.165,1.0,10.0,EG
F4YTG7,70.0,8.0,Bagasse,0.0943,1.0,10.0,EG
G2QCS4,30.0,4.0,Cellulose,0.9176,141.8442,27.71,EG
G2QCS4,30.0,5.0,Cellulose,0.995,141.8442,27.71,EG
G2QCS4,30.0,6.0,Cellulose,0.9997,141.8442,27.71,EG
G2QCS4,30.0,7.0,Cellulose,0.9997,141.8442,27.71,EG
G2QCS4,30.0,8.0,Cellulose,0.995,141.8442,27.71,EG
G2QCS4,40.0,4.0,Cellulose,0.9997,141.8442,27.71,EG
G2QCS4,40.0,5.0,Cellulose,1.0,141.8442,27.71,EG
G2QCS4,40.0,6.0,Cellulose,1.0,141.8442,27.71,EG
G2QCS4,40.0,7.0,Cellulose,1.0,141.8442,27.71,EG
G2QCS4,40.0,8.0,Cellulose,1.0,141.8442,27.71,EG
G2QCS4,50.0,4.0,Cellulose,1.0,141.8442,27.71,EG
G2QCS4,50.0,5.0,Cellulose,1.0,141.8442,27.71,EG
G2QCS4,50.0,6.0,Cellulose,1.0,141.8442,27.71,EG
G2QCS4,50.0,7.0,Cellulose,1.0,141.8442,27.71,EG
G2QCS4,50.0,8.0,Cellulose,1.0,141.8442,27.71,EG
G2QCS4,60.0,4.0,Cellulose,1.0,141.8442,27.71,EG
G2QCS4,60.0,5.0,Cellulose,1.0,141.8442,27.71,EG
G2QCS4,60.0,6.0,Cellulose,1.0,141.8442,27.71,EG
G2QCS4,60.0,7.0,Cellulose,1.0,141.8442,27.71,EG
G2QCS4,60.0,8.0,Cellulose,1.0,141.8442,27.71,EG
G2QCS4,70.0,4.0,Cellulose,0.9977,141.8442,27.71,EG
G2QCS4,70.0,5.0,Cellulose,1.0,141.8442,27.71,EG
G2QCS4,70.0,6.0,Cellulose,1.0,141.8442,27.71,EG
G2QCS4,70.0,7.0,Cellulose,1.0,141.8442,27.71,EG
G2QCS4,70.0,8.0,Cellulose,1.0,141.8442,27.71,EG
G2QCS4,30.0,4.0,Xylan,0.5346,141.8442,27.71,EG
G2QCS4,30.0,5.0,Xylan,0.6843,141.8442,27.71,EG
G2QCS4,30.0,6.0,Xylan,0.7608,141.8442,27.71,EG
G2QCS4,30.0,7.0,Xylan,0.7608,141.8442,27.71,EG
G2QCS4,30.0,8.0,Xylan,0.6843,141.8442,27.71,EG
G2QCS4,40.0,4.0,Xylan,0.7549,141.8442,27.71,EG
G2QCS4,40.0,5.0,Xylan,0.9009,141.8442,27.71,EG
G2QCS4,40.0,6.0,Xylan,0.9587,141.8442,27.71,EG
G2QCS4,40.0,7.0,Xylan,0.9587,141.8442,27.71,EG
G2QCS4,40.0,8.0,Xylan,0.9009,141.8442,27.71,EG
G2QCS4,50.0,4.0,Xylan,0.8565,141.8442,27.71,EG
G2QCS4,50.0,5.0,Xylan,0.9738,141.8442,27.71,EG
G2QCS4,50.0,6.0,Xylan,0.9961,141.8442,27.71,EG
G2QCS4,50.0,7.0,Xylan,0.9961,141.8442,27.71,EG
G2QCS4,50.0,8.0,Xylan,0.9738,141.8442,27.71,EG
G2QCS4,60.0,4.0,Xylan,0.8418,141.8442,27.71,EG
G2QCS4,60.0,5.0,Xylan,0.9657,141.8442,27.71,EG
G2QCS4,60.0,6.0,Xylan,0.9937,141.8442,27.71,EG
G2QCS4,60.0,7.0,Xylan,0.9937,141.8442,27.71,EG
G2QCS4,60.0,8.0,Xylan,0.9657,141.8442,27.71,EG
G2QCS4,70.0,4.0,Xylan,0.7082,141.8442,27.71,EG
G2QCS4,70.0,5.0,Xylan,0.8588,141.8442,27.71,EG
G2QCS4,70.0,6.0,Xylan,0.9257,141.8442,27.71,EG
G2QCS4,70.0,7.0,Xylan,0.9257,141.8442,27.71,EG
G2QCS4,70.0,8.0,Xylan,0.8588,141.8442,27.71,EG
G2QCS4,30.0,4.0,Bagasse,0.8635,141.8442,27.71,EG
G2QCS4,30.0,5.0,Bagasse,0.9773,141.8442,27.71,EG
G2QCS4,30.0,6.0,Bagasse,0.9969,141.8442,27.71,EG
G2QCS4,30.0,7.0,Bagasse,0.9969,141.8442,27.71,EG
G2QCS4,30.0,8.0,Bagasse,0.9773,141.8442,27.71,EG
G2QCS4,40.0,4.0,Bagasse,0.9963,141.8442,27.71,EG
G2QCS4,40.0,5.0,Bagasse,1.0,141.8442,27.71,EG
G2QCS4,40.0,6.0,Bagasse,1.0,141.8442,27.71,EG
G2QCS4,40.0,7.0,Bagasse,1.0,141.8442,27.71,EG
G2QCS4,40.0,8.0,Bagasse,1.0,141.8442,27.71,EG
G2QCS4,50.0,4.0,Bagasse,1.0,141.8442,27.71,EG
G2QCS4,50.0,5.0,Bagasse,1.0,141.8442,27.71,EG
G2QCS4,50.0,6.0,Bagasse,1.0,141.8442,27.71,EG
G2QCS4,50.0,7.0,Bagasse,1.0,141.8442,27.71,EG
G2QCS4,50.0,8.0,Bagasse,1.0,141.8442,27.71,EG
G2QCS4,60.0,4.0,Bagasse,0.9999,141.8442,27.71,EG
G2QCS4,60.0,5.0,Bagasse,1.0,141.8442,27.71,EG
G2QCS4,60.0,6.0,Bagasse,1.0,141.8442,27.71,EG
G2QCS4,60.0,7.0,Bagasse,1.0,141.8442,27.71,EG
G2QCS4,60.0,8.0,Bagasse,1.0,141.8442,27.71,EG
G2QCS4,70.0,4.0,Bagasse,0.9864,141.8442,27.71,EG
G2QCS4,70.0,5.0,Bagasse,1.0,141.8442,27.71,EG
G2QCS4,70.0,6.0,Bagasse,1.0,141.8442,27.71,EG
G2QCS4,70.0,7.0,Bagasse,1.0,141.8442,27.71,EG
G2QCS4,70.0,8.0,Bagasse,1.0,141.8442,27.71,EG
G4NK46,30.0,4.0,Cellulose,0.8534,31.9106,26.62,EG
G4NK46,30.0,5.0,Cellulose,0.8606,31.9106,26.62,EG
G4NK46,30.0,6.0,Cellulose,0.7943,31.9106,26.62,EG
G4NK46,30.0,7.0,Cellulose,0.6502,31.9106,26.62,EG
G4NK46,30.0,8.0,Cellulose,0.4423,31.9106,26.62,EG
G4NK46,40.0,4.0,Cellulose,0.996,31.9106,26.62,EG
G4NK46,40.0,5.0,Cellulose,0.9969,31.9106,26.62,EG
G4NK46,40.0,6.0,Cellulose,0.98,31.9106,26.62,EG
G4NK46,40.0,7.0,Cellulose,0.8758,31.9106,26.62,EG
G4NK46,40.0,8.0,Cellulose,0.659,31.9106,26.62,EG
G4NK46,50.0,4.0,Cellulose,1.0,31.9106,26.62,EG
G4NK46,50.0,5.0,Cellulose,1.0,31.9106,26.62,EG
G4NK46,50.0,6.0,Cellulose,0.9994,31.9106,26.62,EG
G4NK46,50.0,7.0,Cellulose,0.9628,31.9106,26.62,EG
G4NK46,50.0,8.0,Cellulose,0.7693,31.9106,26.62,EG
G4NK46,60.0,4.0,Cellulose,1.0,31.9106,26.62,EG
G4NK46,60.0,5.0,Cellulose,1.0,31.9106,26.62,EG
G4NK46,60.0,6.0,Cellulose,0.9991,31.9106,26.62,EG
G4NK46,60.0,7.0,Cellulose,0.9577,31.9106,26.62,EG
G4NK46,60.0,8.0,Cellulose,0.761,31.9106,26.62,EG
G4NK46,70.0,4.0,Cellulose,0.9915,31.9106,26.62,EG
G4NK46,70.0,5.0,Cellulose,0.9931,31.9106,26.62,EG
G4NK46,70.0,6.0,Cellulose,0.9679,31.9106,26.62,EG
G4NK46,70.0,7.0,Cellulose,0.8525,31.9106,26.62,EG
G4NK46,70.0,8.0,Cellulose,0.6343,31.9106,26.62,EG
G4NK46,30.0,4.0,Xylan,0.4708,31.9106,26.62,EG
G4NK46,30.0,5.0,Xylan,0.4776,31.9106,26.62,EG
G4NK46,30.0,6.0,Xylan,0.4171,31.9106,26.62,EG
G4NK46,30.0,7.0,Xylan,0.3008,31.9106,26.62,EG
G4NK46,30.0,8.0,Xylan,0.1599,31.9106,26.62,EG
G4NK46,40.0,4.0,Xylan,0.6907,31.9106,26.62,EG
G4NK46,40.0,5.0,Xylan,0.6983,31.9106,26.62,EG
G4NK46,40.0,6.0,Xylan,0.6303,31.9106,26.62,EG
G4NK46,40.0,7.0,Xylan,0.4926,31.9106,26.62,EG
G4NK46,40.0,8.0,Xylan,0.3074,31.9106,26.62,EG
G4NK46,50.0,4.0,Xylan,0.8009,31.9106,26.62,EG
G4NK46,50.0,5.0,Xylan,0.8084,31.9106,26.62,EG
G4NK46,50.0,6.0,Xylan,0.7404,31.9106,26.62,EG
G4NK46,50.0,7.0,Xylan,0.5971,31.9106,26.62,EG
G4NK46,50.0,8.0,Xylan,0.3956,31.9106,26.62,EG
G4NK46,60.0,4.0,Xylan,0.7927,31.9106,26.62,EG
G4NK46,60.0,5.0,Xylan,0.8002,31.9106,26.62,EG
G4NK46,60.0,6.0,Xylan,0.732,31.9106,26.62,EG
G4NK46,60.0,7.0,Xylan,0.589,31.9106,26.62,EG
G4NK46,60.0,8.0,Xylan,0.3887,31.9106,26.62,EG
G4NK46,70.0,4.0,Xylan,0.6658,31.9106,26.62,EG
G4NK46,70.0,5.0,Xylan,0.6734,31.9106,26.62,EG
G4NK46,70.0,6.0,Xylan,0.6059,31.9106,26.62,EG
G4NK46,70.0,7.0,Xylan,0.4699,31.9106,26.62,EG
G4NK46,70.0,8.0,Xylan,0.2889,31.9106,26.62,EG
G4NK46,30.0,4.0,Bagasse,0.7941,31.9106,26.62,EG
G4NK46,30.0,5.0,Bagasse,0.8016,31.9106,26.62,EG
G4NK46,30.0,6.0,Bagasse,0.7335,31.9106,26.62,EG
G4NK46,30.0,7.0,Bagasse,0.5904,31.9106,26.62,EG
G4NK46,30.0,8.0,Bagasse,0.3899,31.9106,26.62,EG
G4NK46,40.0,4.0,Bagasse,0.9799,31.9106,26.62,EG
G4NK46,40.0,5.0,Bagasse,0.9829,31.9106,26.62,EG
G4NK46,40.0,6.0,Bagasse,0.9451,31.9106,26.62,EG
G4NK46,40.0,7.0,Bagasse,0.8177,31.9106,26.62,EG
G4NK46,40.0,8.0,Bagasse,0.599,31.9106,26.62,EG
G4NK46,50.0,4.0,Bagasse,0.9994,31.9106,26.62,EG
G4NK46,50.0,5.0,Bagasse,0.9996,31.9106,26.62,EG
G4NK46,50.0,6.0,Bagasse,0.9942,31.9106,26.62,EG
G4NK46,50.0,7.0,Bagasse,0.919,31.9106,26.62,EG
G4NK46,50.0,8.0,Bagasse,0.7083,31.9106,26.62,EG
G4NK46,60.0,4.0,Bagasse,0.9991,31.9106,26.62,EG
G4NK46,60.0,5.0,Bagasse,0.9994,31.9106,26.62,EG
G4NK46,60.0,6.0,Bagasse,0.9927,31.9106,26.62,EG
G4NK46,60.0,7.0,Bagasse,0.9121,31.9106,26.62,EG
G4NK46,60.0,8.0,Bagasse,0.7,31.9106,26.62,EG
G4NK46,70.0,4.0,Bagasse,0.9678,31.9106,26.62,EG
G4NK46,70.0,5.0,Bagasse,0.9718,31.9106,26.62,EG
G4NK46,70.0,6.0,Bagasse,0.9263,31.9106,26.62,EG
G4NK46,70.0,7.0,Bagasse,0.7932,31.9106,26.62,EG
G4NK46,70.0,8.0,Bagasse,0.5748,31.9106,26.62,EG
O04478,30.0,4.0,Cellulose,0.4481,45.5544,28.11,EG
O04478,30.0,5.0,Cellulose,0.6917,45.5544,28.11,EG
O04478,30.0,6.0,Cellulose,0.8654,45.5544,28.11,EG
O04478,30.0,7.0,Cellulose,0.948,45.5544,28.11,EG
O04478,30.0,8.0,Cellulose,0.9626,45.5544,28.11,EG
O04478,40.0,4.0,Cellulose,0.6591,45.5544,28.11,EG
O04478,40.0,5.0,Cellulose,0.9048,45.5544,28.11,EG
O04478,40.0,6.0,Cellulose,0.996,45.5544,28.11,EG
O04478,40.0,7.0,Cellulose,1.0,45.5544,28.11,EG
O04478,40.0,8.0,Cellulose,1.0,45.5544,28.11,EG
O04478,50.0,4.0,Cellulose,0.76,45.5544,28.11,EG
O04478,50.0,5.0,Cellulose,0.9743,45.5544,28.11,EG
O04478,50.0,6.0,Cellulose,1.0,45.5544,28.11,EG
O04478,50.0,7.0,Cellulose,1.0,45.5544,28.11,EG
O04478,50.0,8.0,Cellulose,1.0,45.5544,28.11,EG
O04478,60.0,4.0,Cellulose,0.7408,45.5544,28.11,EG
O04478,60.0,5.0,Cellulose,0.9642,45.5544,28.11,EG
O04478,60.0,6.0,Cellulose,0.9999,45.5544,28.11,EG
O04478,60.0,7.0,Cellulose,1.0,45.5544,28.11,EG
O04478,60.0,8.0,Cellulose,1.0,45.5544,28.11,EG
O04478,70.0,4.0,Cellulose,0.6021,45.5544,28.11,EG
O04478,70.0,5.0,Cellulose,0.8529,45.5544,28.11,EG
O04478,70.0,6.0,Cellulose,0.9821,45.5544,28.11,EG
O04478,70.0,7.0,Cellulose,0.9992,45.5544,28.11,EG
O04478,70.0,8.0,Cellulose,0.9997,45.5544,28.11,EG
O04478,30.0,4.0,Xylan,0.1562,45.5544,28.11,EG
O04478,30.0,5.0,Xylan,0.3257,45.5544,28.11,EG
O04478,30.0,6.0,Xylan,0.4773,45.5544,28.11,EG
O04478,30.0,7.0,Xylan,0.5717,45.5544,28.11,EG
O04478,30.0,8.0,Xylan,0.5942,45.5544,28.11,EG
O04478,40.0,4.0,Xylan,0.3003,45.5544,28.11,EG
O04478,40.0,5.0,Xylan,0.5185,45.5544,28.11,EG
O04478,40.0,6.0,Xylan,0.6913,45.5544,28.11,EG
O04478,40.0,7.0,Xylan,0.791,45.5544,28.11,EG
O04478,40.0,8.0,Xylan,0.8137,45.5544,28.11,EG
O04478,50.0,4.0,Xylan,0.3815,45.5544,28.11,EG
O04478,50.0,5.0,Xylan,0.6158,45.5544,28.11,EG
O04478,50.0,6.0,Xylan,0.792,45.5544,28.11,EG
O04478,50.0,7.0,Xylan,0.8869,45.5544,28.11,EG
O04478,50.0,8.0,Xylan,0.9069,45.5544,28.11,EG
O04478,60.0,4.0,Xylan,0.3654,45.5544,28.11,EG
O04478,60.0,5.0,Xylan,0.597,45.5544,28.11,EG
O04478,60.0,6.0,Xylan,0.7729,45.5544,28.11,EG
O04478,60.0,7.0,Xylan,0.8695,45.5544,28.11,EG
O04478,60.0,8.0,Xylan,0.8903,45.5544,28.11,EG
O04478,70.0,4.0,Xylan,0.2579,45.5544,28.11,EG
O04478,70.0,5.0,Xylan,0.465,45.5544,28.11,EG
O04478,70.0,6.0,Xylan,0.6338,45.5544,28.11,EG
O04478,70.0,7.0,Xylan,0.7336,45.5544,28.11,EG
O04478,70.0,8.0,Xylan,0.7567,45.5544,28.11,EG
O04478,30.0,4.0,Bagasse,0.3939,45.5544,28.11,EG
O04478,30.0,5.0,Bagasse,0.6303,45.5544,28.11,EG
O04478,30.0,6.0,Bagasse,0.8064,45.5544,28.11,EG
O04478,30.0,7.0,Bagasse,0.8997,45.5544,28.11,EG
O04478,30.0,8.0,Bagasse,0.919,45.5544,28.11,EG
O04478,40.0,4.0,Bagasse,0.5982,45.5544,28.11,EG
O04478,40.0,5.0,Bagasse,0.8491,45.5544,28.11,EG
O04478,40.0,6.0,Bagasse,0.9805,45.5544,28.11,EG
O04478,40.0,7.0,Bagasse,0.999,45.5544,28.11,EG
O04478,40.0,8.0,Bagasse,0.9996,45.5544,28.11,EG
O04478,50.0,4.0,Bagasse,0.6982,45.5544,28.11,EG
O04478,50.0,5.0,Bagasse,0.9362,45.5544,28.11,EG
O04478,50.0,6.0,Bagasse,0.999,45.5544,28.11,EG
O04478,50.0,7.0,Bagasse,1.0,45.5544,28.11,EG
O04478,50.0,8.0,Bagasse,1.0,45.5544,28.11,EG
O04478,60.0,4.0,Bagasse,0.679,45.5544,28.11,EG
O04478,60.0,5.0,Bagasse,0.9214,45.5544,28.11,EG
O04478,60.0,6.0,Bagasse,0.998,45.5544,28.11,EG
O04478,60.0,7.0,Bagasse,1.0,45.5544,28.11,EG
O04478,60.0,8.0,Bagasse,1.0,45.5544,28.11,EG
O04478,70.0,4.0,Bagasse,0.5424,45.5544,28.11,EG
O04478,70.0,5.0,Bagasse,0.7932,45.5544,28.11,EG
O04478,70.0,6.0,Bagasse,0.9491,45.5544,28.11,EG
O04478,70.0,7.0,Bagasse,0.993,45.5544,28.11,EG
O04478,70.0,8.0,Bagasse,0.9965,45.5544,28.11,EG
O08342,30.0,4.0,Cellulose,0.7202,28.8701,27.75,EG
O08342,30.0,5.0,Cellulose,0.841,28.8701,27.75,EG
O08342,30.0,6.0,Cellulose,0.8837,28.8701,27.75,EG
O08342,30.0,7.0,Cellulose,0.8555,28.8701,27.75,EG
O08342,30.0,8.0,Cellulose,0.7508,28.8701,27.75,EG
O08342,40.0,4.0,Cellulose,0.9301,28.8701,27.75,EG
O08342,40.0,5.0,Cellulose,0.9923,28.8701,27.75,EG
O08342,40.0,6.0,Cellulose,0.9982,28.8701,27.75,EG
O08342,40.0,7.0,Cellulose,0.9951,28.8701,27.75,EG
O08342,40.0,8.0,Cellulose,0.9521,28.8701,27.75,EG
O08342,50.0,4.0,Cellulose,0.9876,28.8701,27.75,EG
O08342,50.0,5.0,Cellulose,0.9999,28.8701,27.75,EG
O08342,50.0,6.0,Cellulose,1.0,28.8701,27.75,EG
O08342,50.0,7.0,Cellulose,0.9999,28.8701,27.75,EG
O08342,50.0,8.0,Cellulose,0.9946,28.8701,27.75,EG
O08342,60.0,4.0,Cellulose,0.9824,28.8701,27.75,EG
O08342,60.0,5.0,Cellulose,0.9997,28.8701,27.75,EG
O08342,60.0,6.0,Cellulose,1.0,28.8701,27.75,EG
O08342,60.0,7.0,Cellulose,0.9999,28.8701,27.75,EG
O08342,60.0,8.0,Cellulose,0.9916,28.8701,27.75,EG
O08342,70.0,4.0,Cellulose,0.8914,28.8701,27.75,EG
O08342,70.0,5.0,Cellulose,0.9772,28.8701,27.75,EG
O08342,70.0,6.0,Cellulose,0.9922,28.8701,27.75,EG
O08342,70.0,7.0,Cellulose,0.9834,28.8701,27.75,EG
O08342,70.0,8.0,Cellulose,0.9174,28.8701,27.75,EG
O08342,30.0,4.0,Xylan,0.3518,28.8701,27.75,EG
O08342,30.0,5.0,Xylan,0.4565,28.8701,27.75,EG
O08342,30.0,6.0,Xylan,0.4984,28.8701,27.75,EG
O08342,30.0,7.0,Xylan,0.4703,28.8701,27.75,EG
O08342,30.0,8.0,Xylan,0.3769,28.8701,27.75,EG
O08342,40.0,4.0,Xylan,0.5503,28.8701,27.75,EG
O08342,40.0,5.0,Xylan,0.6699,28.8701,27.75,EG
O08342,40.0,6.0,Xylan,0.7157,28.8701,27.75,EG
O08342,40.0,7.0,Xylan,0.6852,28.8701,27.75,EG
O08342,40.0,8.0,Xylan,0.5797,28.8701,27.75,EG
O08342,50.0,4.0,Xylan,0.6516,28.8701,27.75,EG
O08342,50.0,5.0,Xylan,0.7737,28.8701,27.75,EG
O08342,50.0,6.0,Xylan,0.8189,28.8701,27.75,EG
O08342,50.0,7.0,Xylan,0.7889,28.8701,27.75,EG
O08342,50.0,8.0,Xylan,0.6821,28.8701,27.75,EG
O08342,60.0,4.0,Xylan,0.6363,28.8701,27.75,EG
O08342,60.0,5.0,Xylan,0.7583,28.8701,27.75,EG
O08342,60.0,6.0,Xylan,0.8037,28.8701,27.75,EG
O08342,60.0,7.0,Xylan,0.7735,28.8701,27.75,EG
O08342,60.0,8.0,Xylan,0.6666,28.8701,27.75,EG
O08342,70.0,4.0,Xylan,0.5064,28.8701,27.75,EG
O08342,70.0,5.0,Xylan,0.6238,28.8701,27.75,EG
O08342,70.0,6.0,Xylan,0.6692,28.8701,27.75,EG
O08342,70.0,7.0,Xylan,0.6389,28.8701,27.75,EG
O08342,70.0,8.0,Xylan,0.5351,28.8701,27.75,EG
O08342,30.0,4.0,Bagasse,0.659,28.8701,27.75,EG
O08342,30.0,5.0,Bagasse,0.7811,28.8701,27.75,EG
O08342,30.0,6.0,Bagasse,0.8261,28.8701,27.75,EG
O08342,30.0,7.0,Bagasse,0.7962,28.8701,27.75,EG
O08342,30.0,8.0,Bagasse,0.6895,28.8701,27.75,EG
O08342,40.0,4.0,Bagasse,0.8781,28.8701,27.75,EG
O08342,40.0,5.0,Bagasse,0.9701,28.8701,27.75,EG
O08342,40.0,6.0,Bagasse,0.9885,28.8701,27.75,EG
O08342,40.0,7.0,Bagasse,0.9774,28.8701,27.75,EG
O08342,40.0,8.0,Bagasse,0.9051,28.8701,27.75,EG
O08342,50.0,4.0,Bagasse,0.9597,28.8701,27.75,EG
O08342,50.0,5.0,Bagasse,0.998,28.8701,27.75,EG
O08342,50.0,6.0,Bagasse,0.9997,28.8701,27.75,EG
O08342,50.0,7.0,Bagasse,0.9989,28.8701,27.75,EG
O08342,50.0,8.0,Bagasse,0.9761,28.8701,27.75,EG
O08342,60.0,4.0,Bagasse,0.9497,28.8701,27.75,EG
O08342,60.0,5.0,Bagasse,0.9966,28.8701,27.75,EG
O08342,60.0,6.0,Bagasse,0.9994,28.8701,27.75,EG
O08342,60.0,7.0,Bagasse,0.998,28.8701,27.75,EG
O08342,60.0,8.0,Bagasse,0.9683,28.8701,27.75,EG
O08342,70.0,4.0,Bagasse,0.8344,28.8701,27.75,EG
O08342,70.0,5.0,Bagasse,0.9409,28.8701,27.75,EG
O08342,70.0,6.0,Bagasse,0.9697,28.8701,27.75,EG
O08342,70.0,7.0,Bagasse,0.9515,28.8701,27.75,EG
O08342,70.0,8.0,Bagasse,0.8634,28.8701,27.75,EG
O85465,30.0,4.0,Cellulose,0.6754,94.357,28.39,EG
O85465,30.0,5.0,Cellulose,0.8921,94.357,28.39,EG
O85465,30.0,6.0,Cellulose,0.9862,94.357,28.39,EG
O85465,30.0,7.0,Cellulose,0.9982,94.357,28.39,EG
O85465,30.0,8.0,Cellulose,0.9976,94.357,28.39,EG
O85465,40.0,4.0,Cellulose,0.8893,94.357,28.39,EG
O85465,40.0,5.0,Cellulose,0.9985,94.357,28.39,EG
O85465,40.0,6.0,Cellulose,1.0,94.357,28.39,EG
O85465,40.0,7.0,Cellulose,1.0,94.357,28.39,EG
O85465,40.0,8.0,Cellulose,1.0,94.357,28.39,EG
O85465,50.0,4.0,Cellulose,0.9642,94.357,28.39,EG
O85465,50.0,5.0,Cellulose,1.0,94.357,28.39,EG
O85465,50.0,6.0,Cellulose,1.0,94.357,28.39,EG
O85465,50.0,7.0,Cellulose,1.0,94.357,28.39,EG
O85465,50.0,8.0,Cellulose,1.0,94.357,28.39,EG
O85465,60.0,4.0,Cellulose,0.9517,94.357,28.39,EG
O85465,60.0,5.0,Cellulose,1.0,94.357,28.39,EG
O85465,60.0,6.0,Cellulose,1.0,94.357,28.39,EG
O85465,60.0,7.0,Cellulose,1.0,94.357,28.39,EG
O85465,60.0,8.0,Cellulose,1.0,94.357,28.39,EG
O85465,70.0,4.0,Cellulose,0.8326,94.357,28.39,EG
O85465,70.0,5.0,Cellulose,0.9898,94.357,28.39,EG
O85465,70.0,6.0,Cellulose,1.0,94.357,28.39,EG
O85465,70.0,7.0,Cellulose,1.0,94.357,28.39,EG
O85465,70.0,8.0,Cellulose,1.0,94.357,28.39,EG
O85465,30.0,4.0,Xylan,0.3134,94.357,28.39,EG
O85465,30.0,5.0,Xylan,0.5052,94.357,28.39,EG
O85465,30.0,6.0,Xylan,0.6463,94.357,28.39,EG
O85465,30.0,7.0,Xylan,0.7153,94.357,28.39,EG
O85465,30.0,8.0,Xylan,0.7076,94.357,28.39,EG
O85465,40.0,4.0,Xylan,0.5023,94.357,28.39,EG
O85465,40.0,5.0,Xylan,0.7199,94.357,28.39,EG
O85465,40.0,6.0,Xylan,0.8628,94.357,28.39,EG
O85465,40.0,7.0,Xylan,0.9229,94.357,28.39,EG
O85465,40.0,8.0,Xylan,0.9168,94.357,28.39,EG
O85465,50.0,4.0,Xylan,0.5976,94.357,28.39,EG
O85465,50.0,5.0,Xylan,0.8187,94.357,28.39,EG
O85465,50.0,6.0,Xylan,0.9457,94.357,28.39,EG
O85465,50.0,7.0,Xylan,0.9829,94.357,28.39,EG
O85465,50.0,8.0,Xylan,0.9799,94.357,28.39,EG
O85465,60.0,4.0,Xylan,0.5777,94.357,28.39,EG
O85465,60.0,5.0,Xylan,0.7987,94.357,28.39,EG
O85465,60.0,6.0,Xylan,0.9308,94.357,28.39,EG
O85465,60.0,7.0,Xylan,0.9743,94.357,28.39,EG
O85465,60.0,8.0,Xylan,0.9705,94.357,28.39,EG
O85465,70.0,4.0,Xylan,0.4463,94.357,28.39,EG
O85465,70.0,5.0,Xylan,0.6587,94.357,28.39,EG
O85465,70.0,6.0,Xylan,0.8041,94.357,28.39,EG
O85465,70.0,7.0,Xylan,0.8701,94.357,28.39,EG
O85465,70.0,8.0,Xylan,0.863,94.357,28.39,EG
O85465,30.0,4.0,Bagasse,0.6143,94.357,28.39,EG
O85465,30.0,5.0,Bagasse,0.8351,94.357,28.39,EG
O85465,30.0,6.0,Bagasse,0.9569,94.357,28.39,EG
O85465,30.0,7.0,Bagasse,0.9884,94.357,28.39,EG
O85465,30.0,8.0,Bagasse,0.9861,94.357,28.39,EG
O85465,40.0,4.0,Bagasse,0.8321,94.357,28.39,EG
O85465,40.0,5.0,Bagasse,0.9896,94.357,28.39,EG
O85465,40.0,6.0,Bagasse,1.0,94.357,28.39,EG
O85465,40.0,7.0,Bagasse,1.0,94.357,28.39,EG
O85465,40.0,8.0,Bagasse,1.0,94.357,28.39,EG
O85465,50.0,4.0,Bagasse,0.9214,94.357,28.39,EG
O85465,50.0,5.0,Bagasse,0.9997,94.357,28.39,EG
O85465,50.0,6.0,Bagasse,1.0,94.357,28.39,EG
O85465,50.0,7.0,Bagasse,1.0,94.357,28.39,EG
O85465,50.0,8.0,Bagasse,1.0,94.357,28.39,EG
O85465,60.0,4.0,Bagasse,0.9046,94.357,28.39,EG
O85465,60.0,5.0,Bagasse,0.9992,94.357,28.39,EG
O85465,60.0,6.0,Bagasse,1.0,94.357,28.39,EG
O85465,60.0,7.0,Bagasse,1.0,94.357,28.39,EG
O85465,60.0,8.0,Bagasse,1.0,94.357,28.39,EG
O85465,70.0,4.0,Bagasse,0.7721,94.357,28.39,EG
O85465,70.0,5.0,Bagasse,0.9643,94.357,28.39,EG
O85465,70.0,6.0,Bagasse,0.9994,94.357,28.39,EG
O85465,70.0,7.0,Bagasse,1.0,94.357,28.39,EG
O85465,70.0,8.0,Bagasse,1.0,94.357,28.39,EG
P07103,30.0,4.0,Cellulose,0.5713,8.1118,28.28,EG
P07103,30.0,5.0,Cellulose,0.6611,8.1118,28.28,EG
P07103,30.0,6.0,Cellulose,0.6763,8.1118,28.28,EG
P07103,30.0,7.0,Cellulose,0.6159,8.1118,28.28,EG
P07103,30.0,8.0,Cellulose,0.485,8.1118,28.28,EG
P07103,40.0,4.0,Cellulose,0.7875,8.1118,28.28,EG
P07103,40.0,5.0,Cellulose,0.8753,8.1118,28.28,EG
P07103,40.0,6.0,Cellulose,0.889,8.1118,28.28,EG
P07103,40.0,7.0,Cellulose,0.8323,8.1118,28.28,EG
P07103,40.0,8.0,Cellulose,0.6961,8.1118,28.28,EG
P07103,50.0,4.0,Cellulose,0.882,8.1118,28.28,EG
P07103,50.0,5.0,Cellulose,0.9545,8.1118,28.28,EG
P07103,50.0,6.0,Cellulose,0.9638,8.1118,28.28,EG
P07103,50.0,7.0,Cellulose,0.9212,8.1118,28.28,EG
P07103,50.0,8.0,Cellulose,0.7948,8.1118,28.28,EG
P07103,60.0,4.0,Cellulose,0.8634,8.1118,28.28,EG
P07103,60.0,5.0,Cellulose,0.9407,8.1118,28.28,EG
P07103,60.0,6.0,Cellulose,0.9512,8.1118,28.28,EG
P07103,60.0,7.0,Cellulose,0.9044,8.1118,28.28,EG
P07103,60.0,8.0,Cellulose,0.7747,8.1118,28.28,EG
P07103,70.0,4.0,Cellulose,0.7269,8.1118,28.28,EG
P07103,70.0,5.0,Cellulose,0.8177,8.1118,28.28,EG
P07103,70.0,6.0,Cellulose,0.8325,8.1118,28.28,EG
P07103,70.0,7.0,Cellulose,0.7726,8.1118,28.28,EG
P07103,70.0,8.0,Cellulose,0.6356,8.1118,28.28,EG
P07103,30.0,4.0,Xylan,0.24,8.1118,28.28,EG
P07103,30.0,5.0,Xylan,0.3058,8.1118,28.28,EG
P07103,30.0,6.0,Xylan,0.3175,8.1118,28.28,EG
P07103,30.0,7.0,Xylan,0.2719,8.1118,28.28,EG
P07103,30.0,8.0,Xylan,0.1825,8.1118,28.28,EG
P07103,40.0,4.0,Xylan,0.4087,8.1118,28.28,EG
P07103,40.0,5.0,Xylan,0.4905,8.1118,28.28,EG
P07103,40.0,6.0,Xylan,0.5046,8.1118,28.28,EG
P07103,40.0,7.0,Xylan,0.4489,8.1118,28.28,EG
P07103,40.0,8.0,Xylan,0.333,8.1118,28.28,EG
P07103,50.0,4.0,Xylan,0.4973,8.1118,28.28,EG
P07103,50.0,5.0,Xylan,0.5842,8.1118,28.28,EG
P07103,50.0,6.0,Xylan,0.5991,8.1118,28.28,EG
P07103,50.0,7.0,Xylan,0.5403,8.1118,28.28,EG
P07103,50.0,8.0,Xylan,0.4151,8.1118,28.28,EG
P07103,60.0,4.0,Xylan,0.4787,8.1118,28.28,EG
P07103,60.0,5.0,Xylan,0.5647,8.1118,28.28,EG
P07103,60.0,6.0,Xylan,0.5794,8.1118,28.28,EG
P07103,60.0,7.0,Xylan,0.5211,8.1118,28.28,EG
P07103,60.0,8.0,Xylan,0.3977,8.1118,28.28,EG
P07103,70.0,4.0,Xylan,0.3577,8.1118,28.28,EG
P07103,70.0,5.0,Xylan,0.4356,8.1118,28.28,EG
P07103,70.0,6.0,Xylan,0.4491,8.1118,28.28,EG
P07103,70.0,7.0,Xylan,0.3958,8.1118,28.28,EG
P07103,70.0,8.0,Xylan,0.2865,8.1118,28.28,EG
P07103,30.0,4.0,Bagasse,0.5131,8.1118,28.28,EG
P07103,30.0,5.0,Bagasse,0.6007,8.1118,28.28,EG
P07103,30.0,6.0,Bagasse,0.6157,8.1118,28.28,EG
P07103,30.0,7.0,Bagasse,0.5564,8.1118,28.28,EG
P07103,30.0,8.0,Bagasse,0.4299,8.1118,28.28,EG
P07103,40.0,4.0,Bagasse,0.7264,8.1118,28.28,EG
P07103,40.0,5.0,Bagasse,0.8173,8.1118,28.28,EG
P07103,40.0,6.0,Bagasse,0.8321,8.1118,28.28,EG
P07103,40.0,7.0,Bagasse,0.7722,8.1118,28.28,EG
P07103,40.0,8.0,Bagasse,0.6352,8.1118,28.28,EG
P07103,50.0,4.0,Bagasse,0.8245,8.1118,28.28,EG
P07103,50.0,5.0,Bagasse,0.9085,8.1118,28.28,EG
P07103,50.0,6.0,Bagasse,0.921,8.1118,28.28,EG
P07103,50.0,7.0,Bagasse,0.8679,8.1118,28.28,EG
P07103,50.0,8.0,Bagasse,0.7338,8.1118,28.28,EG
P07103,60.0,4.0,Bagasse,0.8047,8.1118,28.28,EG
P07103,60.0,5.0,Bagasse,0.891,8.1118,28.28,EG
P07103,60.0,6.0,Bagasse,0.9042,8.1118,28.28,EG
P07103,60.0,7.0,Bagasse,0.8489,8.1118,28.28,EG
P07103,60.0,8.0,Bagasse,0.7136,8.1118,28.28,EG
P07103,70.0,4.0,Bagasse,0.6657,8.1118,28.28,EG
P07103,70.0,5.0,Bagasse,0.7572,8.1118,28.28,EG
P07103,70.0,6.0,Bagasse,0.7724,8.1118,28.28,EG
P07103,70.0,7.0,Bagasse,0.7114,8.1118,28.28,EG
P07103,70.0,8.0,Bagasse,0.5757,8.1118,28.28,EG
P07981,30.0,4.0,Cellulose,1.0,277.9488,27.54,EG
P07981,30.0,5.0,Cellulose,1.0,277.9488,27.54,EG
P07981,30.0,6.0,Cellulose,1.0,277.9488,27.54,EG
P07981,30.0,7.0,Cellulose,0.9906,277.9488,27.54,EG
P07981,30.0,8.0,Cellulose,0.8431,277.9488,27.54,EG
P07981,40.0,4.0,Cellulose,1.0,277.9488,27.54,EG
P07981,40.0,5.0,Cellulose,1.0,277.9488,27.54,EG
P07981,40.0,6.0,Cellulose,1.0,277.9488,27.54,EG
P07981,40.0,7.0,Cellulose,1.0,277.9488,27.54,EG
P07981,40.0,8.0,Cellulose,0.9929,277.9488,27.54,EG
P07981,50.0,4.0,Cellulose,1.0,277.9488,27.54,EG
P07981,50.0,5.0,Cellulose,1.0,277.9488,27.54,EG
P07981,50.0,6.0,Cellulose,1.0,277.9488,27.54,EG
P07981,50.0,7.0,Cellulose,1.0,277.9488,27.54,EG
P07981,50.0,8.0,Cellulose,0.9999,277.9488,27.54,EG
P07981,60.0,4.0,Cellulose,1.0,277.9488,27.54,EG
P07981,60.0,5.0,Cellulose,1.0,277.9488,27.54,EG
P07981,60.0,6.0,Cellulose,1.0,277.9488,27.54,EG
P07981,60.0,7.0,Cellulose,1.0,277.9488,27.54,EG
P07981,60.0,8.0,Cellulose,0.9998,277.9488,27.54,EG
P07981,70.0,4.0,Cellulose,1.0,277.9488,27.54,EG
P07981,70.0,5.0,Cellulose,1.0,277.9488,27.54,EG
P07981,70.0,6.0,Cellulose,1.0,277.9488,27.54,EG
P07981,70.0,7.0,Cellulose,1.0,277.9488,27.54,EG
P07981,70.0,8.0,Cellulose,0.9801,277.9488,27.54,EG
P07981,30.0,4.0,Xylan,0.8445,277.9488,27.54,EG
P07981,30.0,5.0,Xylan,0.8589,277.9488,27.54,EG
P07981,30.0,6.0,Xylan,0.8002,277.9488,27.54,EG
P07981,30.0,7.0,Xylan,0.6637,277.9488,27.54,EG
P07981,30.0,8.0,Xylan,0.4607,277.9488,27.54,EG
P07981,40.0,4.0,Xylan,0.9932,277.9488,27.54,EG
P07981,40.0,5.0,Xylan,0.9957,277.9488,27.54,EG
P07981,40.0,6.0,Xylan,0.9795,277.9488,27.54,EG
P07981,40.0,7.0,Xylan,0.8826,277.9488,27.54,EG
P07981,40.0,8.0,Xylan,0.6741,277.9488,27.54,EG
P07981,50.0,4.0,Xylan,0.9999,277.9488,27.54,EG
P07981,50.0,5.0,Xylan,1.0,277.9488,27.54,EG
P07981,50.0,6.0,Xylan,0.9991,277.9488,27.54,EG
P07981,50.0,7.0,Xylan,0.9632,277.9488,27.54,EG
P07981,50.0,8.0,Xylan,0.7785,277.9488,27.54,EG
P07981,60.0,4.0,Xylan,0.9998,277.9488,27.54,EG
P07981,60.0,5.0,Xylan,0.9999,277.9488,27.54,EG
P07981,60.0,6.0,Xylan,0.9985,277.9488,27.54,EG
P07981,60.0,7.0,Xylan,0.9545,277.9488,27.54,EG
P07981,60.0,8.0,Xylan,0.7644,277.9488,27.54,EG
P07981,70.0,4.0,Xylan,0.9806,277.9488,27.54,EG
P07981,70.0,5.0,Xylan,0.9862,277.9488,27.54,EG
P07981,70.0,6.0,Xylan,0.9569,277.9488,27.54,EG
P07981,70.0,7.0,Xylan,0.8427,277.9488,27.54,EG
P07981,70.0,8.0,Xylan,0.6317,277.9488,27.54,EG
P07981,30.0,4.0,Bagasse,0.9999,277.9488,27.54,EG
P07981,30.0,5.0,Bagasse,1.0,277.9488,27.54,EG
P07981,30.0,6.0,Bagasse,0.9993,277.9488,27.54,EG
P07981,30.0,7.0,Bagasse,0.9661,277.9488,27.54,EG
P07981,30.0,8.0,Bagasse,0.7835,277.9488,27.54,EG
P07981,40.0,4.0,Bagasse,1.0,277.9488,27.54,EG
P07981,40.0,5.0,Bagasse,1.0,277.9488,27.54,EG
P07981,40.0,6.0,Bagasse,1.0,277.9488,27.54,EG
P07981,40.0,7.0,Bagasse,1.0,277.9488,27.54,EG
P07981,40.0,8.0,Bagasse,0.9717,277.9488,27.54,EG
P07981,50.0,4.0,Bagasse,1.0,277.9488,27.54,EG
P07981,50.0,5.0,Bagasse,1.0,277.9488,27.54,EG
P07981,50.0,6.0,Bagasse,1.0,277.9488,27.54,EG
P07981,50.0,7.0,Bagasse,1.0,277.9488,27.54,EG
P07981,50.0,8.0,Bagasse,0.9983,277.9488,27.54,EG
P07981,60.0,4.0,Bagasse,1.0,277.9488,27.54,EG
P07981,60.0,5.0,Bagasse,1.0,277.9488,27.54,EG
P07981,60.0,6.0,Bagasse,1.0,277.9488,27.54,EG
P07981,60.0,7.0,Bagasse,1.0,277.9488,27.54,EG
P07981,60.0,8.0,Bagasse,0.9972,277.9488,27.54,EG
P07981,70.0,4.0,Bagasse,1.0,277.9488,27.54,EG
P07981,70.0,5.0,Bagasse,1.0,277.9488,27.54,EG
P07981,70.0,6.0,Bagasse,1.0,277.9488,27.54,EG
P07981,70.0,7.0,Bagasse,0.9999,277.9488,27.54,EG
P07981,70.0,8.0,Bagasse,0.9457,277.9488,27.54,EG
P07982,30.0,4.0,Cellulose,0.9718,75.5583,26.56,EG
P07982,30.0,5.0,Cellulose,0.9634,75.5583,26.56,EG
P07982,30.0,6.0,Cellulose,0.8942,75.5583,26.56,EG
P07982,30.0,7.0,Cellulose,0.7326,75.5583,26.56,EG
P07982,30.0,8.0,Cellulose,0.4965,75.5583,26.56,EG
P07982,40.0,4.0,Cellulose,1.0,75.5583,26.56,EG
P07982,40.0,5.0,Cellulose,1.0,75.5583,26.56,EG
P07982,40.0,6.0,Cellulose,0.9993,75.5583,26.56,EG
P07982,40.0,7.0,Cellulose,0.9452,75.5583,26.56,EG
P07982,40.0,8.0,Cellulose,0.7197,75.5583,26.56,EG
P07982,50.0,4.0,Cellulose,1.0,75.5583,26.56,EG
P07982,50.0,5.0,Cellulose,1.0,75.5583,26.56,EG
P07982,50.0,6.0,Cellulose,1.0,75.5583,26.56,EG
P07982,50.0,7.0,Cellulose,0.9945,75.5583,26.56,EG
P07982,50.0,8.0,Cellulose,0.8304,75.5583,26.56,EG
P07982,60.0,4.0,Cellulose,1.0,75.5583,26.56,EG
P07982,60.0,5.0,Cellulose,1.0,75.5583,26.56,EG
P07982,60.0,6.0,Cellulose,1.0,75.5583,26.56,EG
P07982,60.0,7.0,Cellulose,0.9932,75.5583,26.56,EG
P07982,60.0,8.0,Cellulose,0.8235,75.5583,26.56,EG
P07982,70.0,4.0,Cellulose,1.0,75.5583,26.56,EG
P07982,70.0,5.0,Cellulose,1.0,75.5583,26.56,EG
P07982,70.0,6.0,Cellulose,0.9983,75.5583,26.56,EG
P07982,70.0,7.0,Cellulose,0.9292,75.5583,26.56,EG
P07982,70.0,8.0,Cellulose,0.6984,75.5583,26.56,EG
P07982,30.0,4.0,Xylan,0.6134,75.5583,26.56,EG
P07982,30.0,5.0,Xylan,0.5986,75.5583,26.56,EG
P07982,30.0,6.0,Xylan,0.5119,75.5583,26.56,EG
P07982,30.0,7.0,Xylan,0.3659,75.5583,26.56,EG
P07982,30.0,8.0,Xylan,0.1942,75.5583,26.56,EG
P07982,40.0,4.0,Xylan,0.8414,75.5583,26.56,EG
P07982,40.0,5.0,Xylan,0.8268,75.5583,26.56,EG
P07982,40.0,6.0,Xylan,0.7364,75.5583,26.56,EG
P07982,40.0,7.0,Xylan,0.5715,75.5583,26.56,EG
P07982,40.0,8.0,Xylan,0.3555,75.5583,26.56,EG
P07982,50.0,4.0,Xylan,0.939,75.5583,26.56,EG
P07982,50.0,5.0,Xylan,0.9274,75.5583,26.56,EG
P07982,50.0,6.0,Xylan,0.8464,75.5583,26.56,EG
P07982,50.0,7.0,Xylan,0.6809,75.5583,26.56,EG
P07982,50.0,8.0,Xylan,0.4499,75.5583,26.56,EG
P07982,60.0,4.0,Xylan,0.9336,75.5583,26.56,EG
P07982,60.0,5.0,Xylan,0.9217,75.5583,26.56,EG
P07982,60.0,6.0,Xylan,0.8396,75.5583,26.56,EG
P07982,60.0,7.0,Xylan,0.6738,75.5583,26.56,EG
P07982,60.0,8.0,Xylan,0.4436,75.5583,26.56,EG
P07982,70.0,4.0,Xylan,0.8207,75.5583,26.56,EG
P07982,70.0,5.0,Xylan,0.8059,75.5583,26.56,EG
P07982,70.0,6.0,Xylan,0.715,75.5583,26.56,EG
P07982,70.0,7.0,Xylan,0.5511,75.5583,26.56,EG
P07982,70.0,8.0,Xylan,0.3385,75.5583,26.56,EG
P07982,30.0,4.0,Bagasse,0.932,75.5583,26.56,EG
P07982,30.0,5.0,Bagasse,0.9199,75.5583,26.56,EG
P07982,30.0,6.0,Bagasse,0.8376,75.5583,26.56,EG
P07982,30.0,7.0,Bagasse,0.6717,75.5583,26.56,EG
P07982,30.0,8.0,Bagasse,0.4417,75.5583,26.56,EG
P07982,40.0,4.0,Bagasse,0.9999,75.5583,26.56,EG
P07982,40.0,5.0,Bagasse,0.9998,75.5583,26.56,EG
P07982,40.0,6.0,Bagasse,0.9935,75.5583,26.56,EG
P07982,40.0,7.0,Bagasse,0.8961,75.5583,26.56,EG
P07982,40.0,8.0,Bagasse,0.659,75.5583,26.56,EG
P07982,50.0,4.0,Bagasse,1.0,75.5583,26.56,EG
P07982,50.0,5.0,Bagasse,1.0,75.5583,26.56,EG
P07982,50.0,6.0,Bagasse,0.9999,75.5583,26.56,EG
P07982,50.0,7.0,Bagasse,0.9754,75.5583,26.56,EG
P07982,50.0,8.0,Bagasse,0.7703,75.5583,26.56,EG
P07982,60.0,4.0,Bagasse,1.0,75.5583,26.56,EG
P07982,60.0,5.0,Bagasse,1.0,75.5583,26.56,EG
P07982,60.0,6.0,Bagasse,0.9999,75.5583,26.56,EG
P07982,60.0,7.0,Bagasse,0.9719,75.5583,26.56,EG
P07982,60.0,8.0,Bagasse,0.7632,75.5583,26.56,EG
P07982,70.0,4.0,Bagasse,0.9998,75.5583,26.56,EG
P07982,70.0,5.0,Bagasse,0.9995,75.5583,26.56,EG
P07982,70.0,6.0,Bagasse,0.9884,75.5583,26.56,EG
P07982,70.0,7.0,Bagasse,0.8769,75.5583,26.56,EG
P07982,70.0,8.0,Bagasse,0.6378,75.5583,26.56,EG
P07984,30.0,4.0,Cellulose,0.2698,17.3619,27.0,EG
P07984,30.0,5.0,Cellulose,0.4865,17.3619,27.0,EG
P07984,30.0,6.0,Cellulose,0.6646,17.3619,27.0,EG
P07984,30.0,7.0,Cellulose,0.7722,17.3619,27.0,EG
P07984,30.0,8.0,Cellulose,0.8027,17.3619,27.0,EG
P07984,40.0,4.0,Cellulose,0.4574,17.3619,27.0,EG
P07984,40.0,5.0,Cellulose,0.7095,17.3619,27.0,EG
P07984,40.0,6.0,Cellulose,0.8889,17.3619,27.0,EG
P07984,40.0,7.0,Cellulose,0.9689,17.3619,27.0,EG
P07984,40.0,8.0,Cellulose,0.9829,17.3619,27.0,EG
P07984,50.0,4.0,Cellulose,0.5594,17.3619,27.0,EG
P07984,50.0,5.0,Cellulose,0.8182,17.3619,27.0,EG
P07984,50.0,6.0,Cellulose,0.9698,17.3619,27.0,EG
P07984,50.0,7.0,Cellulose,0.9983,17.3619,27.0,EG
P07984,50.0,8.0,Cellulose,0.9995,17.3619,27.0,EG
P07984,60.0,4.0,Cellulose,0.5491,17.3619,27.0,EG
P07984,60.0,5.0,Cellulose,0.8076,17.3619,27.0,EG
P07984,60.0,6.0,Cellulose,0.9638,17.3619,27.0,EG
P07984,60.0,7.0,Cellulose,0.9974,17.3619,27.0,EG
P07984,60.0,8.0,Cellulose,0.9992,17.3619,27.0,EG
P07984,70.0,4.0,Cellulose,0.4285,17.3619,27.0,EG
P07984,70.0,5.0,Cellulose,0.677,17.3619,27.0,EG
P07984,70.0,6.0,Cellulose,0.8592,17.3619,27.0,EG
P07984,70.0,7.0,Cellulose,0.9491,17.3619,27.0,EG
P07984,70.0,8.0,Cellulose,0.968,17.3619,27.0,EG
P07984,30.0,4.0,Xylan,0.0666,17.3619,27.0,EG
P07984,30.0,5.0,Xylan,0.1805,17.3619,27.0,EG
P07984,30.0,6.0,Xylan,0.3051,17.3619,27.0,EG
P07984,30.0,7.0,Xylan,0.3922,17.3619,27.0,EG
P07984,30.0,8.0,Xylan,0.4188,17.3619,27.0,EG
P07984,40.0,4.0,Xylan,0.1625,17.3619,27.0,EG
P07984,40.0,5.0,Xylan,0.3403,17.3619,27.0,EG
P07984,40.0,6.0,Xylan,0.501,17.3619,27.0,EG
P07984,40.0,7.0,Xylan,0.604,17.3619,27.0,EG
P07984,40.0,8.0,Xylan,0.6343,17.3619,27.0,EG
P07984,50.0,4.0,Xylan,0.2286,17.3619,27.0,EG
P07984,50.0,5.0,Xylan,0.4327,17.3619,27.0,EG
P07984,50.0,6.0,Xylan,0.6057,17.3619,27.0,EG
P07984,50.0,7.0,Xylan,0.7126,17.3619,27.0,EG
P07984,50.0,8.0,Xylan,0.7434,17.3619,27.0,EG
P07984,60.0,4.0,Xylan,0.2215,17.3619,27.0,EG
P07984,60.0,5.0,Xylan,0.4232,17.3619,27.0,EG
P07984,60.0,6.0,Xylan,0.5951,17.3619,27.0,EG
P07984,60.0,7.0,Xylan,0.7018,17.3619,27.0,EG
P07984,60.0,8.0,Xylan,0.7326,17.3619,27.0,EG
P07984,70.0,4.0,Xylan,0.1454,17.3619,27.0,EG
P07984,70.0,5.0,Xylan,0.3147,17.3619,27.0,EG
P07984,70.0,6.0,Xylan,0.4711,17.3619,27.0,EG
P07984,70.0,7.0,Xylan,0.5724,17.3619,27.0,EG
P07984,70.0,8.0,Xylan,0.6024,17.3619,27.0,EG
P07984,30.0,4.0,Bagasse,0.2272,17.3619,27.0,EG
P07984,30.0,5.0,Bagasse,0.4308,17.3619,27.0,EG
P07984,30.0,6.0,Bagasse,0.6036,17.3619,27.0,EG
P07984,30.0,7.0,Bagasse,0.7105,17.3619,27.0,EG
P07984,30.0,8.0,Bagasse,0.7413,17.3619,27.0,EG
P07984,40.0,4.0,Bagasse,0.403,17.3619,27.0,EG
P07984,40.0,5.0,Bagasse,0.6479,17.3619,27.0,EG
P07984,40.0,6.0,Bagasse,0.8313,17.3619,27.0,EG
P07984,40.0,7.0,Bagasse,0.9276,17.3619,27.0,EG
P07984,40.0,8.0,Bagasse,0.9501,17.3619,27.0,EG
P07984,50.0,4.0,Bagasse,0.501,17.3619,27.0,EG
P07984,50.0,5.0,Bagasse,0.7572,17.3619,27.0,EG
P07984,50.0,6.0,Bagasse,0.9289,17.3619,27.0,EG
P07984,50.0,7.0,Bagasse,0.9884,17.3619,27.0,EG
P07984,50.0,8.0,Bagasse,0.9951,17.3619,27.0,EG
P07984,60.0,4.0,Bagasse,0.491,17.3619,27.0,EG
P07984,60.0,5.0,Bagasse,0.7463,17.3619,27.0,EG
P07984,60.0,6.0,Bagasse,0.9203,17.3619,27.0,EG
P07984,60.0,7.0,Bagasse,0.985,17.3619,27.0,EG
P07984,60.0,8.0,Bagasse,0.9932,17.3619,27.0,EG
P07984,70.0,4.0,Bagasse,0.3754,17.3619,27.0,EG
P07984,70.0,5.0,Bagasse,0.6158,17.3619,27.0,EG
P07984,70.0,6.0,Bagasse,0.7996,17.3619,27.0,EG
P07984,70.0,7.0,Bagasse,0.9008,17.3619,27.0,EG
P07984,70.0,8.0,Bagasse,0.9263,17.3619,27.0,EG
P0C1U4,30.0,4.0,Cellulose,0.3107,14.0328,27.35,EG
P0C1U4,30.0,5.0,Cellulose,0.5159,14.0328,27.35,EG
P0C1U4,30.0,6.0,Cellulose,0.6729,14.0328,27.35,EG
P0C1U4,30.0,7.0,Cellulose,0.7575,14.0328,27.35,EG
P0C1U4,30.0,8.0,Cellulose,0.7651,14.0328,27.35,EG
P0C1U4,40.0,4.0,Cellulose,0.5054,14.0328,27.35,EG
P0C1U4,40.0,5.0,Cellulose,0.7385,14.0328,27.35,EG
P0C1U4,40.0,6.0,Cellulose,0.8939,14.0328,27.35,EG
P0C1U4,40.0,7.0,Cellulose,0.9587,14.0328,27.35,EG
P0C1U4,40.0,8.0,Cellulose,0.9633,14.0328,27.35,EG
P0C1U4,50.0,4.0,Cellulose,0.6078,14.0328,27.35,EG
P0C1U4,50.0,5.0,Cellulose,0.8437,14.0328,27.35,EG
P0C1U4,50.0,6.0,Cellulose,0.9713,14.0328,27.35,EG
P0C1U4,50.0,7.0,Cellulose,0.9964,14.0328,27.35,EG
P0C1U4,50.0,8.0,Cellulose,0.9973,14.0328,27.35,EG
P0C1U4,60.0,4.0,Cellulose,0.5949,14.0328,27.35,EG
P0C1U4,60.0,5.0,Cellulose,0.8311,14.0328,27.35,EG
P0C1U4,60.0,6.0,Cellulose,0.9642,14.0328,27.35,EG
P0C1U4,60.0,7.0,Cellulose,0.9946,14.0328,27.35,EG
P0C1U4,60.0,8.0,Cellulose,0.9958,14.0328,27.35,EG
P0C1U4,70.0,4.0,Cellulose,0.4688,14.0328,27.35,EG
P0C1U4,70.0,5.0,Cellulose,0.6988,14.0328,27.35,EG
P0C1U4,70.0,6.0,Cellulose,0.8578,14.0328,27.35,EG
P0C1U4,70.0,7.0,Cellulose,0.9311,14.0328,27.35,EG
P0C1U4,70.0,8.0,Cellulose,0.9369,14.0328,27.35,EG
P0C1U4,30.0,4.0,Xylan,0.0844,14.0328,27.35,EG
P0C1U4,30.0,5.0,Xylan,0.1995,14.0328,27.35,EG
P0C1U4,30.0,6.0,Xylan,0.3118,14.0328,27.35,EG
P0C1U4,30.0,7.0,Xylan,0.38,14.0328,27.35,EG
P0C1U4,30.0,8.0,Xylan,0.3865,14.0328,27.35,EG
P0C1U4,40.0,4.0,Xylan,0.1927,14.0328,27.35,EG
P0C1U4,40.0,5.0,Xylan,0.3642,14.0328,27.35,EG
P0C1U4,40.0,6.0,Xylan,0.5067,14.0328,27.35,EG
P0C1U4,40.0,7.0,Xylan,0.5874,14.0328,27.35,EG
P0C1U4,40.0,8.0,Xylan,0.5949,14.0328,27.35,EG
P0C1U4,50.0,4.0,Xylan,0.263,14.0328,27.35,EG
P0C1U4,50.0,5.0,Xylan,0.4567,14.0328,27.35,EG
P0C1U4,50.0,6.0,Xylan,0.6092,14.0328,27.35,EG
P0C1U4,50.0,7.0,Xylan,0.6931,14.0328,27.35,EG
P0C1U4,50.0,8.0,Xylan,0.7008,14.0328,27.35,EG
P0C1U4,60.0,4.0,Xylan,0.2537,14.0328,27.35,EG
P0C1U4,60.0,5.0,Xylan,0.4448,14.0328,27.35,EG
P0C1U4,60.0,6.0,Xylan,0.5963,14.0328,27.35,EG
P0C1U4,60.0,7.0,Xylan,0.6799,14.0328,27.35,EG
P0C1U4,60.0,8.0,Xylan,0.6876,14.0328,27.35,EG
P0C1U4,70.0,4.0,Xylan,0.1696,14.0328,27.35,EG
P0C1U4,70.0,5.0,Xylan,0.3321,14.0328,27.35,EG
P0C1U4,70.0,6.0,Xylan,0.4702,14.0328,27.35,EG
P0C1U4,70.0,7.0,Xylan,0.5492,14.0328,27.35,EG
P0C1U4,70.0,8.0,Xylan,0.5565,14.0328,27.35,EG
P0C1U4,30.0,4.0,Bagasse,0.2649,14.0328,27.35,EG
P0C1U4,30.0,5.0,Bagasse,0.4591,14.0328,27.35,EG
P0C1U4,30.0,6.0,Bagasse,0.6118,14.0328,27.35,EG
P0C1U4,30.0,7.0,Bagasse,0.6957,14.0328,27.35,EG
P0C1U4,30.0,8.0,Bagasse,0.7034,14.0328,27.35,EG
P0C1U4,40.0,4.0,Bagasse,0.4489,14.0328,27.35,EG
P0C1U4,40.0,5.0,Bagasse,0.6768,14.0328,27.35,EG
P0C1U4,40.0,6.0,Bagasse,0.8369,14.0328,27.35,EG
P0C1U4,40.0,7.0,Bagasse,0.9135,14.0328,27.35,EG
P0C1U4,40.0,8.0,Bagasse,0.9198,14.0328,27.35,EG
P0C1U4,50.0,4.0,Bagasse,0.548,14.0328,27.35,EG
P0C1U4,50.0,5.0,Bagasse,0.7836,14.0328,27.35,EG
P0C1U4,50.0,6.0,Bagasse,0.9313,14.0328,27.35,EG
P0C1U4,50.0,7.0,Bagasse,0.9816,14.0328,27.35,EG
P0C1U4,50.0,8.0,Bagasse,0.9844,14.0328,27.35,EG
P0C1U4,60.0,4.0,Bagasse,0.5355,14.0328,27.35,EG
P0C1U4,60.0,5.0,Bagasse,0.7704,14.0328,27.35,EG
P0C1U4,60.0,6.0,Bagasse,0.921,14.0328,27.35,EG
P0C1U4,60.0,7.0,Bagasse,0.976,14.0328,27.35,EG
P0C1U4,60.0,8.0,Bagasse,0.9794,14.0328,27.35,EG
P0C1U4,70.0,4.0,Bagasse,0.4139,14.0328,27.35,EG
P0C1U4,70.0,5.0,Bagasse,0.6374,14.0328,27.35,EG
P0C1U4,70.0,6.0,Bagasse,0.7983,14.0328,27.35,EG
P0C1U4,70.0,7.0,Bagasse,0.8789,14.0328,27.35,EG
P0C1U4,70.0,8.0,Bagasse,0.8859,14.0328,27.35,EG
P0C2S4,30.0,4.0,Cellulose,0.8525,27.3419,27.49,EG
P0C2S4,30.0,5.0,Cellulose,0.8307,27.3419,27.49,EG
P0C2S4,30.0,6.0,Cellulose,0.733,27.3419,27.49,EG
P0C2S4,30.0,7.0,Cellulose,0.561,27.3419,27.49,EG
P0C2S4,30.0,8.0,Cellulose,0.3403,27.3419,27.49,EG
P0C2S4,40.0,4.0,Cellulose,0.9947,27.3419,27.49,EG
P0C2S4,40.0,5.0,Cellulose,0.9899,27.3419,27.49,EG
P0C2S4,40.0,6.0,Cellulose,0.9398,27.3419,27.49,EG
P0C2S4,40.0,7.0,Cellulose,0.7813,27.3419,27.49,EG
P0C2S4,40.0,8.0,Cellulose,0.5348,27.3419,27.49,EG
P0C2S4,50.0,4.0,Cellulose,0.9999,27.3419,27.49,EG
P0C2S4,50.0,5.0,Cellulose,0.9998,27.3419,27.49,EG
P0C2S4,50.0,6.0,Cellulose,0.9913,27.3419,27.49,EG
P0C2S4,50.0,7.0,Cellulose,0.8815,27.3419,27.49,EG
P0C2S4,50.0,8.0,Cellulose,0.6357,27.3419,27.49,EG
P0C2S4,60.0,4.0,Cellulose,0.9999,27.3419,27.49,EG
P0C2S4,60.0,5.0,Cellulose,0.9996,27.3419,27.49,EG
P0C2S4,60.0,6.0,Cellulose,0.9876,27.3419,27.49,EG
P0C2S4,60.0,7.0,Cellulose,0.8685,27.3419,27.49,EG
P0C2S4,60.0,8.0,Cellulose,0.6217,27.3419,27.49,EG
P0C2S4,70.0,4.0,Cellulose,0.9838,27.3419,27.49,EG
P0C2S4,70.0,5.0,Cellulose,0.9742,27.3419,27.49,EG
P0C2S4,70.0,6.0,Cellulose,0.9058,27.3419,27.49,EG
P0C2S4,70.0,7.0,Cellulose,0.7387,27.3419,27.49,EG
P0C2S4,70.0,8.0,Cellulose,0.4951,27.3419,27.49,EG
P0C2S4,30.0,4.0,Xylan,0.4705,27.3419,27.49,EG
P0C2S4,30.0,5.0,Xylan,0.4501,27.3419,27.49,EG
P0C2S4,30.0,6.0,Xylan,0.3658,27.3419,27.49,EG
P0C2S4,30.0,7.0,Xylan,0.2365,27.3419,27.49,EG
P0C2S4,30.0,8.0,Xylan,0.1035,27.3419,27.49,EG
P0C2S4,40.0,4.0,Xylan,0.6842,27.3419,27.49,EG
P0C2S4,40.0,5.0,Xylan,0.6615,27.3419,27.49,EG
P0C2S4,40.0,6.0,Xylan,0.5651,27.3419,27.49,EG
P0C2S4,40.0,7.0,Xylan,0.4063,27.3419,27.49,EG
P0C2S4,40.0,8.0,Xylan,0.2187,27.3419,27.49,EG
P0C2S4,50.0,4.0,Xylan,0.7884,27.3419,27.49,EG
P0C2S4,50.0,5.0,Xylan,0.7658,27.3419,27.49,EG
P0C2S4,50.0,6.0,Xylan,0.6672,27.3419,27.49,EG
P0C2S4,50.0,7.0,Xylan,0.499,27.3419,27.49,EG
P0C2S4,50.0,8.0,Xylan,0.29,27.3419,27.49,EG
P0C2S4,60.0,4.0,Xylan,0.7743,27.3419,27.49,EG
P0C2S4,60.0,5.0,Xylan,0.7516,27.3419,27.49,EG
P0C2S4,60.0,6.0,Xylan,0.6531,27.3419,27.49,EG
P0C2S4,60.0,7.0,Xylan,0.486,27.3419,27.49,EG
P0C2S4,60.0,8.0,Xylan,0.2797,27.3419,27.49,EG
P0C2S4,70.0,4.0,Xylan,0.6418,27.3419,27.49,EG
P0C2S4,70.0,5.0,Xylan,0.6194,27.3419,27.49,EG
P0C2S4,70.0,6.0,Xylan,0.5246,27.3419,27.49,EG
P0C2S4,70.0,7.0,Xylan,0.3705,27.3419,27.49,EG
P0C2S4,70.0,8.0,Xylan,0.1926,27.3419,27.49,EG
P0C2S4,30.0,4.0,Bagasse,0.7934,27.3419,27.49,EG
P0C2S4,30.0,5.0,Bagasse,0.7708,27.3419,27.49,EG
P0C2S4,30.0,6.0,Bagasse,0.6722,27.3419,27.49,EG
P0C2S4,30.0,7.0,Bagasse,0.5036,27.3419,27.49,EG
P0C2S4,30.0,8.0,Bagasse,0.2937,27.3419,27.49,EG
P0C2S4,40.0,4.0,Bagasse,0.9763,27.3419,27.49,EG
P0C2S4,40.0,5.0,Bagasse,0.9646,27.3419,27.49,EG
P0C2S4,40.0,6.0,Bagasse,0.8899,27.3419,27.49,EG
P0C2S4,40.0,7.0,Bagasse,0.7205,27.3419,27.49,EG
P0C2S4,40.0,8.0,Bagasse,0.4784,27.3419,27.49,EG
P0C2S4,50.0,4.0,Bagasse,0.9988,27.3419,27.49,EG
P0C2S4,50.0,5.0,Bagasse,0.9973,27.3419,27.49,EG
P0C2S4,50.0,6.0,Bagasse,0.9678,27.3419,27.49,EG
P0C2S4,50.0,7.0,Bagasse,0.8241,27.3419,27.49,EG
P0C2S4,50.0,8.0,Bagasse,0.5763,27.3419,27.49,EG
P0C2S4,60.0,4.0,Bagasse,0.998,27.3419,27.49,EG
P0C2S4,60.0,5.0,Bagasse,0.9956,27.3419,27.49,EG
P0C2S4,60.0,6.0,Bagasse,0.9595,27.3419,27.49,EG
P0C2S4,60.0,7.0,Bagasse,0.8102,27.3419,27.49,EG
P0C2S4,60.0,8.0,Bagasse,0.5626,27.3419,27.49,EG
P0C2S4,70.0,4.0,Bagasse,0.9523,27.3419,27.49,EG
P0C2S4,70.0,5.0,Bagasse,0.9362,27.3419,27.49,EG
P0C2S4,70.0,6.0,Bagasse,0.8505,27.3419,27.49,EG
P0C2S4,70.0,7.0,Bagasse,0.6778,27.3419,27.49,EG
P0C2S4,70.0,8.0,Bagasse,0.4402,27.3419,27.49,EG
P10477,30.0,4.0,Cellulose,0.5626,26.6974,26.64,EG
P10477,30.0,5.0,Cellulose,0.7367,26.6974,26.64,EG
P10477,30.0,6.0,Cellulose,0.8352,26.6974,26.64,EG
P10477,30.0,7.0,Cellulose,0.8571,26.6974,26.64,EG
P10477,30.0,8.0,Cellulose,0.8053,26.6974,26.64,EG
P10477,40.0,4.0,Cellulose,0.7914,26.6974,26.64,EG
P10477,40.0,5.0,Cellulose,0.9484,26.6974,26.64,EG
P10477,40.0,6.0,Cellulose,0.993,26.6974,26.64,EG
P10477,40.0,7.0,Cellulose,0.9966,26.6974,26.64,EG
P10477,40.0,8.0,Cellulose,0.9847,26.6974,26.64,EG
P10477,50.0,4.0,Cellulose,0.8969,26.6974,26.64,EG
P10477,50.0,5.0,Cellulose,0.9951,26.6974,26.64,EG
P10477,50.0,6.0,Cellulose,0.9999,26.6974,26.64,EG
P10477,50.0,7.0,Cellulose,1.0,26.6974,26.64,EG
P10477,50.0,8.0,Cellulose,0.9997,26.6974,26.64,EG
P10477,60.0,4.0,Cellulose,0.8895,26.6974,26.64,EG
P10477,60.0,5.0,Cellulose,0.9937,26.6974,26.64,EG
P10477,60.0,6.0,Cellulose,0.9999,26.6974,26.64,EG
P10477,60.0,7.0,Cellulose,1.0,26.6974,26.64,EG
P10477,60.0,8.0,Cellulose,0.9995,26.6974,26.64,EG
P10477,70.0,4.0,Cellulose,0.7664,26.6974,26.64,EG
P10477,70.0,5.0,Cellulose,0.9299,26.6974,26.64,EG
P10477,70.0,6.0,Cellulose,0.9865,26.6974,26.64,EG
P10477,70.0,7.0,Cellulose,0.9926,26.6974,26.64,EG
P10477,70.0,8.0,Cellulose,0.9742,26.6974,26.64,EG
P10477,30.0,4.0,Xylan,0.2332,26.6974,26.64,EG
P10477,30.0,5.0,Xylan,0.3646,26.6974,26.64,EG
P10477,30.0,6.0,Xylan,0.4501,26.6974,26.64,EG
P10477,30.0,7.0,Xylan,0.4708,26.6974,26.64,EG
P10477,30.0,8.0,Xylan,0.4231,26.6974,26.64,EG
P10477,40.0,4.0,Xylan,0.4108,26.6974,26.64,EG
P10477,40.0,5.0,Xylan,0.5726,26.6974,26.64,EG
P10477,40.0,6.0,Xylan,0.6704,26.6974,26.64,EG
P10477,40.0,7.0,Xylan,0.6934,26.6974,26.64,EG
P10477,40.0,8.0,Xylan,0.64,26.6974,26.64,EG
P10477,50.0,4.0,Xylan,0.511,26.6974,26.64,EG
P10477,50.0,5.0,Xylan,0.6821,26.6974,26.64,EG
P10477,50.0,6.0,Xylan,0.7817,26.6974,26.64,EG
P10477,50.0,7.0,Xylan,0.8044,26.6974,26.64,EG
P10477,50.0,8.0,Xylan,0.7511,26.6974,26.64,EG
P10477,60.0,4.0,Xylan,0.5032,26.6974,26.64,EG
P10477,60.0,5.0,Xylan,0.6738,26.6974,26.64,EG
P10477,60.0,6.0,Xylan,0.7734,26.6974,26.64,EG
P10477,60.0,7.0,Xylan,0.7962,26.6974,26.64,EG
P10477,60.0,8.0,Xylan,0.7427,26.6974,26.64,EG
P10477,70.0,4.0,Xylan,0.3893,26.6974,26.64,EG
P10477,70.0,5.0,Xylan,0.5485,26.6974,26.64,EG
P10477,70.0,6.0,Xylan,0.6454,26.6974,26.64,EG
P10477,70.0,7.0,Xylan,0.6683,26.6974,26.64,EG
P10477,70.0,8.0,Xylan,0.6152,26.6974,26.64,EG
P10477,30.0,4.0,Bagasse,0.5045,26.6974,26.64,EG
P10477,30.0,5.0,Bagasse,0.6752,26.6974,26.64,EG
P10477,30.0,6.0,Bagasse,0.7748,26.6974,26.64,EG
P10477,30.0,7.0,Bagasse,0.7976,26.6974,26.64,EG
P10477,30.0,8.0,Bagasse,0.7442,26.6974,26.64,EG
P10477,40.0,4.0,Bagasse,0.73,26.6974,26.64,EG
P10477,40.0,5.0,Bagasse,0.8998,26.6974,26.64,EG
P10477,40.0,6.0,Bagasse,0.9714,26.6974,26.64,EG
P10477,40.0,7.0,Bagasse,0.9818,26.6974,26.64,EG
P10477,40.0,8.0,Bagasse,0.9534,26.6974,26.64,EG
P10477,50.0,4.0,Bagasse,0.8401,26.6974,26.64,EG
P10477,50.0,5.0,Bagasse,0.9771,26.6974,26.64,EG
P10477,50.0,6.0,Bagasse,0.9987,26.6974,26.64,EG
P10477,50.0,7.0,Bagasse,0.9995,26.6974,26.64,EG
P10477,50.0,8.0,Bagasse,0.9961,26.6974,26.64,EG
P10477,60.0,4.0,Bagasse,0.832,26.6974,26.64,EG
P10477,60.0,5.0,Bagasse,0.9731,26.6974,26.64,EG
P10477,60.0,6.0,Bagasse,0.9982,26.6974,26.64,EG
P10477,60.0,7.0,Bagasse,0.9993,26.6974,26.64,EG
P10477,60.0,8.0,Bagasse,0.9949,26.6974,26.64,EG
P10477,70.0,4.0,Bagasse,0.7049,26.6974,26.64,EG
P10477,70.0,5.0,Bagasse,0.8774,26.6974,26.64,EG
P10477,70.0,6.0,Bagasse,0.957,26.6974,26.64,EG
P10477,70.0,7.0,Bagasse,0.9703,26.6974,26.64,EG
P10477,70.0,8.0,Bagasse,0.9356,26.6974,26.64,EG
P13933,30.0,4.0,Cellulose,0.4188,7.7763,25.64,EG
P13933,30.0,5.0,Cellulose,0.5514,7.7763,25.64,EG
P13933,30.0,6.0,Cellulose,0.618,7.7763,25.64,EG
P13933,30.0,7.0,Cellulose,0.6105,7.7763,25.64,EG
P13933,30.0,8.0,Cellulose,0.5296,7.7763,25.64,EG
P13933,40.0,4.0,Cellulose,0.6413,7.7763,25.64,EG
P13933,40.0,5.0,Cellulose,0.7864,7.7763,25.64,EG
P13933,40.0,6.0,Cellulose,0.8536,7.7763,25.64,EG
P13933,40.0,7.0,Cellulose,0.8463,7.7763,25.64,EG
P13933,40.0,8.0,Cellulose,0.7635,7.7763,25.64,EG
P13933,50.0,4.0,Cellulose,0.7595,7.7763,25.64,EG
P13933,50.0,5.0,Cellulose,0.899,7.7763,25.64,EG
P13933,50.0,6.0,Cellulose,0.953,7.7763,25.64,EG
P13933,50.0,7.0,Cellulose,0.9478,7.7763,25.64,EG
P13933,50.0,8.0,Cellulose,0.8784,7.7763,25.64,EG
P13933,60.0,4.0,Cellulose,0.7583,7.7763,25.64,EG
P13933,60.0,5.0,Cellulose,0.8979,7.7763,25.64,EG
P13933,60.0,6.0,Cellulose,0.9522,7.7763,25.64,EG
P13933,60.0,7.0,Cellulose,0.947,7.7763,25.64,EG
P13933,60.0,8.0,Cellulose,0.8773,7.7763,25.64,EG
P13933,70.0,4.0,Cellulose,0.6378,7.7763,25.64,EG
P13933,70.0,5.0,Cellulose,0.7829,7.7763,25.64,EG
P13933,70.0,6.0,Cellulose,0.8502,7.7763,25.64,EG
P13933,70.0,7.0,Cellulose,0.8429,7.7763,25.64,EG
P13933,70.0,8.0,Cellulose,0.76,7.7763,25.64,EG
P13933,30.0,4.0,Xylan,0.1435,7.7763,25.64,EG
P13933,30.0,5.0,Xylan,0.227,7.7763,25.64,EG
P13933,30.0,6.0,Xylan,0.274,7.7763,25.64,EG
P13933,30.0,7.0,Xylan,0.2686,7.7763,25.64,EG
P13933,30.0,8.0,Xylan,0.2123,7.7763,25.64,EG
P13933,40.0,4.0,Xylan,0.2913,7.7763,25.64,EG
P13933,40.0,5.0,Xylan,0.4075,7.7763,25.64,EG
P13933,40.0,6.0,Xylan,0.4681,7.7763,25.64,EG
P13933,40.0,7.0,Xylan,0.4612,7.7763,25.64,EG
P13933,40.0,8.0,Xylan,0.388,7.7763,25.64,EG
P13933,50.0,4.0,Xylan,0.3846,7.7763,25.64,EG
P13933,50.0,5.0,Xylan,0.5135,7.7763,25.64,EG
P13933,50.0,6.0,Xylan,0.5789,7.7763,25.64,EG
P13933,50.0,7.0,Xylan,0.5715,7.7763,25.64,EG
P13933,50.0,8.0,Xylan,0.4923,7.7763,25.64,EG
P13933,60.0,4.0,Xylan,0.3836,7.7763,25.64,EG
P13933,60.0,5.0,Xylan,0.5124,7.7763,25.64,EG
P13933,60.0,6.0,Xylan,0.5778,7.7763,25.64,EG
P13933,60.0,7.0,Xylan,0.5704,7.7763,25.64,EG
P13933,60.0,8.0,Xylan,0.4912,7.7763,25.64,EG
P13933,70.0,4.0,Xylan,0.2886,7.7763,25.64,EG
P13933,70.0,5.0,Xylan,0.4044,7.7763,25.64,EG
P13933,70.0,6.0,Xylan,0.4649,7.7763,25.64,EG
P13933,70.0,7.0,Xylan,0.458,7.7763,25.64,EG
P13933,70.0,8.0,Xylan,0.385,7.7763,25.64,EG
P13933,30.0,4.0,Bagasse,0.367,7.7763,25.64,EG
P13933,30.0,5.0,Bagasse,0.4938,7.7763,25.64,EG
P13933,30.0,6.0,Bagasse,0.5585,7.7763,25.64,EG
P13933,30.0,7.0,Bagasse,0.5512,7.7763,25.64,EG
P13933,30.0,8.0,Bagasse,0.4729,7.7763,25.64,EG
P13933,40.0,4.0,Bagasse,0.5812,7.7763,25.64,EG
P13933,40.0,5.0,Bagasse,0.725,7.7763,25.64,EG
P13933,40.0,6.0,Bagasse,0.7938,7.7763,25.64,EG
P13933,40.0,7.0,Bagasse,0.7862,7.7763,25.64,EG
P13933,40.0,8.0,Bagasse,0.7021,7.7763,25.64,EG
P13933,50.0,4.0,Bagasse,0.698,7.7763,25.64,EG
P13933,50.0,5.0,Bagasse,0.8422,7.7763,25.64,EG
P13933,50.0,6.0,Bagasse,0.9055,7.7763,25.64,EG
P13933,50.0,7.0,Bagasse,0.8988,7.7763,25.64,EG
P13933,50.0,8.0,Bagasse,0.82,7.7763,25.64,EG
P13933,60.0,4.0,Bagasse,0.6968,7.7763,25.64,EG
P13933,60.0,5.0,Bagasse,0.8411,7.7763,25.64,EG
P13933,60.0,6.0,Bagasse,0.9044,7.7763,25.64,EG
P13933,60.0,7.0,Bagasse,0.8978,7.7763,25.64,EG
P13933,60.0,8.0,Bagasse,0.8188,7.7763,25.64,EG
P13933,70.0,4.0,Bagasse,0.5778,7.7763,25.64,EG
P13933,70.0,5.0,Bagasse,0.7215,7.7763,25.64,EG
P13933,70.0,6.0,Bagasse,0.7903,7.7763,25.64,EG
P13933,70.0,7.0,Bagasse,0.7827,7.7763,25.64,EG
P13933,70.0,8.0,Bagasse,0.6985,7.7763,25.64,EG
P14090,30.0,4.0,Cellulose,0.5481,37.8744,26.22,EG
P14090,30.0,5.0,Cellulose,0.7448,37.8744,26.22,EG
P14090,30.0,6.0,Cellulose,0.8649,37.8744,26.22,EG
P14090,30.0,7.0,Cellulose,0.9062,37.8744,26.22,EG
P14090,30.0,8.0,Cellulose,0.8791,37.8744,26.22,EG
P14090,40.0,4.0,Cellulose,0.7802,37.8744,26.22,EG
P14090,40.0,5.0,Cellulose,0.9565,37.8744,26.22,EG
P14090,40.0,6.0,Cellulose,0.9978,37.8744,26.22,EG
P14090,40.0,7.0,Cellulose,0.9997,37.8744,26.22,EG
P14090,40.0,8.0,Cellulose,0.9988,37.8744,26.22,EG
P14090,50.0,4.0,Cellulose,0.8903,37.8744,26.22,EG
P14090,50.0,5.0,Cellulose,0.9971,37.8744,26.22,EG
P14090,50.0,6.0,Cellulose,1.0,37.8744,26.22,EG
P14090,50.0,7.0,Cellulose,1.0,37.8744,26.22,EG
P14090,50.0,8.0,Cellulose,1.0,37.8744,26.22,EG
P14090,60.0,4.0,Cellulose,0.886,37.8744,26.22,EG
P14090,60.0,5.0,Cellulose,0.9966,37.8744,26.22,EG
P14090,60.0,6.0,Cellulose,1.0,37.8744,26.22,EG
P14090,60.0,7.0,Cellulose,1.0,37.8744,26.22,EG
P14090,60.0,8.0,Cellulose,1.0,37.8744,26.22,EG
P14090,70.0,4.0,Cellulose,0.7659,37.8744,26.22,EG
P14090,70.0,5.0,Cellulose,0.9469,37.8744,26.22,EG
P14090,70.0,6.0,Cellulose,0.9964,37.8744,26.22,EG
P14090,70.0,7.0,Cellulose,0.9994,37.8744,26.22,EG
P14090,70.0,8.0,Cellulose,0.9979,37.8744,26.22,EG
P14090,30.0,4.0,Xylan,0.223,37.8744,26.22,EG
P14090,30.0,5.0,Xylan,0.3709,37.8744,26.22,EG
P14090,30.0,6.0,Xylan,0.4779,37.8744,26.22,EG
P14090,30.0,7.0,Xylan,0.5205,37.8744,26.22,EG
P14090,30.0,8.0,Xylan,0.492,37.8744,26.22,EG
P14090,40.0,4.0,Xylan,0.4007,37.8744,26.22,EG
P14090,40.0,5.0,Xylan,0.5837,37.8744,26.22,EG
P14090,40.0,6.0,Xylan,0.705,37.8744,26.22,EG
P14090,40.0,7.0,Xylan,0.7511,37.8744,26.22,EG
P14090,40.0,8.0,Xylan,0.7203,37.8744,26.22,EG
P14090,50.0,4.0,Xylan,0.5035,37.8744,26.22,EG
P14090,50.0,5.0,Xylan,0.6973,37.8744,26.22,EG
P14090,50.0,6.0,Xylan,0.8195,37.8744,26.22,EG
P14090,50.0,7.0,Xylan,0.8636,37.8744,26.22,EG
P14090,50.0,8.0,Xylan,0.8344,37.8744,26.22,EG
P14090,60.0,4.0,Xylan,0.4991,37.8744,26.22,EG
P14090,60.0,5.0,Xylan,0.6925,37.8744,26.22,EG
P14090,60.0,6.0,Xylan,0.8148,37.8744,26.22,EG
P14090,60.0,7.0,Xylan,0.8591,37.8744,26.22,EG
P14090,60.0,8.0,Xylan,0.8298,37.8744,26.22,EG
P14090,70.0,4.0,Xylan,0.3885,37.8744,26.22,EG
P14090,70.0,5.0,Xylan,0.5698,37.8744,26.22,EG
P14090,70.0,6.0,Xylan,0.6906,37.8744,26.22,EG
P14090,70.0,7.0,Xylan,0.7367,37.8744,26.22,EG
P14090,70.0,8.0,Xylan,0.7059,37.8744,26.22,EG
P14090,30.0,4.0,Bagasse,0.4904,37.8744,26.22,EG
P14090,30.0,5.0,Bagasse,0.6832,37.8744,26.22,EG
P14090,30.0,6.0,Bagasse,0.8056,37.8744,26.22,EG
P14090,30.0,7.0,Bagasse,0.8503,37.8744,26.22,EG
P14090,30.0,8.0,Bagasse,0.8207,37.8744,26.22,EG
P14090,40.0,4.0,Bagasse,0.7187,37.8744,26.22,EG
P14090,40.0,5.0,Bagasse,0.9102,37.8744,26.22,EG
P14090,40.0,6.0,Bagasse,0.9863,37.8744,26.22,EG
P14090,40.0,7.0,Bagasse,0.9962,37.8744,26.22,EG
P14090,40.0,8.0,Bagasse,0.9907,37.8744,26.22,EG
P14090,50.0,4.0,Bagasse,0.8328,37.8744,26.22,EG
P14090,50.0,5.0,Bagasse,0.9836,37.8744,26.22,EG
P14090,50.0,6.0,Bagasse,0.9998,37.8744,26.22,EG
P14090,50.0,7.0,Bagasse,1.0,37.8744,26.22,EG
P14090,50.0,8.0,Bagasse,0.9999,37.8744,26.22,EG
P14090,60.0,4.0,Bagasse,0.8281,37.8744,26.22,EG
P14090,60.0,5.0,Bagasse,0.9818,37.8744,26.22,EG
P14090,60.0,6.0,Bagasse,0.9997,37.8744,26.22,EG
P14090,60.0,7.0,Bagasse,1.0,37.8744,26.22,EG
P14090,60.0,8.0,Bagasse,0.9999,37.8744,26.22,EG
P14090,70.0,4.0,Bagasse,0.7043,37.8744,26.22,EG
P14090,70.0,5.0,Bagasse,0.8978,37.8744,26.22,EG
P14090,70.0,6.0,Bagasse,0.9811,37.8744,26.22,EG
P14090,70.0,7.0,Bagasse,0.9941,37.8744,26.22,EG
P14090,70.0,8.0,Bagasse,0.9866,37.8744,26.22,EG
P14250,30.0,4.0,Cellulose,0.5371,5.3822,27.5,EG
P14250,30.0,5.0,Cellulose,0.5882,5.3822,27.5,EG
P14250,30.0,6.0,Cellulose,0.5661,5.3822,27.5,EG
P14250,30.0,7.0,Cellulose,0.4735,5.3822,27.5,EG
P14250,30.0,8.0,Cellulose,0.3251,5.3822,27.5,EG
P14250,40.0,4.0,Cellulose,0.7573,5.3822,27.5,EG
P14250,40.0,5.0,Cellulose,0.8102,5.3822,27.5,EG
P14250,40.0,6.0,Cellulose,0.7876,5.3822,27.5,EG
P14250,40.0,7.0,Cellulose,0.6887,5.3822,27.5,EG
P14250,40.0,8.0,Cellulose,0.5182,5.3822,27.5,EG
P14250,50.0,4.0,Cellulose,0.8596,5.3822,27.5,EG
P14250,50.0,5.0,Cellulose,0.9075,5.3822,27.5,EG
P14250,50.0,6.0,Cellulose,0.8876,5.3822,27.5,EG
P14250,50.0,7.0,Cellulose,0.7933,5.3822,27.5,EG
P14250,50.0,8.0,Cellulose,0.6189,5.3822,27.5,EG
P14250,60.0,4.0,Cellulose,0.8461,5.3822,27.5,EG
P14250,60.0,5.0,Cellulose,0.8951,5.3822,27.5,EG
P14250,60.0,6.0,Cellulose,0.8746,5.3822,27.5,EG
P14250,60.0,7.0,Cellulose,0.7791,5.3822,27.5,EG
P14250,60.0,8.0,Cellulose,0.6049,5.3822,27.5,EG
P14250,70.0,4.0,Cellulose,0.7144,5.3822,27.5,EG
P14250,70.0,5.0,Cellulose,0.7678,5.3822,27.5,EG
P14250,70.0,6.0,Cellulose,0.7449,5.3822,27.5,EG
P14250,70.0,7.0,Cellulose,0.6461,5.3822,27.5,EG
P14250,70.0,8.0,Cellulose,0.4787,5.3822,27.5,EG
P14250,30.0,4.0,Xylan,0.2181,5.3822,27.5,EG
P14250,30.0,5.0,Xylan,0.2534,5.3822,27.5,EG
P14250,30.0,6.0,Xylan,0.2379,5.3822,27.5,EG
P14250,30.0,7.0,Xylan,0.1768,5.3822,27.5,EG
P14250,30.0,8.0,Xylan,0.0944,5.3822,27.5,EG
P14250,40.0,4.0,Xylan,0.384,5.3822,27.5,EG
P14250,40.0,5.0,Xylan,0.4297,5.3822,27.5,EG
P14250,40.0,6.0,Xylan,0.4099,5.3822,27.5,EG
P14250,40.0,7.0,Xylan,0.3285,5.3822,27.5,EG
P14250,40.0,8.0,Xylan,0.2055,5.3822,27.5,EG
P14250,50.0,4.0,Xylan,0.4756,5.3822,27.5,EG
P14250,50.0,5.0,Xylan,0.525,5.3822,27.5,EG
P14250,50.0,6.0,Xylan,0.5036,5.3822,27.5,EG
P14250,50.0,7.0,Xylan,0.4148,5.3822,27.5,EG
P14250,50.0,8.0,Xylan,0.2756,5.3822,27.5,EG
P14250,60.0,4.0,Xylan,0.4627,5.3822,27.5,EG
P14250,60.0,5.0,Xylan,0.5116,5.3822,27.5,EG
P14250,60.0,6.0,Xylan,0.4904,5.3822,27.5,EG
P14250,60.0,7.0,Xylan,0.4026,5.3822,27.5,EG
P14250,60.0,8.0,Xylan,0.2654,5.3822,27.5,EG
P14250,70.0,4.0,Xylan,0.3489,5.3822,27.5,EG
P14250,70.0,5.0,Xylan,0.3928,5.3822,27.5,EG
P14250,70.0,6.0,Xylan,0.3737,5.3822,27.5,EG
P14250,70.0,7.0,Xylan,0.2958,5.3822,27.5,EG
P14250,70.0,8.0,Xylan,0.1801,5.3822,27.5,EG
P14250,30.0,4.0,Bagasse,0.4802,5.3822,27.5,EG
P14250,30.0,5.0,Bagasse,0.5297,5.3822,27.5,EG
P14250,30.0,6.0,Bagasse,0.5083,5.3822,27.5,EG
P14250,30.0,7.0,Bagasse,0.4192,5.3822,27.5,EG
P14250,30.0,8.0,Bagasse,0.2792,5.3822,27.5,EG
P14250,40.0,4.0,Bagasse,0.6961,5.3822,27.5,EG
P14250,40.0,5.0,Bagasse,0.7495,5.3822,27.5,EG
P14250,40.0,6.0,Bagasse,0.7266,5.3822,27.5,EG
P14250,40.0,7.0,Bagasse,0.628,5.3822,27.5,EG
P14250,40.0,8.0,Bagasse,0.4621,5.3822,27.5,EG
P14250,50.0,4.0,Bagasse,0.8006,5.3822,27.5,EG
P14250,50.0,5.0,Bagasse,0.8523,5.3822,27.5,EG
P14250,50.0,6.0,Bagasse,0.8304,5.3822,27.5,EG
P14250,50.0,7.0,Bagasse,0.7324,5.3822,27.5,EG
P14250,50.0,8.0,Bagasse,0.5595,5.3822,27.5,EG
P14250,60.0,4.0,Bagasse,0.7865,5.3822,27.5,EG
P14250,60.0,5.0,Bagasse,0.8386,5.3822,27.5,EG
P14250,60.0,6.0,Bagasse,0.8165,5.3822,27.5,EG
P14250,60.0,7.0,Bagasse,0.7181,5.3822,27.5,EG
P14250,60.0,8.0,Bagasse,0.5459,5.3822,27.5,EG
P14250,70.0,4.0,Bagasse,0.6535,5.3822,27.5,EG
P14250,70.0,5.0,Bagasse,0.7066,5.3822,27.5,EG
P14250,70.0,6.0,Bagasse,0.6838,5.3822,27.5,EG
P14250,70.0,7.0,Bagasse,0.5861,5.3822,27.5,EG
P14250,70.0,8.0,Bagasse,0.4241,5.3822,27.5,EG
P16218,30.0,4.0,Cellulose,0.4665,32.3347,28.03,EG
P16218,30.0,5.0,Cellulose,0.6887,32.3347,28.03,EG
P16218,30.0,6.0,Cellulose,0.8408,32.3347,28.03,EG
P16218,30.0,7.0,Cellulose,0.9103,32.3347,28.03,EG
P16218,30.0,8.0,Cellulose,0.9103,32.3347,28.03,EG
P16218,40.0,4.0,Cellulose,0.6803,32.3347,28.03,EG
P16218,40.0,5.0,Cellulose,0.9032,32.3347,28.03,EG
P16218,40.0,6.0,Cellulose,0.9918,32.3347,28.03,EG
P16218,40.0,7.0,Cellulose,0.9994,32.3347,28.03,EG
P16218,40.0,8.0,Cellulose,0.9994,32.3347,28.03,EG
P16218,50.0,4.0,Cellulose,0.7823,32.3347,28.03,EG
P16218,50.0,5.0,Cellulose,0.974,32.3347,28.03,EG
P16218,50.0,6.0,Cellulose,0.9998,32.3347,28.03,EG
P16218,50.0,7.0,Cellulose,1.0,32.3347,28.03,EG
P16218,50.0,8.0,Cellulose,1.0,32.3347,28.03,EG
P16218,60.0,4.0,Cellulose,0.7644,32.3347,28.03,EG
P16218,60.0,5.0,Cellulose,0.9645,32.3347,28.03,EG
P16218,60.0,6.0,Cellulose,0.9996,32.3347,28.03,EG
P16218,60.0,7.0,Cellulose,1.0,32.3347,28.03,EG
P16218,60.0,8.0,Cellulose,1.0,32.3347,28.03,EG
P16218,70.0,4.0,Cellulose,0.6266,32.3347,28.03,EG
P16218,70.0,5.0,Cellulose,0.8545,32.3347,28.03,EG
P16218,70.0,6.0,Cellulose,0.9728,32.3347,28.03,EG
P16218,70.0,7.0,Cellulose,0.9958,32.3347,28.03,EG
P16218,70.0,8.0,Cellulose,0.9958,32.3347,28.03,EG
P16218,30.0,4.0,Xylan,0.1677,32.3347,28.03,EG
P16218,30.0,5.0,Xylan,0.3238,32.3347,28.03,EG
P16218,30.0,6.0,Xylan,0.4539,32.3347,28.03,EG
P16218,30.0,7.0,Xylan,0.5249,32.3347,28.03,EG
P16218,30.0,8.0,Xylan,0.5249,32.3347,28.03,EG
P16218,40.0,4.0,Xylan,0.3172,32.3347,28.03,EG
P16218,40.0,5.0,Xylan,0.517,32.3347,28.03,EG
P16218,40.0,6.0,Xylan,0.6665,32.3347,28.03,EG
P16218,40.0,7.0,Xylan,0.7433,32.3347,28.03,EG
P16218,40.0,8.0,Xylan,0.7433,32.3347,28.03,EG
P16218,50.0,4.0,Xylan,0.401,32.3347,28.03,EG
P16218,50.0,5.0,Xylan,0.6153,32.3347,28.03,EG
P16218,50.0,6.0,Xylan,0.7685,32.3347,28.03,EG
P16218,50.0,7.0,Xylan,0.8436,32.3347,28.03,EG
P16218,50.0,8.0,Xylan,0.8436,32.3347,28.03,EG
P16218,60.0,4.0,Xylan,0.3856,32.3347,28.03,EG
P16218,60.0,5.0,Xylan,0.5977,32.3347,28.03,EG
P16218,60.0,6.0,Xylan,0.7505,32.3347,28.03,EG
P16218,60.0,7.0,Xylan,0.8263,32.3347,28.03,EG
P16218,60.0,8.0,Xylan,0.8263,32.3347,28.03,EG
P16218,70.0,4.0,Xylan,0.2764,32.3347,28.03,EG
P16218,70.0,5.0,Xylan,0.467,32.3347,28.03,EG
P16218,70.0,6.0,Xylan,0.613,32.3347,28.03,EG
P16218,70.0,7.0,Xylan,0.6892,32.3347,28.03,EG
P16218,70.0,8.0,Xylan,0.6892,32.3347,28.03,EG
P16218,30.0,4.0,Bagasse,0.4116,32.3347,28.03,EG
P16218,30.0,5.0,Bagasse,0.6274,32.3347,28.03,EG
P16218,30.0,6.0,Bagasse,0.7806,32.3347,28.03,EG
P16218,30.0,7.0,Bagasse,0.8552,32.3347,28.03,EG
P16218,30.0,8.0,Bagasse,0.8552,32.3347,28.03,EG
P16218,40.0,4.0,Bagasse,0.6191,32.3347,28.03,EG
P16218,40.0,5.0,Bagasse,0.8473,32.3347,28.03,EG
P16218,40.0,6.0,Bagasse,0.9689,32.3347,28.03,EG
P16218,40.0,7.0,Bagasse,0.9947,32.3347,28.03,EG
P16218,40.0,8.0,Bagasse,0.9947,32.3347,28.03,EG
P16218,50.0,4.0,Bagasse,0.7207,32.3347,28.03,EG
P16218,50.0,5.0,Bagasse,0.9357,32.3347,28.03,EG
P16218,50.0,6.0,Bagasse,0.9976,32.3347,28.03,EG
P16218,50.0,7.0,Bagasse,0.9999,32.3347,28.03,EG
P16218,50.0,8.0,Bagasse,0.9999,32.3347,28.03,EG
P16218,60.0,4.0,Bagasse,0.7027,32.3347,28.03,EG
P16218,60.0,5.0,Bagasse,0.9218,32.3347,28.03,EG
P16218,60.0,6.0,Bagasse,0.9957,32.3347,28.03,EG
P16218,60.0,7.0,Bagasse,0.9998,32.3347,28.03,EG
P16218,60.0,8.0,Bagasse,0.9998,32.3347,28.03,EG
P16218,70.0,4.0,Bagasse,0.5664,32.3347,28.03,EG
P16218,70.0,5.0,Bagasse,0.7949,32.3347,28.03,EG
P16218,70.0,6.0,Bagasse,0.9339,32.3347,28.03,EG
P16218,70.0,7.0,Bagasse,0.9796,32.3347,28.03,EG
P16218,70.0,8.0,Bagasse,0.9796,32.3347,28.03,EG
P17901,30.0,4.0,Cellulose,0.4946,8.8987,27.08,EG
P17901,30.0,5.0,Cellulose,0.6187,8.8987,27.08,EG
P17901,30.0,6.0,Cellulose,0.6717,8.8987,27.08,EG
P17901,30.0,7.0,Cellulose,0.6489,8.8987,27.08,EG
P17901,30.0,8.0,Cellulose,0.552,8.8987,27.08,EG
P17901,40.0,4.0,Cellulose,0.7164,8.8987,27.08,EG
P17901,40.0,5.0,Cellulose,0.8448,8.8987,27.08,EG
P17901,40.0,6.0,Cellulose,0.8941,8.8987,27.08,EG
P17901,40.0,7.0,Cellulose,0.8735,8.8987,27.08,EG
P17901,40.0,8.0,Cellulose,0.7775,8.8987,27.08,EG
P17901,50.0,4.0,Cellulose,0.8243,8.8987,27.08,EG
P17901,50.0,5.0,Cellulose,0.9391,8.8987,27.08,EG
P17901,50.0,6.0,Cellulose,0.9726,8.8987,27.08,EG
P17901,50.0,7.0,Cellulose,0.9598,8.8987,27.08,EG
P17901,50.0,8.0,Cellulose,0.882,8.8987,27.08,EG
P17901,60.0,4.0,Cellulose,0.8138,8.8987,27.08,EG
P17901,60.0,5.0,Cellulose,0.931,8.8987,27.08,EG
P17901,60.0,6.0,Cellulose,0.9669,8.8987,27.08,EG
P17901,60.0,7.0,Cellulose,0.953,8.8987,27.08,EG
P17901,60.0,8.0,Cellulose,0.8721,8.8987,27.08,EG
P17901,70.0,4.0,Cellulose,0.6841,8.8987,27.08,EG
P17901,70.0,5.0,Cellulose,0.8136,8.8987,27.08,EG
P17901,70.0,6.0,Cellulose,0.8648,8.8987,27.08,EG
P17901,70.0,7.0,Cellulose,0.8432,8.8987,27.08,EG
P17901,70.0,8.0,Cellulose,0.7453,8.8987,27.08,EG
P17901,30.0,4.0,Xylan,0.1887,8.8987,27.08,EG
P17901,30.0,5.0,Xylan,0.274,8.8987,27.08,EG
P17901,30.0,6.0,Xylan,0.3138,8.8987,27.08,EG
P17901,30.0,7.0,Xylan,0.2964,8.8987,27.08,EG
P17901,30.0,8.0,Xylan,0.2267,8.8987,27.08,EG
P17901,40.0,4.0,Xylan,0.3489,8.8987,27.08,EG
P17901,40.0,5.0,Xylan,0.46,8.8987,27.08,EG
P17901,40.0,6.0,Xylan,0.509,8.8987,27.08,EG
P17901,40.0,7.0,Xylan,0.4878,8.8987,27.08,EG
P17901,40.0,8.0,Xylan,0.3997,8.8987,27.08,EG
P17901,50.0,4.0,Xylan,0.441,8.8987,27.08,EG
P17901,50.0,5.0,Xylan,0.5612,8.8987,27.08,EG
P17901,50.0,6.0,Xylan,0.6131,8.8987,27.08,EG
P17901,50.0,7.0,Xylan,0.5908,8.8987,27.08,EG
P17901,50.0,8.0,Xylan,0.4964,8.8987,27.08,EG
P17901,60.0,4.0,Xylan,0.4315,8.8987,27.08,EG
P17901,60.0,5.0,Xylan,0.5509,8.8987,27.08,EG
P17901,60.0,6.0,Xylan,0.6026,8.8987,27.08,EG
P17901,60.0,7.0,Xylan,0.5803,8.8987,27.08,EG
P17901,60.0,8.0,Xylan,0.4865,8.8987,27.08,EG
P17901,70.0,4.0,Xylan,0.3234,8.8987,27.08,EG
P17901,70.0,5.0,Xylan,0.4313,8.8987,27.08,EG
P17901,70.0,6.0,Xylan,0.4793,8.8987,27.08,EG
P17901,70.0,7.0,Xylan,0.4585,8.8987,27.08,EG
P17901,70.0,8.0,Xylan,0.3725,8.8987,27.08,EG
P17901,30.0,4.0,Bagasse,0.4391,8.8987,27.08,EG
P17901,30.0,5.0,Bagasse,0.5592,8.8987,27.08,EG
P17901,30.0,6.0,Bagasse,0.6111,8.8987,27.08,EG
P17901,30.0,7.0,Bagasse,0.5887,8.8987,27.08,EG
P17901,30.0,8.0,Bagasse,0.4944,8.8987,27.08,EG
P17901,40.0,4.0,Bagasse,0.6551,8.8987,27.08,EG
P17901,40.0,5.0,Bagasse,0.7849,8.8987,27.08,EG
P17901,40.0,6.0,Bagasse,0.8373,8.8987,27.08,EG
P17901,40.0,7.0,Bagasse,0.815,8.8987,27.08,EG
P17901,40.0,8.0,Bagasse,0.7162,8.8987,27.08,EG
P17901,50.0,4.0,Bagasse,0.7637,8.8987,27.08,EG
P17901,50.0,5.0,Bagasse,0.8887,8.8987,27.08,EG
P17901,50.0,6.0,Bagasse,0.9333,8.8987,27.08,EG
P17901,50.0,7.0,Bagasse,0.915,8.8987,27.08,EG
P17901,50.0,8.0,Bagasse,0.8241,8.8987,27.08,EG
P17901,60.0,4.0,Bagasse,0.753,8.8987,27.08,EG
P17901,60.0,5.0,Bagasse,0.879,8.8987,27.08,EG
P17901,60.0,6.0,Bagasse,0.9249,8.8987,27.08,EG
P17901,60.0,7.0,Bagasse,0.906,8.8987,27.08,EG
P17901,60.0,8.0,Bagasse,0.8136,8.8987,27.08,EG
P17901,70.0,4.0,Bagasse,0.6233,8.8987,27.08,EG
P17901,70.0,5.0,Bagasse,0.7528,8.8987,27.08,EG
P17901,70.0,6.0,Bagasse,0.8059,8.8987,27.08,EG
P17901,70.0,7.0,Bagasse,0.7832,8.8987,27.08,EG
P17901,70.0,8.0,Bagasse,0.6839,8.8987,27.08,EG
P18126,30.0,4.0,Cellulose,0.312,2.0094,26.09,EG
P18126,30.0,5.0,Cellulose,0.3916,2.0094,26.09,EG
P18126,30.0,6.0,Cellulose,0.4111,2.0094,26.09,EG
P18126,30.0,7.0,Cellulose,0.3663,2.0094,26.09,EG
P18126,30.0,8.0,Cellulose,0.2671,2.0094,26.09,EG
P18126,40.0,4.0,Cellulose,0.5111,2.0094,26.09,EG
P18126,40.0,5.0,Cellulose,0.6059,2.0094,26.09,EG
P18126,40.0,6.0,Cellulose,0.6283,2.0094,26.09,EG
P18126,40.0,7.0,Cellulose,0.5762,2.0094,26.09,EG
P18126,40.0,8.0,Cellulose,0.4554,2.0094,26.09,EG
P18126,50.0,4.0,Cellulose,0.6208,2.0094,26.09,EG
P18126,50.0,5.0,Cellulose,0.7195,2.0094,26.09,EG
P18126,50.0,6.0,Cellulose,0.7424,2.0094,26.09,EG
P18126,50.0,7.0,Cellulose,0.6889,2.0094,26.09,EG
P18126,50.0,8.0,Cellulose,0.5616,2.0094,26.09,EG
P18126,60.0,4.0,Cellulose,0.6161,2.0094,26.09,EG
P18126,60.0,5.0,Cellulose,0.7147,2.0094,26.09,EG
P18126,60.0,6.0,Cellulose,0.7376,2.0094,26.09,EG
P18126,60.0,7.0,Cellulose,0.6842,2.0094,26.09,EG
P18126,60.0,8.0,Cellulose,0.557,2.0094,26.09,EG
P18126,70.0,4.0,Cellulose,0.4979,2.0094,26.09,EG
P18126,70.0,5.0,Cellulose,0.5919,2.0094,26.09,EG
P18126,70.0,6.0,Cellulose,0.6143,2.0094,26.09,EG
P18126,70.0,7.0,Cellulose,0.5625,2.0094,26.09,EG
P18126,70.0,8.0,Cellulose,0.4427,2.0094,26.09,EG
P18126,30.0,4.0,Xylan,0.0883,2.0094,26.09,EG
P18126,30.0,5.0,Xylan,0.129,2.0094,26.09,EG
P18126,30.0,6.0,Xylan,0.1399,2.0094,26.09,EG
P18126,30.0,7.0,Xylan,0.1154,2.0094,26.09,EG
P18126,30.0,8.0,Xylan,0.0683,2.0094,26.09,EG
P18126,40.0,4.0,Xylan,0.201,2.0094,26.09,EG
P18126,40.0,5.0,Xylan,0.2662,2.0094,26.09,EG
P18126,40.0,6.0,Xylan,0.2825,2.0094,26.09,EG
P18126,40.0,7.0,Xylan,0.2451,2.0094,26.09,EG
P18126,40.0,8.0,Xylan,0.166,2.0094,26.09,EG
P18126,50.0,4.0,Xylan,0.277,2.0094,26.09,EG
P18126,50.0,5.0,Xylan,0.3527,2.0094,26.09,EG
P18126,50.0,6.0,Xylan,0.3714,2.0094,26.09,EG
P18126,50.0,7.0,Xylan,0.3285,2.0094,26.09,EG
P18126,50.0,8.0,Xylan,0.2349,2.0094,26.09,EG
P18126,60.0,4.0,Xylan,0.2736,2.0094,26.09,EG
P18126,60.0,5.0,Xylan,0.3489,2.0094,26.09,EG
P18126,60.0,6.0,Xylan,0.3675,2.0094,26.09,EG
P18126,60.0,7.0,Xylan,0.3248,2.0094,26.09,EG
P18126,60.0,8.0,Xylan,0.2318,2.0094,26.09,EG
P18126,70.0,4.0,Xylan,0.1925,2.0094,26.09,EG
P18126,70.0,5.0,Xylan,0.2562,2.0094,26.09,EG
P18126,70.0,6.0,Xylan,0.2722,2.0094,26.09,EG
P18126,70.0,7.0,Xylan,0.2355,2.0094,26.09,EG
P18126,70.0,8.0,Xylan,0.1583,2.0094,26.09,EG
P18126,30.0,4.0,Bagasse,0.267,2.0094,26.09,EG
P18126,30.0,5.0,Bagasse,0.3415,2.0094,26.09,EG
P18126,30.0,6.0,Bagasse,0.3599,2.0094,26.09,EG
P18126,30.0,7.0,Bagasse,0.3177,2.0094,26.09,EG
P18126,30.0,8.0,Bagasse,0.2257,2.0094,26.09,EG
P18126,40.0,4.0,Bagasse,0.4552,2.0094,26.09,EG
P18126,40.0,5.0,Bagasse,0.5468,2.0094,26.09,EG
P18126,40.0,6.0,Bagasse,0.5687,2.0094,26.09,EG
P18126,40.0,7.0,Bagasse,0.5181,2.0094,26.09,EG
P18126,40.0,8.0,Bagasse,0.402,2.0094,26.09,EG
P18126,50.0,4.0,Bagasse,0.5614,2.0094,26.09,EG
P18126,50.0,5.0,Bagasse,0.6583,2.0094,26.09,EG
P18126,50.0,6.0,Bagasse,0.6811,2.0094,26.09,EG
P18126,50.0,7.0,Bagasse,0.6281,2.0094,26.09,EG
P18126,50.0,8.0,Bagasse,0.5039,2.0094,26.09,EG
P18126,60.0,4.0,Bagasse,0.5568,2.0094,26.09,EG
P18126,60.0,5.0,Bagasse,0.6536,2.0094,26.09,EG
P18126,60.0,6.0,Bagasse,0.6763,2.0094,26.09,EG
P18126,60.0,7.0,Bagasse,0.6234,2.0094,26.09,EG
P18126,60.0,8.0,Bagasse,0.4995,2.0094,26.09,EG
P18126,70.0,4.0,Bagasse,0.4425,2.0094,26.09,EG
P18126,70.0,5.0,Bagasse,0.5333,2.0094,26.09,EG
P18126,70.0,6.0,Bagasse,0.555,2.0094,26.09,EG
P18126,70.0,7.0,Bagasse,0.5047,2.0094,26.09,EG
P18126,70.0,8.0,Bagasse,0.3899,2.0094,26.09,EG
P22533,30.0,4.0,Cellulose,0.6445,55.9954,27.7,EG
P22533,30.0,5.0,Cellulose,0.8422,55.9954,27.7,EG
P22533,30.0,6.0,Cellulose,0.9469,55.9954,27.7,EG
P22533,30.0,7.0,Cellulose,0.9741,55.9954,27.7,EG
P22533,30.0,8.0,Cellulose,0.957,55.9954,27.7,EG
P22533,40.0,4.0,Cellulose,0.8655,55.9954,27.7,EG
P22533,40.0,5.0,Cellulose,0.9927,55.9954,27.7,EG
P22533,40.0,6.0,Cellulose,1.0,55.9954,27.7,EG
P22533,40.0,7.0,Cellulose,1.0,55.9954,27.7,EG
P22533,40.0,8.0,Cellulose,1.0,55.9954,27.7,EG
P22533,50.0,4.0,Cellulose,0.9511,55.9954,27.7,EG
P22533,50.0,5.0,Cellulose,0.9999,55.9954,27.7,EG
P22533,50.0,6.0,Cellulose,1.0,55.9954,27.7,EG
P22533,50.0,7.0,Cellulose,1.0,55.9954,27.7,EG
P22533,50.0,8.0,Cellulose,1.0,55.9954,27.7,EG
P22533,60.0,4.0,Cellulose,0.9403,55.9954,27.7,EG
P22533,60.0,5.0,Cellulose,0.9997,55.9954,27.7,EG
P22533,60.0,6.0,Cellulose,1.0,55.9954,27.7,EG
P22533,60.0,7.0,Cellulose,1.0,55.9954,27.7,EG
P22533,60.0,8.0,Cellulose,1.0,55.9954,27.7,EG
P22533,70.0,4.0,Cellulose,0.821,55.9954,27.7,EG
P22533,70.0,5.0,Cellulose,0.978,55.9954,27.7,EG
P22533,70.0,6.0,Cellulose,0.9995,55.9954,27.7,EG
P22533,70.0,7.0,Cellulose,1.0,55.9954,27.7,EG
P22533,70.0,8.0,Cellulose,0.9998,55.9954,27.7,EG
P22533,30.0,4.0,Xylan,0.2907,55.9954,27.7,EG
P22533,30.0,5.0,Xylan,0.456,55.9954,27.7,EG
P22533,30.0,6.0,Xylan,0.5708,55.9954,27.7,EG
P22533,30.0,7.0,Xylan,0.6157,55.9954,27.7,EG
P22533,30.0,8.0,Xylan,0.5857,55.9954,27.7,EG
P22533,40.0,4.0,Xylan,0.4784,55.9954,27.7,EG
P22533,40.0,5.0,Xylan,0.6705,55.9954,27.7,EG
P22533,40.0,6.0,Xylan,0.793,55.9954,27.7,EG
P22533,40.0,7.0,Xylan,0.8379,55.9954,27.7,EG
P22533,40.0,8.0,Xylan,0.8081,55.9954,27.7,EG
P22533,50.0,4.0,Xylan,0.5768,55.9954,27.7,EG
P22533,50.0,5.0,Xylan,0.7748,55.9954,27.7,EG
P22533,50.0,6.0,Xylan,0.8918,55.9954,27.7,EG
P22533,50.0,7.0,Xylan,0.9301,55.9954,27.7,EG
P22533,50.0,8.0,Xylan,0.9051,55.9954,27.7,EG
P22533,60.0,4.0,Xylan,0.5618,55.9954,27.7,EG
P22533,60.0,5.0,Xylan,0.7592,55.9954,27.7,EG
P22533,60.0,6.0,Xylan,0.8779,55.9954,27.7,EG
P22533,60.0,7.0,Xylan,0.9177,55.9954,27.7,EG
P22533,60.0,8.0,Xylan,0.8916,55.9954,27.7,EG
P22533,70.0,4.0,Xylan,0.4362,55.9954,27.7,EG
P22533,70.0,5.0,Xylan,0.6242,55.9954,27.7,EG
P22533,70.0,6.0,Xylan,0.7465,55.9954,27.7,EG
P22533,70.0,7.0,Xylan,0.7923,55.9954,27.7,EG
P22533,70.0,8.0,Xylan,0.7619,55.9954,27.7,EG
P22533,30.0,4.0,Bagasse,0.584,55.9954,27.7,EG
P22533,30.0,5.0,Bagasse,0.7821,55.9954,27.7,EG
P22533,30.0,6.0,Bagasse,0.8983,55.9954,27.7,EG
P22533,30.0,7.0,Bagasse,0.9357,55.9954,27.7,EG
P22533,30.0,8.0,Bagasse,0.9114,55.9954,27.7,EG
P22533,40.0,4.0,Bagasse,0.8065,55.9954,27.7,EG
P22533,40.0,5.0,Bagasse,0.971,55.9954,27.7,EG
P22533,40.0,6.0,Bagasse,0.9991,55.9954,27.7,EG
P22533,40.0,7.0,Bagasse,0.9999,55.9954,27.7,EG
P22533,40.0,8.0,Bagasse,0.9995,55.9954,27.7,EG
P22533,50.0,4.0,Bagasse,0.9037,55.9954,27.7,EG
P22533,50.0,5.0,Bagasse,0.9982,55.9954,27.7,EG
P22533,50.0,6.0,Bagasse,1.0,55.9954,27.7,EG
P22533,50.0,7.0,Bagasse,1.0,55.9954,27.7,EG
P22533,50.0,8.0,Bagasse,1.0,55.9954,27.7,EG
P22533,60.0,4.0,Bagasse,0.8901,55.9954,27.7,EG
P22533,60.0,5.0,Bagasse,0.9968,55.9954,27.7,EG
P22533,60.0,6.0,Bagasse,1.0,55.9954,27.7,EG
P22533,60.0,7.0,Bagasse,1.0,55.9954,27.7,EG
P22533,60.0,8.0,Bagasse,1.0,55.9954,27.7,EG
P22533,70.0,4.0,Bagasse,0.7602,55.9954,27.7,EG
P22533,70.0,5.0,Bagasse,0.9421,55.9954,27.7,EG
P22533,70.0,6.0,Bagasse,0.9952,55.9954,27.7,EG
P22533,70.0,7.0,Bagasse,0.9991,55.9954,27.7,EG
P22533,70.0,8.0,Bagasse,0.9971,55.9954,27.7,EG
P22534,30.0,4.0,Cellulose,0.7555,18.7343,28.35,EG
P22534,30.0,5.0,Cellulose,0.8158,18.7343,28.35,EG
P22534,30.0,6.0,Cellulose,0.8009,18.7343,28.35,EG
P22534,30.0,7.0,Cellulose,0.7098,18.7343,28.35,EG
P22534,30.0,8.0,Cellulose,0.5451,18.7343,28.35,EG
P22534,40.0,4.0,Cellulose,0.9514,18.7343,28.35,EG
P22534,40.0,5.0,Cellulose,0.9831,18.7343,28.35,EG
P22534,40.0,6.0,Cellulose,0.9769,18.7343,28.35,EG
P22534,40.0,7.0,Cellulose,0.9173,18.7343,28.35,EG
P22534,40.0,8.0,Cellulose,0.76,18.7343,28.35,EG
P22534,50.0,4.0,Cellulose,0.9934,18.7343,28.35,EG
P22534,50.0,5.0,Cellulose,0.9992,18.7343,28.35,EG
P22534,50.0,6.0,Cellulose,0.9986,18.7343,28.35,EG
P22534,50.0,7.0,Cellulose,0.98,18.7343,28.35,EG
P22534,50.0,8.0,Cellulose,0.8564,18.7343,28.35,EG
P22534,60.0,4.0,Cellulose,0.9887,18.7343,28.35,EG
P22534,60.0,5.0,Cellulose,0.9983,18.7343,28.35,EG
P22534,60.0,6.0,Cellulose,0.997,18.7343,28.35,EG
P22534,60.0,7.0,Cellulose,0.9707,18.7343,28.35,EG
P22534,60.0,8.0,Cellulose,0.8372,18.7343,28.35,EG
P22534,70.0,4.0,Cellulose,0.9048,18.7343,28.35,EG
P22534,70.0,5.0,Cellulose,0.9515,18.7343,28.35,EG
P22534,70.0,6.0,Cellulose,0.941,18.7343,28.35,EG
P22534,70.0,7.0,Cellulose,0.864,18.7343,28.35,EG
P22534,70.0,8.0,Cellulose,0.6993,18.7343,28.35,EG
P22534,30.0,4.0,Xylan,0.382,18.7343,28.35,EG
P22534,30.0,5.0,Xylan,0.4345,18.7343,28.35,EG
P22534,30.0,6.0,Xylan,0.4211,18.7343,28.35,EG
P22534,30.0,7.0,Xylan,0.3445,18.7343,28.35,EG
P22534,30.0,8.0,Xylan,0.2227,18.7343,28.35,EG
P22534,40.0,4.0,Xylan,0.5802,18.7343,28.35,EG
P22534,40.0,5.0,Xylan,0.6398,18.7343,28.35,EG
P22534,40.0,6.0,Xylan,0.6248,18.7343,28.35,EG
P22534,40.0,7.0,Xylan,0.5363,18.7343,28.35,EG
P22534,40.0,8.0,Xylan,0.3858,18.7343,28.35,EG
P22534,50.0,4.0,Xylan,0.6775,18.7343,28.35,EG
P22534,50.0,5.0,Xylan,0.7384,18.7343,28.35,EG
P22534,50.0,6.0,Xylan,0.7232,18.7343,28.35,EG
P22534,50.0,7.0,Xylan,0.6321,18.7343,28.35,EG
P22534,50.0,8.0,Xylan,0.4724,18.7343,28.35,EG
P22534,60.0,4.0,Xylan,0.6573,18.7343,28.35,EG
P22534,60.0,5.0,Xylan,0.7182,18.7343,28.35,EG
P22534,60.0,6.0,Xylan,0.7029,18.7343,28.35,EG
P22534,60.0,7.0,Xylan,0.6122,18.7343,28.35,EG
P22534,60.0,8.0,Xylan,0.4542,18.7343,28.35,EG
P22534,70.0,4.0,Xylan,0.5222,18.7343,28.35,EG
P22534,70.0,5.0,Xylan,0.5804,18.7343,28.35,EG
P22534,70.0,6.0,Xylan,0.5657,18.7343,28.35,EG
P22534,70.0,7.0,Xylan,0.4798,18.7343,28.35,EG
P22534,70.0,8.0,Xylan,0.3362,18.7343,28.35,EG
P22534,30.0,4.0,Bagasse,0.6943,18.7343,28.35,EG
P22534,30.0,5.0,Bagasse,0.7553,18.7343,28.35,EG
P22534,30.0,6.0,Bagasse,0.7401,18.7343,28.35,EG
P22534,30.0,7.0,Bagasse,0.6488,18.7343,28.35,EG
P22534,30.0,8.0,Bagasse,0.4879,18.7343,28.35,EG
P22534,40.0,4.0,Bagasse,0.9045,18.7343,28.35,EG
P22534,40.0,5.0,Bagasse,0.9512,18.7343,28.35,EG
P22534,40.0,6.0,Bagasse,0.9407,18.7343,28.35,EG
P22534,40.0,7.0,Bagasse,0.8636,18.7343,28.35,EG
P22534,40.0,8.0,Bagasse,0.6989,18.7343,28.35,EG
P22534,50.0,4.0,Bagasse,0.9731,18.7343,28.35,EG
P22534,50.0,5.0,Bagasse,0.9934,18.7343,28.35,EG
P22534,50.0,6.0,Bagasse,0.99,18.7343,28.35,EG
P22534,50.0,7.0,Bagasse,0.9459,18.7343,28.35,EG
P22534,50.0,8.0,Bagasse,0.7974,18.7343,28.35,EG
P22534,60.0,4.0,Bagasse,0.9623,18.7343,28.35,EG
P22534,60.0,5.0,Bagasse,0.9887,18.7343,28.35,EG
P22534,60.0,6.0,Bagasse,0.9839,18.7343,28.35,EG
P22534,60.0,7.0,Bagasse,0.9311,18.7343,28.35,EG
P22534,60.0,8.0,Bagasse,0.7774,18.7343,28.35,EG
P22534,70.0,4.0,Bagasse,0.8495,18.7343,28.35,EG
P22534,70.0,5.0,Bagasse,0.9047,18.7343,28.35,EG
P22534,70.0,6.0,Bagasse,0.8915,18.7343,28.35,EG
P22534,70.0,7.0,Bagasse,0.8053,18.7343,28.35,EG
P22534,70.0,8.0,Bagasse,0.6384,18.7343,28.35,EG
P22699,30.0,4.0,Cellulose,0.4285,5.3538,27.66,EG
P22699,30.0,5.0,Cellulose,0.5478,5.3538,27.66,EG
P22699,30.0,6.0,Cellulose,0.5995,5.3538,27.66,EG
P22699,30.0,7.0,Cellulose,0.5772,5.3538,27.66,EG
P22699,30.0,8.0,Cellulose,0.4834,5.3538,27.66,EG
P22699,40.0,4.0,Cellulose,0.6387,5.3538,27.66,EG
P22699,40.0,5.0,Cellulose,0.7685,5.3538,27.66,EG
P22699,40.0,6.0,Cellulose,0.8213,5.3538,27.66,EG
P22699,40.0,7.0,Cellulose,0.7988,5.3538,27.66,EG
P22699,40.0,8.0,Cellulose,0.6997,5.3538,27.66,EG
P22699,50.0,4.0,Cellulose,0.7425,5.3538,27.66,EG
P22699,50.0,5.0,Cellulose,0.8692,5.3538,27.66,EG
P22699,50.0,6.0,Cellulose,0.9162,5.3538,27.66,EG
P22699,50.0,7.0,Cellulose,0.8967,5.3538,27.66,EG
P22699,50.0,8.0,Cellulose,0.8033,5.3538,27.66,EG
P22699,60.0,4.0,Cellulose,0.7269,5.3538,27.66,EG
P22699,60.0,5.0,Cellulose,0.8547,5.3538,27.66,EG
P22699,60.0,6.0,Cellulose,0.9031,5.3538,27.66,EG
P22699,60.0,7.0,Cellulose,0.8829,5.3538,27.66,EG
P22699,60.0,8.0,Cellulose,0.7879,5.3538,27.66,EG
P22699,70.0,4.0,Cellulose,0.593,5.3538,27.66,EG
P22699,70.0,5.0,Cellulose,0.7219,5.3538,27.66,EG
P22699,70.0,6.0,Cellulose,0.7754,5.3538,27.66,EG
P22699,70.0,7.0,Cellulose,0.7525,5.3538,27.66,EG
P22699,70.0,8.0,Cellulose,0.6532,5.3538,27.66,EG
P22699,30.0,4.0,Xylan,0.1477,5.3538,27.66,EG
P22699,30.0,5.0,Xylan,0.2232,5.3538,27.66,EG
P22699,30.0,6.0,Xylan,0.2594,5.3538,27.66,EG
P22699,30.0,7.0,Xylan,0.2435,5.3538,27.66,EG
P22699,30.0,8.0,Xylan,0.181,5.3538,27.66,EG
P22699,40.0,4.0,Xylan,0.2881,5.3538,27.66,EG
P22699,40.0,5.0,Xylan,0.3916,5.3538,27.66,EG
P22699,40.0,6.0,Xylan,0.438,5.3538,27.66,EG
P22699,40.0,7.0,Xylan,0.4178,5.3538,27.66,EG
P22699,40.0,8.0,Xylan,0.3351,5.3538,27.66,EG
P22699,50.0,4.0,Xylan,0.3697,5.3538,27.66,EG
P22699,50.0,5.0,Xylan,0.4834,5.3538,27.66,EG
P22699,50.0,6.0,Xylan,0.5333,5.3538,27.66,EG
P22699,50.0,7.0,Xylan,0.5118,5.3538,27.66,EG
P22699,50.0,8.0,Xylan,0.4218,5.3538,27.66,EG
P22699,60.0,4.0,Xylan,0.357,5.3538,27.66,EG
P22699,60.0,5.0,Xylan,0.4693,5.3538,27.66,EG
P22699,60.0,6.0,Xylan,0.5187,5.3538,27.66,EG
P22699,60.0,7.0,Xylan,0.4973,5.3538,27.66,EG
P22699,60.0,8.0,Xylan,0.4083,5.3538,27.66,EG
P22699,70.0,4.0,Xylan,0.2547,5.3538,27.66,EG
P22699,70.0,5.0,Xylan,0.3529,5.3538,27.66,EG
P22699,70.0,6.0,Xylan,0.3975,5.3538,27.66,EG
P22699,70.0,7.0,Xylan,0.3781,5.3538,27.66,EG
P22699,70.0,8.0,Xylan,0.299,5.3538,27.66,EG
P22699,30.0,4.0,Bagasse,0.3759,5.3538,27.66,EG
P22699,30.0,5.0,Bagasse,0.4903,5.3538,27.66,EG
P22699,30.0,6.0,Bagasse,0.5404,5.3538,27.66,EG
P22699,30.0,7.0,Bagasse,0.5187,5.3538,27.66,EG
P22699,30.0,8.0,Bagasse,0.4283,5.3538,27.66,EG
P22699,40.0,4.0,Bagasse,0.5787,5.3538,27.66,EG
P22699,40.0,5.0,Bagasse,0.7071,5.3538,27.66,EG
P22699,40.0,6.0,Bagasse,0.7607,5.3538,27.66,EG
P22699,40.0,7.0,Bagasse,0.7377,5.3538,27.66,EG
P22699,40.0,8.0,Bagasse,0.6386,5.3538,27.66,EG
P22699,50.0,4.0,Bagasse,0.6811,5.3538,27.66,EG
P22699,50.0,5.0,Bagasse,0.8106,5.3538,27.66,EG
P22699,50.0,6.0,Bagasse,0.8619,5.3538,27.66,EG
P22699,50.0,7.0,Bagasse,0.8402,5.3538,27.66,EG
P22699,50.0,8.0,Bagasse,0.7423,5.3538,27.66,EG
P22699,60.0,4.0,Bagasse,0.6656,5.3538,27.66,EG
P22699,60.0,5.0,Bagasse,0.7953,5.3538,27.66,EG
P22699,60.0,6.0,Bagasse,0.8473,5.3538,27.66,EG
P22699,60.0,7.0,Bagasse,0.8253,5.3538,27.66,EG
P22699,60.0,8.0,Bagasse,0.7267,5.3538,27.66,EG
P22699,70.0,4.0,Bagasse,0.534,5.3538,27.66,EG
P22699,70.0,5.0,Bagasse,0.6606,5.3538,27.66,EG
P22699,70.0,6.0,Bagasse,0.714,5.3538,27.66,EG
P22699,70.0,7.0,Bagasse,0.6911,5.3538,27.66,EG
P22699,70.0,8.0,Bagasse,0.5928,5.3538,27.66,EG
P23665,30.0,4.0,Cellulose,0.5041,45.9343,28.39,EG
P23665,30.0,5.0,Cellulose,0.7374,45.9343,28.39,EG
P23665,30.0,6.0,Cellulose,0.8927,45.9343,28.39,EG
P23665,30.0,7.0,Cellulose,0.9575,45.9343,28.39,EG
P23665,30.0,8.0,Cellulose,0.9621,45.9343,28.39,EG
P23665,40.0,4.0,Cellulose,0.7189,45.9343,28.39,EG
P23665,40.0,5.0,Cellulose,0.9399,45.9343,28.39,EG
P23665,40.0,6.0,Cellulose,0.9985,45.9343,28.39,EG
P23665,40.0,7.0,Cellulose,1.0,45.9343,28.39,EG
P23665,40.0,8.0,Cellulose,1.0,45.9343,28.39,EG
P23665,50.0,4.0,Cellulose,0.8178,45.9343,28.39,EG
P23665,50.0,5.0,Cellulose,0.9898,45.9343,28.39,EG
P23665,50.0,6.0,Cellulose,1.0,45.9343,28.39,EG
P23665,50.0,7.0,Cellulose,1.0,45.9343,28.39,EG
P23665,50.0,8.0,Cellulose,1.0,45.9343,28.39,EG
P23665,60.0,4.0,Cellulose,0.7979,45.9343,28.39,EG
P23665,60.0,5.0,Cellulose,0.9836,45.9343,28.39,EG
P23665,60.0,6.0,Cellulose,1.0,45.9343,28.39,EG
P23665,60.0,7.0,Cellulose,1.0,45.9343,28.39,EG
P23665,60.0,8.0,Cellulose,1.0,45.9343,28.39,EG
P23665,70.0,4.0,Cellulose,0.6577,45.9343,28.39,EG
P23665,70.0,5.0,Cellulose,0.8902,45.9343,28.39,EG
P23665,70.0,6.0,Cellulose,0.99,45.9343,28.39,EG
P23665,70.0,7.0,Cellulose,0.9994,45.9343,28.39,EG
P23665,70.0,8.0,Cellulose,0.9996,45.9343,28.39,EG
P23665,30.0,4.0,Xylan,0.1909,45.9343,28.39,EG
P23665,30.0,5.0,Xylan,0.3627,45.9343,28.39,EG
P23665,30.0,6.0,Xylan,0.5055,45.9343,28.39,EG
P23665,30.0,7.0,Xylan,0.5863,45.9343,28.39,EG
P23665,30.0,8.0,Xylan,0.5938,45.9343,28.39,EG
P23665,40.0,4.0,Xylan,0.3475,45.9343,28.39,EG
P23665,40.0,5.0,Xylan,0.5609,45.9343,28.39,EG
P23665,40.0,6.0,Xylan,0.7204,45.9343,28.39,EG
P23665,40.0,7.0,Xylan,0.8045,45.9343,28.39,EG
P23665,40.0,8.0,Xylan,0.812,45.9343,28.39,EG
P23665,50.0,4.0,Xylan,0.4323,45.9343,28.39,EG
P23665,50.0,5.0,Xylan,0.6587,45.9343,28.39,EG
P23665,50.0,6.0,Xylan,0.8193,45.9343,28.39,EG
P23665,50.0,7.0,Xylan,0.8977,45.9343,28.39,EG
P23665,50.0,8.0,Xylan,0.9043,45.9343,28.39,EG
P23665,60.0,4.0,Xylan,0.4144,45.9343,28.39,EG
P23665,60.0,5.0,Xylan,0.6384,45.9343,28.39,EG
P23665,60.0,6.0,Xylan,0.7993,45.9343,28.39,EG
P23665,60.0,7.0,Xylan,0.8797,45.9343,28.39,EG
P23665,60.0,8.0,Xylan,0.8866,45.9343,28.39,EG
P23665,70.0,4.0,Xylan,0.2993,45.9343,28.39,EG
P23665,70.0,5.0,Xylan,0.5028,45.9343,28.39,EG
P23665,70.0,6.0,Xylan,0.6592,45.9343,28.39,EG
P23665,70.0,7.0,Xylan,0.7437,45.9343,28.39,EG
P23665,70.0,8.0,Xylan,0.7514,45.9343,28.39,EG
P23665,30.0,4.0,Bagasse,0.4476,45.9343,28.39,EG
P23665,30.0,5.0,Bagasse,0.6757,45.9343,28.39,EG
P23665,30.0,6.0,Bagasse,0.8357,45.9343,28.39,EG
P23665,30.0,7.0,Bagasse,0.9122,45.9343,28.39,EG
P23665,30.0,8.0,Bagasse,0.9185,45.9343,28.39,EG
P23665,40.0,4.0,Bagasse,0.6573,45.9343,28.39,EG
P23665,40.0,5.0,Bagasse,0.8898,45.9343,28.39,EG
P23665,40.0,6.0,Bagasse,0.9898,45.9343,28.39,EG
P23665,40.0,7.0,Bagasse,0.9994,45.9343,28.39,EG
P23665,40.0,8.0,Bagasse,0.9996,45.9343,28.39,EG
P23665,50.0,4.0,Bagasse,0.7569,45.9343,28.39,EG
P23665,50.0,5.0,Bagasse,0.9645,45.9343,28.39,EG
P23665,50.0,6.0,Bagasse,0.9997,45.9343,28.39,EG
P23665,50.0,7.0,Bagasse,1.0,45.9343,28.39,EG
P23665,50.0,8.0,Bagasse,1.0,45.9343,28.39,EG
P23665,60.0,4.0,Bagasse,0.7365,45.9343,28.39,EG
P23665,60.0,5.0,Bagasse,0.952,45.9343,28.39,EG
P23665,60.0,6.0,Bagasse,0.9993,45.9343,28.39,EG
P23665,60.0,7.0,Bagasse,1.0,45.9343,28.39,EG
P23665,60.0,8.0,Bagasse,1.0,45.9343,28.39,EG
P23665,70.0,4.0,Bagasse,0.5968,45.9343,28.39,EG
P23665,70.0,5.0,Bagasse,0.833,45.9343,28.39,EG
P23665,70.0,6.0,Bagasse,0.9648,45.9343,28.39,EG
P23665,70.0,7.0,Bagasse,0.9946,45.9343,28.39,EG
P23665,70.0,8.0,Bagasse,0.9958,45.9343,28.39,EG
P26222,30.0,4.0,Cellulose,1.0,633.175,26.8,EG
P26222,30.0,5.0,Cellulose,1.0,633.175,26.8,EG
P26222,30.0,6.0,Cellulose,1.0,633.175,26.8,EG
P26222,30.0,7.0,Cellulose,1.0,633.175,26.8,EG
P26222,30.0,8.0,Cellulose,0.9787,633.175,26.8,EG
P26222,40.0,4.0,Cellulose,1.0,633.175,26.8,EG
P26222,40.0,5.0,Cellulose,1.0,633.175,26.8,EG
P26222,40.0,6.0,Cellulose,1.0,633.175,26.8,EG
P26222,40.0,7.0,Cellulose,1.0,633.175,26.8,EG
P26222,40.0,8.0,Cellulose,1.0,633.175,26.8,EG
P26222,50.0,4.0,Cellulose,1.0,633.175,26.8,EG
P26222,50.0,5.0,Cellulose,1.0,633.175,26.8,EG
P26222,50.0,6.0,Cellulose,1.0,633.175,26.8,EG
P26222,50.0,7.0,Cellulose,1.0,633.175,26.8,EG
P26222,50.0,8.0,Cellulose,1.0,633.175,26.8,EG
P26222,60.0,4.0,Cellulose,1.0,633.175,26.8,EG
P26222,60.0,5.0,Cellulose,1.0,633.175,26.8,EG
P26222,60.0,6.0,Cellulose,1.0,633.175,26.8,EG
P26222,60.0,7.0,Cellulose,1.0,633.175,26.8,EG
P26222,60.0,8.0,Cellulose,1.0,633.175,26.8,EG
P26222,70.0,4.0,Cellulose,1.0,633.175,26.8,EG
P26222,70.0,5.0,Cellulose,1.0,633.175,26.8,EG
P26222,70.0,6.0,Cellulose,1.0,633.175,26.8,EG
P26222,70.0,7.0,Cellulose,1.0,633.175,26.8,EG
P26222,70.0,8.0,Cellulose,1.0,633.175,26.8,EG
P26222,30.0,4.0,Xylan,0.9443,633.175,26.8,EG
P26222,30.0,5.0,Xylan,0.9641,633.175,26.8,EG
P26222,30.0,6.0,Xylan,0.933,633.175,26.8,EG
P26222,30.0,7.0,Xylan,0.8241,633.175,26.8,EG
P26222,30.0,8.0,Xylan,0.6275,633.175,26.8,EG
P26222,40.0,4.0,Xylan,1.0,633.175,26.8,EG
P26222,40.0,5.0,Xylan,1.0,633.175,26.8,EG
P26222,40.0,6.0,Xylan,0.9999,633.175,26.8,EG
P26222,40.0,7.0,Xylan,0.9898,633.175,26.8,EG
P26222,40.0,8.0,Xylan,0.8533,633.175,26.8,EG
P26222,50.0,4.0,Xylan,1.0,633.175,26.8,EG
P26222,50.0,5.0,Xylan,1.0,633.175,26.8,EG
P26222,50.0,6.0,Xylan,1.0,633.175,26.8,EG
P26222,50.0,7.0,Xylan,0.9998,633.175,26.8,EG
P26222,50.0,8.0,Xylan,0.9463,633.175,26.8,EG
P26222,60.0,4.0,Xylan,1.0,633.175,26.8,EG
P26222,60.0,5.0,Xylan,1.0,633.175,26.8,EG
P26222,60.0,6.0,Xylan,1.0,633.175,26.8,EG
P26222,60.0,7.0,Xylan,0.9997,633.175,26.8,EG
P26222,60.0,8.0,Xylan,0.9395,633.175,26.8,EG
P26222,70.0,4.0,Xylan,0.9998,633.175,26.8,EG
P26222,70.0,5.0,Xylan,1.0,633.175,26.8,EG
P26222,70.0,6.0,Xylan,0.9996,633.175,26.8,EG
P26222,70.0,7.0,Xylan,0.9802,633.175,26.8,EG
P26222,70.0,8.0,Xylan,0.8259,633.175,26.8,EG
P26222,30.0,4.0,Bagasse,1.0,633.175,26.8,EG
P26222,30.0,5.0,Bagasse,1.0,633.175,26.8,EG
P26222,30.0,6.0,Bagasse,1.0,633.175,26.8,EG
P26222,30.0,7.0,Bagasse,0.9998,633.175,26.8,EG
P26222,30.0,8.0,Bagasse,0.9431,633.175,26.8,EG
P26222,40.0,4.0,Bagasse,1.0,633.175,26.8,EG
P26222,40.0,5.0,Bagasse,1.0,633.175,26.8,EG
P26222,40.0,6.0,Bagasse,1.0,633.175,26.8,EG
P26222,40.0,7.0,Bagasse,1.0,633.175,26.8,EG
P26222,40.0,8.0,Bagasse,1.0,633.175,26.8,EG
P26222,50.0,4.0,Bagasse,1.0,633.175,26.8,EG
P26222,50.0,5.0,Bagasse,1.0,633.175,26.8,EG
P26222,50.0,6.0,Bagasse,1.0,633.175,26.8,EG
P26222,50.0,7.0,Bagasse,1.0,633.175,26.8,EG
P26222,50.0,8.0,Bagasse,1.0,633.175,26.8,EG
P26222,60.0,4.0,Bagasse,1.0,633.175,26.8,EG
P26222,60.0,5.0,Bagasse,1.0,633.175,26.8,EG
P26222,60.0,6.0,Bagasse,1.0,633.175,26.8,EG
P26222,60.0,7.0,Bagasse,1.0,633.175,26.8,EG
P26222,60.0,8.0,Bagasse,1.0,633.175,26.8,EG
P26222,70.0,4.0,Bagasse,1.0,633.175,26.8,EG
P26222,70.0,5.0,Bagasse,1.0,633.175,26.8,EG
P26222,70.0,6.0,Bagasse,1.0,633.175,26.8,EG
P26222,70.0,7.0,Bagasse,1.0,633.175,26.8,EG
P26222,70.0,8.0,Bagasse,0.9998,633.175,26.8,EG
P28621,30.0,4.0,Cellulose,0.8668,112.0465,26.8,EG
P28621,30.0,5.0,Cellulose,0.9793,112.0465,26.8,EG
P28621,30.0,6.0,Cellulose,0.9974,112.0465,26.8,EG
P28621,30.0,7.0,Cellulose,0.9974,112.0465,26.8,EG
P28621,30.0,8.0,Cellulose,0.9793,112.0465,26.8,EG
P28621,40.0,4.0,Cellulose,0.9974,112.0465,26.8,EG
P28621,40.0,5.0,Cellulose,1.0,112.0465,26.8,EG
P28621,40.0,6.0,Cellulose,1.0,112.0465,26.8,EG
P28621,40.0,7.0,Cellulose,1.0,112.0465,26.8,EG
P28621,40.0,8.0,Cellulose,1.0,112.0465,26.8,EG
P28621,50.0,4.0,Cellulose,1.0,112.0465,26.8,EG
P28621,50.0,5.0,Cellulose,1.0,112.0465,26.8,EG
P28621,50.0,6.0,Cellulose,1.0,112.0465,26.8,EG
P28621,50.0,7.0,Cellulose,1.0,112.0465,26.8,EG
P28621,50.0,8.0,Cellulose,1.0,112.0465,26.8,EG
P28621,60.0,4.0,Cellulose,1.0,112.0465,26.8,EG
P28621,60.0,5.0,Cellulose,1.0,112.0465,26.8,EG
P28621,60.0,6.0,Cellulose,1.0,112.0465,26.8,EG
P28621,60.0,7.0,Cellulose,1.0,112.0465,26.8,EG
P28621,60.0,8.0,Cellulose,1.0,112.0465,26.8,EG
P28621,70.0,4.0,Cellulose,0.9936,112.0465,26.8,EG
P28621,70.0,5.0,Cellulose,1.0,112.0465,26.8,EG
P28621,70.0,6.0,Cellulose,1.0,112.0465,26.8,EG
P28621,70.0,7.0,Cellulose,1.0,112.0465,26.8,EG
P28621,70.0,8.0,Cellulose,1.0,112.0465,26.8,EG
P28621,30.0,4.0,Xylan,0.4807,112.0465,26.8,EG
P28621,30.0,5.0,Xylan,0.6266,112.0465,26.8,EG
P28621,30.0,6.0,Xylan,0.7027,112.0465,26.8,EG
P28621,30.0,7.0,Xylan,0.7027,112.0465,26.8,EG
P28621,30.0,8.0,Xylan,0.6266,112.0465,26.8,EG
P28621,40.0,4.0,Xylan,0.7027,112.0465,26.8,EG
P28621,40.0,5.0,Xylan,0.8538,112.0465,26.8,EG
P28621,40.0,6.0,Xylan,0.9217,112.0465,26.8,EG
P28621,40.0,7.0,Xylan,0.9217,112.0465,26.8,EG
P28621,40.0,8.0,Xylan,0.8538,112.0465,26.8,EG
P28621,50.0,4.0,Xylan,0.8123,112.0465,26.8,EG
P28621,50.0,5.0,Xylan,0.947,112.0465,26.8,EG
P28621,50.0,6.0,Xylan,0.9865,112.0465,26.8,EG
P28621,50.0,7.0,Xylan,0.9865,112.0465,26.8,EG
P28621,50.0,8.0,Xylan,0.947,112.0465,26.8,EG
P28621,60.0,4.0,Xylan,0.8029,112.0465,26.8,EG
P28621,60.0,5.0,Xylan,0.9402,112.0465,26.8,EG
P28621,60.0,6.0,Xylan,0.9832,112.0465,26.8,EG
P28621,60.0,7.0,Xylan,0.9832,112.0465,26.8,EG
P28621,60.0,8.0,Xylan,0.9402,112.0465,26.8,EG
P28621,70.0,4.0,Xylan,0.674,112.0465,26.8,EG
P28621,70.0,5.0,Xylan,0.8263,112.0465,26.8,EG
P28621,70.0,6.0,Xylan,0.8976,112.0465,26.8,EG
P28621,70.0,7.0,Xylan,0.8976,112.0465,26.8,EG
P28621,70.0,8.0,Xylan,0.8263,112.0465,26.8,EG
P28621,30.0,4.0,Bagasse,0.8079,112.0465,26.8,EG
P28621,30.0,5.0,Bagasse,0.9438,112.0465,26.8,EG
P28621,30.0,6.0,Bagasse,0.985,112.0465,26.8,EG
P28621,30.0,7.0,Bagasse,0.985,112.0465,26.8,EG
P28621,30.0,8.0,Bagasse,0.9438,112.0465,26.8,EG
P28621,40.0,4.0,Bagasse,0.985,112.0465,26.8,EG
P28621,40.0,5.0,Bagasse,1.0,112.0465,26.8,EG
P28621,40.0,6.0,Bagasse,1.0,112.0465,26.8,EG
P28621,40.0,7.0,Bagasse,1.0,112.0465,26.8,EG
P28621,40.0,8.0,Bagasse,1.0,112.0465,26.8,EG
P28621,50.0,4.0,Bagasse,0.9997,112.0465,26.8,EG
P28621,50.0,5.0,Bagasse,1.0,112.0465,26.8,EG
P28621,50.0,6.0,Bagasse,1.0,112.0465,26.8,EG
P28621,50.0,7.0,Bagasse,1.0,112.0465,26.8,EG
P28621,50.0,8.0,Bagasse,1.0,112.0465,26.8,EG
P28621,60.0,4.0,Bagasse,0.9995,112.0465,26.8,EG
P28621,60.0,5.0,Bagasse,1.0,112.0465,26.8,EG
P28621,60.0,6.0,Bagasse,1.0,112.0465,26.8,EG
P28621,60.0,7.0,Bagasse,1.0,112.0465,26.8,EG
P28621,60.0,8.0,Bagasse,1.0,112.0465,26.8,EG
P28621,70.0,4.0,Bagasse,0.973,112.0465,26.8,EG
P28621,70.0,5.0,Bagasse,0.9998,112.0465,26.8,EG
P28621,70.0,6.0,Bagasse,1.0,112.0465,26.8,EG
P28621,70.0,7.0,Bagasse,1.0,112.0465,26.8,EG
P28621,70.0,8.0,Bagasse,0.9998,112.0465,26.8,EG
P28623,30.0,4.0,Cellulose,0.723,52.2755,26.99,EG
P28623,30.0,5.0,Cellulose,0.8797,52.2755,26.99,EG
P28623,30.0,6.0,Cellulose,0.9484,52.2755,26.99,EG
P28623,30.0,7.0,Cellulose,0.9535,52.2755,26.99,EG
P28623,30.0,8.0,Cellulose,0.9002,52.2755,26.99,EG
P28623,40.0,4.0,Cellulose,0.9365,52.2755,26.99,EG
P28623,40.0,5.0,Cellulose,0.9984,52.2755,26.99,EG
P28623,40.0,6.0,Cellulose,1.0,52.2755,26.99,EG
P28623,40.0,7.0,Cellulose,1.0,52.2755,26.99,EG
P28623,40.0,8.0,Cellulose,0.9994,52.2755,26.99,EG
P28623,50.0,4.0,Cellulose,0.9914,52.2755,26.99,EG
P28623,50.0,5.0,Cellulose,1.0,52.2755,26.99,EG
P28623,50.0,6.0,Cellulose,1.0,52.2755,26.99,EG
P28623,50.0,7.0,Cellulose,1.0,52.2755,26.99,EG
P28623,50.0,8.0,Cellulose,1.0,52.2755,26.99,EG
P28623,60.0,4.0,Cellulose,0.9886,52.2755,26.99,EG
P28623,60.0,5.0,Cellulose,1.0,52.2755,26.99,EG
P28623,60.0,6.0,Cellulose,1.0,52.2755,26.99,EG
P28623,60.0,7.0,Cellulose,1.0,52.2755,26.99,EG
P28623,60.0,8.0,Cellulose,1.0,52.2755,26.99,EG
P28623,70.0,4.0,Cellulose,0.9108,52.2755,26.99,EG
P28623,70.0,5.0,Cellulose,0.9951,52.2755,26.99,EG
P28623,70.0,6.0,Cellulose,0.9998,52.2755,26.99,EG
P28623,70.0,7.0,Cellulose,0.9999,52.2755,26.99,EG
P28623,70.0,8.0,Cellulose,0.9977,52.2755,26.99,EG
P28623,30.0,4.0,Xylan,0.3536,52.2755,26.99,EG
P28623,30.0,5.0,Xylan,0.4935,52.2755,26.99,EG
P28623,30.0,6.0,Xylan,0.5731,52.2755,26.99,EG
P28623,30.0,7.0,Xylan,0.5805,52.2755,26.99,EG
P28623,30.0,8.0,Xylan,0.5148,52.2755,26.99,EG
P28623,40.0,4.0,Xylan,0.5572,52.2755,26.99,EG
P28623,40.0,5.0,Xylan,0.7156,52.2755,26.99,EG
P28623,40.0,6.0,Xylan,0.7996,52.2755,26.99,EG
P28623,40.0,7.0,Xylan,0.8071,52.2755,26.99,EG
P28623,40.0,8.0,Xylan,0.7386,52.2755,26.99,EG
P28623,50.0,4.0,Xylan,0.6637,52.2755,26.99,EG
P28623,50.0,5.0,Xylan,0.8237,52.2755,26.99,EG
P28623,50.0,6.0,Xylan,0.9019,52.2755,26.99,EG
P28623,50.0,7.0,Xylan,0.9084,52.2755,26.99,EG
P28623,50.0,8.0,Xylan,0.8459,52.2755,26.99,EG
P28623,60.0,4.0,Xylan,0.653,52.2755,26.99,EG
P28623,60.0,5.0,Xylan,0.8132,52.2755,26.99,EG
P28623,60.0,6.0,Xylan,0.8924,52.2755,26.99,EG
P28623,60.0,7.0,Xylan,0.8992,52.2755,26.99,EG
P28623,60.0,8.0,Xylan,0.8355,52.2755,26.99,EG
P28623,70.0,4.0,Xylan,0.5265,52.2755,26.99,EG
P28623,70.0,5.0,Xylan,0.6833,52.2755,26.99,EG
P28623,70.0,6.0,Xylan,0.7675,52.2755,26.99,EG
P28623,70.0,7.0,Xylan,0.7752,52.2755,26.99,EG
P28623,70.0,8.0,Xylan,0.7063,52.2755,26.99,EG
P28623,30.0,4.0,Bagasse,0.6616,52.2755,26.99,EG
P28623,30.0,5.0,Bagasse,0.8216,52.2755,26.99,EG
P28623,30.0,6.0,Bagasse,0.9,52.2755,26.99,EG
P28623,30.0,7.0,Bagasse,0.9066,52.2755,26.99,EG
P28623,30.0,8.0,Bagasse,0.8438,52.2755,26.99,EG
P28623,40.0,4.0,Bagasse,0.8854,52.2755,26.99,EG
P28623,40.0,5.0,Bagasse,0.989,52.2755,26.99,EG
P28623,40.0,6.0,Bagasse,0.9994,52.2755,26.99,EG
P28623,40.0,7.0,Bagasse,0.9995,52.2755,26.99,EG
P28623,40.0,8.0,Bagasse,0.9941,52.2755,26.99,EG
P28623,50.0,4.0,Bagasse,0.9675,52.2755,26.99,EG
P28623,50.0,5.0,Bagasse,0.9998,52.2755,26.99,EG
P28623,50.0,6.0,Bagasse,1.0,52.2755,26.99,EG
P28623,50.0,7.0,Bagasse,1.0,52.2755,26.99,EG
P28623,50.0,8.0,Bagasse,0.9999,52.2755,26.99,EG
P28623,60.0,4.0,Bagasse,0.9614,52.2755,26.99,EG
P28623,60.0,5.0,Bagasse,0.9997,52.2755,26.99,EG
P28623,60.0,6.0,Bagasse,1.0,52.2755,26.99,EG
P28623,60.0,7.0,Bagasse,1.0,52.2755,26.99,EG
P28623,60.0,8.0,Bagasse,0.9999,52.2755,26.99,EG
P28623,70.0,4.0,Bagasse,0.8556,52.2755,26.99,EG
P28623,70.0,5.0,Bagasse,0.9773,52.2755,26.99,EG
P28623,70.0,6.0,Bagasse,0.9977,52.2755,26.99,EG
P28623,70.0,7.0,Bagasse,0.9983,52.2755,26.99,EG
P28623,70.0,8.0,Bagasse,0.9861,52.2755,26.99,EG
P37651,30.0,4.0,Cellulose,0.4599,8.3819,28.18,EG
P37651,30.0,5.0,Cellulose,0.6045,8.3819,28.18,EG
P37651,30.0,6.0,Cellulose,0.6803,8.3819,28.18,EG
P37651,30.0,7.0,Cellulose,0.6803,8.3819,28.18,EG
P37651,30.0,8.0,Cellulose,0.6045,8.3819,28.18,EG
P37651,40.0,4.0,Cellulose,0.6707,8.3819,28.18,EG
P37651,40.0,5.0,Cellulose,0.8229,8.3819,28.18,EG
P37651,40.0,6.0,Cellulose,0.8941,8.3819,28.18,EG
P37651,40.0,7.0,Cellulose,0.8941,8.3819,28.18,EG
P37651,40.0,8.0,Cellulose,0.8229,8.3819,28.18,EG
P37651,50.0,4.0,Cellulose,0.7711,8.3819,28.18,EG
P37651,50.0,5.0,Cellulose,0.9145,8.3819,28.18,EG
P37651,50.0,6.0,Cellulose,0.9678,8.3819,28.18,EG
P37651,50.0,7.0,Cellulose,0.9678,8.3819,28.18,EG
P37651,50.0,8.0,Cellulose,0.9145,8.3819,28.18,EG
P37651,60.0,4.0,Cellulose,0.752,8.3819,28.18,EG
P37651,60.0,5.0,Cellulose,0.8983,8.3819,28.18,EG
P37651,60.0,6.0,Cellulose,0.9567,8.3819,28.18,EG
P37651,60.0,7.0,Cellulose,0.9567,8.3819,28.18,EG
P37651,60.0,8.0,Cellulose,0.8983,8.3819,28.18,EG
P37651,70.0,4.0,Cellulose,0.6139,8.3819,28.18,EG
P37651,70.0,5.0,Cellulose,0.7663,8.3819,28.18,EG
P37651,70.0,6.0,Cellulose,0.8413,8.3819,28.18,EG
P37651,70.0,7.0,Cellulose,0.8413,8.3819,28.18,EG
P37651,70.0,8.0,Cellulose,0.7663,8.3819,28.18,EG
P37651,30.0,4.0,Xylan,0.1655,8.3819,28.18,EG
P37651,30.0,5.0,Xylan,0.262,8.3819,28.18,EG
P37651,30.0,6.0,Xylan,0.319,8.3819,28.18,EG
P37651,30.0,7.0,Xylan,0.319,8.3819,28.18,EG
P37651,30.0,8.0,Xylan,0.262,8.3819,28.18,EG
P37651,40.0,4.0,Xylan,0.3116,8.3819,28.18,EG
P37651,40.0,5.0,Xylan,0.4389,8.3819,28.18,EG
P37651,40.0,6.0,Xylan,0.5087,8.3819,28.18,EG
P37651,40.0,7.0,Xylan,0.5087,8.3819,28.18,EG
P37651,40.0,8.0,Xylan,0.4389,8.3819,28.18,EG
P37651,50.0,4.0,Xylan,0.3931,8.3819,28.18,EG
P37651,50.0,5.0,Xylan,0.5312,8.3819,28.18,EG
P37651,50.0,6.0,Xylan,0.605,8.3819,28.18,EG
P37651,50.0,7.0,Xylan,0.605,8.3819,28.18,EG
P37651,50.0,8.0,Xylan,0.5312,8.3819,28.18,EG
P37651,60.0,4.0,Xylan,0.377,8.3819,28.18,EG
P37651,60.0,5.0,Xylan,0.5132,8.3819,28.18,EG
P37651,60.0,6.0,Xylan,0.5863,8.3819,28.18,EG
P37651,60.0,7.0,Xylan,0.5863,8.3819,28.18,EG
P37651,60.0,8.0,Xylan,0.5132,8.3819,28.18,EG
P37651,70.0,4.0,Xylan,0.2689,8.3819,28.18,EG
P37651,70.0,5.0,Xylan,0.3891,8.3819,28.18,EG
P37651,70.0,6.0,Xylan,0.456,8.3819,28.18,EG
P37651,70.0,7.0,Xylan,0.456,8.3819,28.18,EG
P37651,70.0,8.0,Xylan,0.3891,8.3819,28.18,EG
P37651,30.0,4.0,Bagasse,0.4056,8.3819,28.18,EG
P37651,30.0,5.0,Bagasse,0.5451,8.3819,28.18,EG
P37651,30.0,6.0,Bagasse,0.6193,8.3819,28.18,EG
P37651,30.0,7.0,Bagasse,0.6193,8.3819,28.18,EG
P37651,30.0,8.0,Bagasse,0.5451,8.3819,28.18,EG
P37651,40.0,4.0,Bagasse,0.6099,8.3819,28.18,EG
P37651,40.0,5.0,Bagasse,0.7623,8.3819,28.18,EG
P37651,40.0,6.0,Bagasse,0.8375,8.3819,28.18,EG
P37651,40.0,7.0,Bagasse,0.8375,8.3819,28.18,EG
P37651,40.0,8.0,Bagasse,0.7623,8.3819,28.18,EG
P37651,50.0,4.0,Bagasse,0.7097,8.3819,28.18,EG
P37651,50.0,5.0,Bagasse,0.8601,8.3819,28.18,EG
P37651,50.0,6.0,Bagasse,0.9266,8.3819,28.18,EG
P37651,50.0,7.0,Bagasse,0.9266,8.3819,28.18,EG
P37651,50.0,8.0,Bagasse,0.8601,8.3819,28.18,EG
P37651,60.0,4.0,Bagasse,0.6906,8.3819,28.18,EG
P37651,60.0,5.0,Bagasse,0.8421,8.3819,28.18,EG
P37651,60.0,6.0,Bagasse,0.9112,8.3819,28.18,EG
P37651,60.0,7.0,Bagasse,0.9112,8.3819,28.18,EG
P37651,60.0,8.0,Bagasse,0.8421,8.3819,28.18,EG
P37651,70.0,4.0,Bagasse,0.5542,8.3819,28.18,EG
P37651,70.0,5.0,Bagasse,0.7049,8.3819,28.18,EG
P37651,70.0,6.0,Bagasse,0.7814,8.3819,28.18,EG
P37651,70.0,7.0,Bagasse,0.7814,8.3819,28.18,EG
P37651,70.0,8.0,Bagasse,0.7049,8.3819,28.18,EG
P37699,30.0,4.0,Cellulose,0.8728,33.342,27.13,EG
P37699,30.0,5.0,Cellulose,0.8728,33.342,27.13,EG
P37699,30.0,6.0,Cellulose,0.7998,33.342,27.13,EG
P37699,30.0,7.0,Cellulose,0.6484,33.342,27.13,EG
P37699,30.0,8.0,Cellulose,0.434,33.342,27.13,EG
P37699,40.0,4.0,Cellulose,0.9977,33.342,27.13,EG
P37699,40.0,5.0,Cellulose,0.9977,33.342,27.13,EG
P37699,40.0,6.0,Cellulose,0.9805,33.342,27.13,EG
P37699,40.0,7.0,Cellulose,0.8706,33.342,27.13,EG
P37699,40.0,8.0,Cellulose,0.646,33.342,27.13,EG
P37699,50.0,4.0,Cellulose,1.0,33.342,27.13,EG
P37699,50.0,5.0,Cellulose,1.0,33.342,27.13,EG
P37699,50.0,6.0,Cellulose,0.9993,33.342,27.13,EG
P37699,50.0,7.0,Cellulose,0.9568,33.342,27.13,EG
P37699,50.0,8.0,Cellulose,0.7526,33.342,27.13,EG
P37699,60.0,4.0,Cellulose,1.0,33.342,27.13,EG
P37699,60.0,5.0,Cellulose,1.0,33.342,27.13,EG
P37699,60.0,6.0,Cellulose,0.9989,33.342,27.13,EG
P37699,60.0,7.0,Cellulose,0.949,33.342,27.13,EG
P37699,60.0,8.0,Cellulose,0.7408,33.342,27.13,EG
P37699,70.0,4.0,Cellulose,0.9927,33.342,27.13,EG
P37699,70.0,5.0,Cellulose,0.9927,33.342,27.13,EG
P37699,70.0,6.0,Cellulose,0.9626,33.342,27.13,EG
P37699,70.0,7.0,Cellulose,0.8369,33.342,27.13,EG
P37699,70.0,8.0,Cellulose,0.611,33.342,27.13,EG
P37699,30.0,4.0,Xylan,0.4898,33.342,27.13,EG
P37699,30.0,5.0,Xylan,0.4898,33.342,27.13,EG
P37699,30.0,6.0,Xylan,0.422,33.342,27.13,EG
P37699,30.0,7.0,Xylan,0.2993,33.342,27.13,EG
P37699,30.0,8.0,Xylan,0.1547,33.342,27.13,EG
P37699,40.0,4.0,Xylan,0.708,33.342,27.13,EG
P37699,40.0,5.0,Xylan,0.708,33.342,27.13,EG
P37699,40.0,6.0,Xylan,0.6325,33.342,27.13,EG
P37699,40.0,7.0,Xylan,0.4876,33.342,27.13,EG
P37699,40.0,8.0,Xylan,0.2975,33.342,27.13,EG
P37699,50.0,4.0,Xylan,0.8143,33.342,27.13,EG
P37699,50.0,5.0,Xylan,0.8143,33.342,27.13,EG
P37699,50.0,6.0,Xylan,0.7389,33.342,27.13,EG
P37699,50.0,7.0,Xylan,0.5884,33.342,27.13,EG
P37699,50.0,8.0,Xylan,0.3817,33.342,27.13,EG
P37699,60.0,4.0,Xylan,0.8027,33.342,27.13,EG
P37699,60.0,5.0,Xylan,0.8027,33.342,27.13,EG
P37699,60.0,6.0,Xylan,0.727,33.342,27.13,EG
P37699,60.0,7.0,Xylan,0.5769,33.342,27.13,EG
P37699,60.0,8.0,Xylan,0.3719,33.342,27.13,EG
P37699,70.0,4.0,Xylan,0.6724,33.342,27.13,EG
P37699,70.0,5.0,Xylan,0.6724,33.342,27.13,EG
P37699,70.0,6.0,Xylan,0.5976,33.342,27.13,EG
P37699,70.0,7.0,Xylan,0.4554,33.342,27.13,EG
P37699,70.0,8.0,Xylan,0.2717,33.342,27.13,EG
P37699,30.0,4.0,Bagasse,0.8146,33.342,27.13,EG
P37699,30.0,5.0,Bagasse,0.8146,33.342,27.13,EG
P37699,30.0,6.0,Bagasse,0.7391,33.342,27.13,EG
P37699,30.0,7.0,Bagasse,0.5886,33.342,27.13,EG
P37699,30.0,8.0,Bagasse,0.3819,33.342,27.13,EG
P37699,40.0,4.0,Bagasse,0.986,33.342,27.13,EG
P37699,40.0,5.0,Bagasse,0.986,33.342,27.13,EG
P37699,40.0,6.0,Bagasse,0.9462,33.342,27.13,EG
P37699,40.0,7.0,Bagasse,0.8123,33.342,27.13,EG
P37699,40.0,8.0,Bagasse,0.5863,33.342,27.13,EG
P37699,50.0,4.0,Bagasse,0.9996,33.342,27.13,EG
P37699,50.0,5.0,Bagasse,0.9996,33.342,27.13,EG
P37699,50.0,6.0,Bagasse,0.9938,33.342,27.13,EG
P37699,50.0,7.0,Bagasse,0.9112,33.342,27.13,EG
P37699,50.0,8.0,Bagasse,0.6916,33.342,27.13,EG
P37699,60.0,4.0,Bagasse,0.9994,33.342,27.13,EG
P37699,60.0,5.0,Bagasse,0.9994,33.342,27.13,EG
P37699,60.0,6.0,Bagasse,0.9913,33.342,27.13,EG
P37699,60.0,7.0,Bagasse,0.9011,33.342,27.13,EG
P37699,60.0,8.0,Bagasse,0.6798,33.342,27.13,EG
P37699,70.0,4.0,Bagasse,0.9709,33.342,27.13,EG
P37699,70.0,5.0,Bagasse,0.9709,33.342,27.13,EG
P37699,70.0,6.0,Bagasse,0.9191,33.342,27.13,EG
P37699,70.0,7.0,Bagasse,0.7771,33.342,27.13,EG
P37699,70.0,8.0,Bagasse,0.5521,33.342,27.13,EG
P46237,30.0,4.0,Cellulose,0.6782,9.4998,27.88,EG
P46237,30.0,5.0,Cellulose,0.6707,9.4998,27.88,EG
P46237,30.0,6.0,Cellulose,0.5885,9.4998,27.88,EG
P46237,30.0,7.0,Cellulose,0.4402,9.4998,27.88,EG
P46237,30.0,8.0,Cellulose,0.2541,9.4998,27.88,EG
P46237,40.0,4.0,Cellulose,0.8932,9.4998,27.88,EG
P46237,40.0,5.0,Cellulose,0.8864,9.4998,27.88,EG
P46237,40.0,6.0,Cellulose,0.8073,9.4998,27.88,EG
P46237,40.0,7.0,Cellulose,0.6485,9.4998,27.88,EG
P46237,40.0,8.0,Cellulose,0.4273,9.4998,27.88,EG
P46237,50.0,4.0,Cellulose,0.9684,9.4998,27.88,EG
P46237,50.0,5.0,Cellulose,0.9641,9.4998,27.88,EG
P46237,50.0,6.0,Cellulose,0.9027,9.4998,27.88,EG
P46237,50.0,7.0,Cellulose,0.7504,9.4998,27.88,EG
P46237,50.0,8.0,Cellulose,0.5197,9.4998,27.88,EG
P46237,60.0,4.0,Cellulose,0.9588,9.4998,27.88,EG
P46237,60.0,5.0,Cellulose,0.954,9.4998,27.88,EG
P46237,60.0,6.0,Cellulose,0.8881,9.4998,27.88,EG
P46237,60.0,7.0,Cellulose,0.7337,9.4998,27.88,EG
P46237,60.0,8.0,Cellulose,0.5042,9.4998,27.88,EG
P46237,70.0,4.0,Cellulose,0.8473,9.4998,27.88,EG
P46237,70.0,5.0,Cellulose,0.8401,9.4998,27.88,EG
P46237,70.0,6.0,Cellulose,0.7579,9.4998,27.88,EG
P46237,70.0,7.0,Cellulose,0.5996,9.4998,27.88,EG
P46237,70.0,8.0,Cellulose,0.3847,9.4998,27.88,EG
P46237,30.0,4.0,Xylan,0.3217,9.4998,27.88,EG
P46237,30.0,5.0,Xylan,0.3159,9.4998,27.88,EG
P46237,30.0,6.0,Xylan,0.2551,9.4998,27.88,EG
P46237,30.0,7.0,Xylan,0.158,9.4998,27.88,EG
P46237,30.0,8.0,Xylan,0.0636,9.4998,27.88,EG
P46237,40.0,4.0,Xylan,0.5109,9.4998,27.88,EG
P46237,40.0,5.0,Xylan,0.5038,9.4998,27.88,EG
P46237,40.0,6.0,Xylan,0.4286,9.4998,27.88,EG
P46237,40.0,7.0,Xylan,0.299,9.4998,27.88,EG
P46237,40.0,8.0,Xylan,0.1503,9.4998,27.88,EG
P46237,50.0,4.0,Xylan,0.6084,9.4998,27.88,EG
P46237,50.0,5.0,Xylan,0.601,9.4998,27.88,EG
P46237,50.0,6.0,Xylan,0.5211,9.4998,27.88,EG
P46237,50.0,7.0,Xylan,0.3796,9.4998,27.88,EG
P46237,50.0,8.0,Xylan,0.2079,9.4998,27.88,EG
P46237,60.0,4.0,Xylan,0.5922,9.4998,27.88,EG
P46237,60.0,5.0,Xylan,0.5848,9.4998,27.88,EG
P46237,60.0,6.0,Xylan,0.5056,9.4998,27.88,EG
P46237,60.0,7.0,Xylan,0.3659,9.4998,27.88,EG
P46237,60.0,8.0,Xylan,0.1978,9.4998,27.88,EG
P46237,70.0,4.0,Xylan,0.4652,9.4998,27.88,EG
P46237,70.0,5.0,Xylan,0.4584,9.4998,27.88,EG
P46237,70.0,6.0,Xylan,0.386,9.4998,27.88,EG
P46237,70.0,7.0,Xylan,0.263,9.4998,27.88,EG
P46237,70.0,8.0,Xylan,0.1262,9.4998,27.88,EG
P46237,30.0,4.0,Bagasse,0.6179,9.4998,27.88,EG
P46237,30.0,5.0,Bagasse,0.6105,9.4998,27.88,EG
P46237,30.0,6.0,Bagasse,0.5302,9.4998,27.88,EG
P46237,30.0,7.0,Bagasse,0.3878,9.4998,27.88,EG
P46237,30.0,8.0,Bagasse,0.214,9.4998,27.88,EG
P46237,40.0,4.0,Bagasse,0.8367,9.4998,27.88,EG
P46237,40.0,5.0,Bagasse,0.8294,9.4998,27.88,EG
P46237,40.0,6.0,Bagasse,0.7469,9.4998,27.88,EG
P46237,40.0,7.0,Bagasse,0.5888,9.4998,27.88,EG
P46237,40.0,8.0,Bagasse,0.3755,9.4998,27.88,EG
P46237,50.0,4.0,Bagasse,0.9275,9.4998,27.88,EG
P46237,50.0,5.0,Bagasse,0.9215,9.4998,27.88,EG
P46237,50.0,6.0,Bagasse,0.8471,9.4998,27.88,EG
P46237,50.0,7.0,Bagasse,0.6894,9.4998,27.88,EG
P46237,50.0,8.0,Bagasse,0.4637,9.4998,27.88,EG
P46237,60.0,4.0,Bagasse,0.9141,9.4998,27.88,EG
P46237,60.0,5.0,Bagasse,0.9078,9.4998,27.88,EG
P46237,60.0,6.0,Bagasse,0.8312,9.4998,27.88,EG
P46237,60.0,7.0,Bagasse,0.6728,9.4998,27.88,EG
P46237,60.0,8.0,Bagasse,0.4489,9.4998,27.88,EG
P46237,70.0,4.0,Bagasse,0.788,9.4998,27.88,EG
P46237,70.0,5.0,Bagasse,0.7804,9.4998,27.88,EG
P46237,70.0,6.0,Bagasse,0.697,9.4998,27.88,EG
P46237,70.0,7.0,Bagasse,0.541,9.4998,27.88,EG
P46237,70.0,8.0,Bagasse,0.3353,9.4998,27.88,EG
P54583,30.0,4.0,Cellulose,0.509,23.7195,26.94,EG
P54583,30.0,5.0,Cellulose,0.6956,23.7195,26.94,EG
P54583,30.0,6.0,Cellulose,0.8102,23.7195,26.94,EG
P54583,30.0,7.0,Cellulose,0.8473,23.7195,26.94,EG
P54583,30.0,8.0,Cellulose,0.8102,23.7195,26.94,EG
P54583,40.0,4.0,Cellulose,0.7328,23.7195,26.94,EG
P54583,40.0,5.0,Cellulose,0.9151,23.7195,26.94,EG
P54583,40.0,6.0,Cellulose,0.9854,23.7195,26.94,EG
P54583,40.0,7.0,Cellulose,0.9947,23.7195,26.94,EG
P54583,40.0,8.0,Cellulose,0.9854,23.7195,26.94,EG
P54583,50.0,4.0,Cellulose,0.8404,23.7195,26.94,EG
P54583,50.0,5.0,Cellulose,0.9833,23.7195,26.94,EG
P54583,50.0,6.0,Cellulose,0.9997,23.7195,26.94,EG
P54583,50.0,7.0,Cellulose,1.0,23.7195,26.94,EG
P54583,50.0,8.0,Cellulose,0.9997,23.7195,26.94,EG
P54583,60.0,4.0,Cellulose,0.83,23.7195,26.94,EG
P54583,60.0,5.0,Cellulose,0.9791,23.7195,26.94,EG
P54583,60.0,6.0,Cellulose,0.9994,23.7195,26.94,EG
P54583,60.0,7.0,Cellulose,0.9999,23.7195,26.94,EG
P54583,60.0,8.0,Cellulose,0.9994,23.7195,26.94,EG
P54583,70.0,4.0,Cellulose,0.7004,23.7195,26.94,EG
P54583,70.0,5.0,Cellulose,0.8872,23.7195,26.94,EG
P54583,70.0,6.0,Cellulose,0.9718,23.7195,26.94,EG
P54583,70.0,7.0,Cellulose,0.9874,23.7195,26.94,EG
P54583,70.0,8.0,Cellulose,0.9718,23.7195,26.94,EG
P54583,30.0,4.0,Xylan,0.1966,23.7195,26.94,EG
P54583,30.0,5.0,Xylan,0.331,23.7195,26.94,EG
P54583,30.0,6.0,Xylan,0.427,23.7195,26.94,EG
P54583,30.0,7.0,Xylan,0.4611,23.7195,26.94,EG
P54583,30.0,8.0,Xylan,0.427,23.7195,26.94,EG
P54583,40.0,4.0,Xylan,0.3609,23.7195,26.94,EG
P54583,40.0,5.0,Xylan,0.5309,23.7195,26.94,EG
P54583,40.0,6.0,Xylan,0.6424,23.7195,26.94,EG
P54583,40.0,7.0,Xylan,0.6805,23.7195,26.94,EG
P54583,40.0,8.0,Xylan,0.6424,23.7195,26.94,EG
P54583,50.0,4.0,Xylan,0.4546,23.7195,26.94,EG
P54583,50.0,5.0,Xylan,0.6365,23.7195,26.94,EG
P54583,50.0,6.0,Xylan,0.7513,23.7195,26.94,EG
P54583,50.0,7.0,Xylan,0.7894,23.7195,26.94,EG
P54583,50.0,8.0,Xylan,0.7513,23.7195,26.94,EG
P54583,60.0,4.0,Xylan,0.445,23.7195,26.94,EG
P54583,60.0,5.0,Xylan,0.6258,23.7195,26.94,EG
P54583,60.0,6.0,Xylan,0.7405,23.7195,26.94,EG
P54583,60.0,7.0,Xylan,0.7787,23.7195,26.94,EG
P54583,60.0,8.0,Xylan,0.7405,23.7195,26.94,EG
P54583,70.0,4.0,Xylan,0.3348,23.7195,26.94,EG
P54583,70.0,5.0,Xylan,0.5006,23.7195,26.94,EG
P54583,70.0,6.0,Xylan,0.6105,23.7195,26.94,EG
P54583,70.0,7.0,Xylan,0.6483,23.7195,26.94,EG
P54583,70.0,8.0,Xylan,0.6105,23.7195,26.94,EG
P54583,30.0,4.0,Bagasse,0.4527,23.7195,26.94,EG
P54583,30.0,5.0,Bagasse,0.6344,23.7195,26.94,EG
P54583,30.0,6.0,Bagasse,0.7491,23.7195,26.94,EG
P54583,30.0,7.0,Bagasse,0.7873,23.7195,26.94,EG
P54583,30.0,8.0,Bagasse,0.7491,23.7195,26.94,EG
P54583,40.0,4.0,Bagasse,0.6712,23.7195,26.94,EG
P54583,40.0,5.0,Bagasse,0.8604,23.7195,26.94,EG
P54583,40.0,6.0,Bagasse,0.9549,23.7195,26.94,EG
P54583,40.0,7.0,Bagasse,0.9762,23.7195,26.94,EG
P54583,40.0,8.0,Bagasse,0.9549,23.7195,26.94,EG
P54583,50.0,4.0,Bagasse,0.7802,23.7195,26.94,EG
P54583,50.0,5.0,Bagasse,0.951,23.7195,26.94,EG
P54583,50.0,6.0,Bagasse,0.9961,23.7195,26.94,EG
P54583,50.0,7.0,Bagasse,0.999,23.7195,26.94,EG
P54583,50.0,8.0,Bagasse,0.9961,23.7195,26.94,EG
P54583,60.0,4.0,Bagasse,0.7694,23.7195,26.94,EG
P54583,60.0,5.0,Bagasse,0.9435,23.7195,26.94,EG
P54583,60.0,6.0,Bagasse,0.9945,23.7195,26.94,EG
P54583,60.0,7.0,Bagasse,0.9985,23.7195,26.94,EG
P54583,60.0,8.0,Bagasse,0.9945,23.7195,26.94,EG
P54583,70.0,4.0,Bagasse,0.6391,23.7195,26.94,EG
P54583,70.0,5.0,Bagasse,0.8296,23.7195,26.94,EG
P54583,70.0,6.0,Bagasse,0.932,23.7195,26.94,EG
P54583,70.0,7.0,Bagasse,0.9587,23.7195,26.94,EG
P54583,70.0,8.0,Bagasse,0.932,23.7195,26.94,EG
P54937,30.0,4.0,Cellulose,0.7436,40.6908,28.32,EG
P54937,30.0,5.0,Cellulose,0.884,40.6908,28.32,EG
P54937,30.0,6.0,Cellulose,0.9405,40.6908,28.32,EG
P54937,30.0,7.0,Cellulose,0.9349,40.6908,28.32,EG
P54937,30.0,8.0,Cellulose,0.8631,40.6908,28.32,EG
P54937,40.0,4.0,Cellulose,0.9437,40.6908,28.32,EG
P54937,40.0,5.0,Cellulose,0.9979,40.6908,28.32,EG
P54937,40.0,6.0,Cellulose,0.9999,40.6908,28.32,EG
P54937,40.0,7.0,Cellulose,0.9998,40.6908,28.32,EG
P54937,40.0,8.0,Cellulose,0.9954,40.6908,28.32,EG
P54937,50.0,4.0,Cellulose,0.9911,40.6908,28.32,EG
P54937,50.0,5.0,Cellulose,1.0,40.6908,28.32,EG
P54937,50.0,6.0,Cellulose,1.0,40.6908,28.32,EG
P54937,50.0,7.0,Cellulose,1.0,40.6908,28.32,EG
P54937,50.0,8.0,Cellulose,0.9999,40.6908,28.32,EG
P54937,60.0,4.0,Cellulose,0.9854,40.6908,28.32,EG
P54937,60.0,5.0,Cellulose,0.9999,40.6908,28.32,EG
P54937,60.0,6.0,Cellulose,1.0,40.6908,28.32,EG
P54937,60.0,7.0,Cellulose,1.0,40.6908,28.32,EG
P54937,60.0,8.0,Cellulose,0.9998,40.6908,28.32,EG
P54937,70.0,4.0,Cellulose,0.895,40.6908,28.32,EG
P54937,70.0,5.0,Cellulose,0.9871,40.6908,28.32,EG
P54937,70.0,6.0,Cellulose,0.9984,40.6908,28.32,EG
P54937,70.0,7.0,Cellulose,0.9979,40.6908,28.32,EG
P54937,70.0,8.0,Cellulose,0.9788,40.6908,28.32,EG
P54937,30.0,4.0,Xylan,0.3701,40.6908,28.32,EG
P54937,30.0,5.0,Xylan,0.4983,40.6908,28.32,EG
P54937,30.0,6.0,Xylan,0.5634,40.6908,28.32,EG
P54937,30.0,7.0,Xylan,0.5561,40.6908,28.32,EG
P54937,30.0,8.0,Xylan,0.4772,40.6908,28.32,EG
P54937,40.0,4.0,Xylan,0.5678,40.6908,28.32,EG
P54937,40.0,5.0,Xylan,0.7113,40.6908,28.32,EG
P54937,40.0,6.0,Xylan,0.7801,40.6908,28.32,EG
P54937,40.0,7.0,Xylan,0.7725,40.6908,28.32,EG
P54937,40.0,8.0,Xylan,0.6884,40.6908,28.32,EG
P54937,50.0,4.0,Xylan,0.6652,40.6908,28.32,EG
P54937,50.0,5.0,Xylan,0.81,40.6908,28.32,EG
P54937,50.0,6.0,Xylan,0.8754,40.6908,28.32,EG
P54937,50.0,7.0,Xylan,0.8684,40.6908,28.32,EG
P54937,50.0,8.0,Xylan,0.7874,40.6908,28.32,EG
P54937,60.0,4.0,Xylan,0.6451,40.6908,28.32,EG
P54937,60.0,5.0,Xylan,0.79,40.6908,28.32,EG
P54937,60.0,6.0,Xylan,0.8566,40.6908,28.32,EG
P54937,60.0,7.0,Xylan,0.8494,40.6908,28.32,EG
P54937,60.0,8.0,Xylan,0.7673,40.6908,28.32,EG
P54937,70.0,4.0,Xylan,0.5099,40.6908,28.32,EG
P54937,70.0,5.0,Xylan,0.6505,40.6908,28.32,EG
P54937,70.0,6.0,Xylan,0.7192,40.6908,28.32,EG
P54937,70.0,7.0,Xylan,0.7116,40.6908,28.32,EG
P54937,70.0,8.0,Xylan,0.6278,40.6908,28.32,EG
P54937,30.0,4.0,Bagasse,0.6822,40.6908,28.32,EG
P54937,30.0,5.0,Bagasse,0.8265,40.6908,28.32,EG
P54937,30.0,6.0,Bagasse,0.8907,40.6908,28.32,EG
P54937,30.0,7.0,Bagasse,0.8839,40.6908,28.32,EG
P54937,30.0,8.0,Bagasse,0.8042,40.6908,28.32,EG
P54937,40.0,4.0,Bagasse,0.8947,40.6908,28.32,EG
P54937,40.0,5.0,Bagasse,0.987,40.6908,28.32,EG
P54937,40.0,6.0,Bagasse,0.9984,40.6908,28.32,EG
P54937,40.0,7.0,Bagasse,0.9978,40.6908,28.32,EG
P54937,40.0,8.0,Bagasse,0.9786,40.6908,28.32,EG
P54937,50.0,4.0,Bagasse,0.9674,40.6908,28.32,EG
P54937,50.0,5.0,Bagasse,0.9995,40.6908,28.32,EG
P54937,50.0,6.0,Bagasse,1.0,40.6908,28.32,EG
P54937,50.0,7.0,Bagasse,1.0,40.6908,28.32,EG
P54937,50.0,8.0,Bagasse,0.9988,40.6908,28.32,EG
P54937,60.0,4.0,Bagasse,0.9555,40.6908,28.32,EG
P54937,60.0,5.0,Bagasse,0.9989,40.6908,28.32,EG
P54937,60.0,6.0,Bagasse,1.0,40.6908,28.32,EG
P54937,60.0,7.0,Bagasse,0.9999,40.6908,28.32,EG
P54937,60.0,8.0,Bagasse,0.9974,40.6908,28.32,EG
P54937,70.0,4.0,Bagasse,0.8385,40.6908,28.32,EG
P54937,70.0,5.0,Bagasse,0.9589,40.6908,28.32,EG
P54937,70.0,6.0,Bagasse,0.9893,40.6908,28.32,EG
P54937,70.0,7.0,Bagasse,0.9871,40.6908,28.32,EG
P54937,70.0,8.0,Bagasse,0.9438,40.6908,28.32,EG
P56680,30.0,4.0,Cellulose,0.5694,43.6708,28.37,EG
P56680,30.0,5.0,Cellulose,0.7826,43.6708,28.37,EG
P56680,30.0,6.0,Cellulose,0.9116,43.6708,28.37,EG
P56680,30.0,7.0,Cellulose,0.9569,43.6708,28.37,EG
P56680,30.0,8.0,Cellulose,0.9468,43.6708,28.37,EG
P56680,40.0,4.0,Cellulose,0.7871,43.6708,28.37,EG
P56680,40.0,5.0,Cellulose,0.9684,43.6708,28.37,EG
P56680,40.0,6.0,Cellulose,0.9994,43.6708,28.37,EG
P56680,40.0,7.0,Cellulose,1.0,43.6708,28.37,EG
P56680,40.0,8.0,Cellulose,0.9999,43.6708,28.37,EG
P56680,50.0,4.0,Cellulose,0.8821,43.6708,28.37,EG
P56680,50.0,5.0,Cellulose,0.9973,43.6708,28.37,EG
P56680,50.0,6.0,Cellulose,1.0,43.6708,28.37,EG
P56680,50.0,7.0,Cellulose,1.0,43.6708,28.37,EG
P56680,50.0,8.0,Cellulose,1.0,43.6708,28.37,EG
P56680,60.0,4.0,Cellulose,0.8634,43.6708,28.37,EG
P56680,60.0,5.0,Cellulose,0.9948,43.6708,28.37,EG
P56680,60.0,6.0,Cellulose,1.0,43.6708,28.37,EG
P56680,60.0,7.0,Cellulose,1.0,43.6708,28.37,EG
P56680,60.0,8.0,Cellulose,1.0,43.6708,28.37,EG
P56680,70.0,4.0,Cellulose,0.7261,43.6708,28.37,EG
P56680,70.0,5.0,Cellulose,0.9278,43.6708,28.37,EG
P56680,70.0,6.0,Cellulose,0.9945,43.6708,28.37,EG
P56680,70.0,7.0,Cellulose,0.9994,43.6708,28.37,EG
P56680,70.0,8.0,Cellulose,0.9989,43.6708,28.37,EG
P56680,30.0,4.0,Xylan,0.2353,43.6708,28.37,EG
P56680,30.0,5.0,Xylan,0.4014,43.6708,28.37,EG
P56680,30.0,6.0,Xylan,0.5267,43.6708,28.37,EG
P56680,30.0,7.0,Xylan,0.5857,43.6708,28.37,EG
P56680,30.0,8.0,Xylan,0.5708,43.6708,28.37,EG
P56680,40.0,4.0,Xylan,0.4054,43.6708,28.37,EG
P56680,40.0,5.0,Xylan,0.6051,43.6708,28.37,EG
P56680,40.0,6.0,Xylan,0.7427,43.6708,28.37,EG
P56680,40.0,7.0,Xylan,0.8037,43.6708,28.37,EG
P56680,40.0,8.0,Xylan,0.7885,43.6708,28.37,EG
P56680,50.0,4.0,Xylan,0.4948,43.6708,28.37,EG
P56680,50.0,5.0,Xylan,0.704,43.6708,28.37,EG
P56680,50.0,6.0,Xylan,0.8406,43.6708,28.37,EG
P56680,50.0,7.0,Xylan,0.8969,43.6708,28.37,EG
P56680,50.0,8.0,Xylan,0.8834,43.6708,28.37,EG
P56680,60.0,4.0,Xylan,0.476,43.6708,28.37,EG
P56680,60.0,5.0,Xylan,0.6836,43.6708,28.37,EG
P56680,60.0,6.0,Xylan,0.821,43.6708,28.37,EG
P56680,60.0,7.0,Xylan,0.8789,43.6708,28.37,EG
P56680,60.0,8.0,Xylan,0.8648,43.6708,28.37,EG
P56680,70.0,4.0,Xylan,0.3539,43.6708,28.37,EG
P56680,70.0,5.0,Xylan,0.5459,43.6708,28.37,EG
P56680,70.0,6.0,Xylan,0.6815,43.6708,28.37,EG
P56680,70.0,7.0,Xylan,0.7429,43.6708,28.37,EG
P56680,70.0,8.0,Xylan,0.7276,43.6708,28.37,EG
P56680,30.0,4.0,Bagasse,0.5107,43.6708,28.37,EG
P56680,30.0,5.0,Bagasse,0.7211,43.6708,28.37,EG
P56680,30.0,6.0,Bagasse,0.8568,43.6708,28.37,EG
P56680,30.0,7.0,Bagasse,0.9114,43.6708,28.37,EG
P56680,30.0,8.0,Bagasse,0.8984,43.6708,28.37,EG
P56680,40.0,4.0,Bagasse,0.7257,43.6708,28.37,EG
P56680,40.0,5.0,Bagasse,0.9275,43.6708,28.37,EG
P56680,40.0,6.0,Bagasse,0.9944,43.6708,28.37,EG
P56680,40.0,7.0,Bagasse,0.9994,43.6708,28.37,EG
P56680,40.0,8.0,Bagasse,0.9989,43.6708,28.37,EG
P56680,50.0,4.0,Bagasse,0.8243,43.6708,28.37,EG
P56680,50.0,5.0,Bagasse,0.9849,43.6708,28.37,EG
P56680,50.0,6.0,Bagasse,0.9999,43.6708,28.37,EG
P56680,50.0,7.0,Bagasse,1.0,43.6708,28.37,EG
P56680,50.0,8.0,Bagasse,1.0,43.6708,28.37,EG
P56680,60.0,4.0,Bagasse,0.8044,43.6708,28.37,EG
P56680,60.0,5.0,Bagasse,0.977,43.6708,28.37,EG
P56680,60.0,6.0,Bagasse,0.9997,43.6708,28.37,EG
P56680,60.0,7.0,Bagasse,1.0,43.6708,28.37,EG
P56680,60.0,8.0,Bagasse,1.0,43.6708,28.37,EG
P56680,70.0,4.0,Bagasse,0.6645,43.6708,28.37,EG
P56680,70.0,5.0,Bagasse,0.8754,43.6708,28.37,EG
P56680,70.0,6.0,Bagasse,0.976,43.6708,28.37,EG
P56680,70.0,7.0,Bagasse,0.9945,43.6708,28.37,EG
P56680,70.0,8.0,Bagasse,0.9915,43.6708,28.37,EG
P82186,30.0,4.0,Cellulose,0.7643,14.6964,30.44,EG
P82186,30.0,5.0,Cellulose,0.8168,14.6964,30.44,EG
P82186,30.0,6.0,Cellulose,0.7945,14.6964,30.44,EG
P82186,30.0,7.0,Cellulose,0.6959,14.6964,30.44,EG
P82186,30.0,8.0,Cellulose,0.5245,14.6964,30.44,EG
P82186,40.0,4.0,Cellulose,0.9458,14.6964,30.44,EG
P82186,40.0,5.0,Cellulose,0.9762,14.6964,30.44,EG
P82186,40.0,6.0,Cellulose,0.9647,14.6964,30.44,EG
P82186,40.0,7.0,Cellulose,0.8916,14.6964,30.44,EG
P82186,40.0,8.0,Cellulose,0.723,14.6964,30.44,EG
P82186,50.0,4.0,Cellulose,0.9872,14.6964,30.44,EG
P82186,50.0,5.0,Cellulose,0.9971,14.6964,30.44,EG
P82186,50.0,6.0,Cellulose,0.9942,14.6964,30.44,EG
P82186,50.0,7.0,Cellulose,0.9554,14.6964,30.44,EG
P82186,50.0,8.0,Cellulose,0.8057,14.6964,30.44,EG
P82186,60.0,4.0,Cellulose,0.9735,14.6964,30.44,EG
P82186,60.0,5.0,Cellulose,0.9917,14.6964,30.44,EG
P82186,60.0,6.0,Cellulose,0.9856,14.6964,30.44,EG
P82186,60.0,7.0,Cellulose,0.9307,14.6964,30.44,EG
P82186,60.0,8.0,Cellulose,0.7705,14.6964,30.44,EG
P82186,70.0,4.0,Cellulose,0.8567,14.6964,30.44,EG
P82186,70.0,5.0,Cellulose,0.9043,14.6964,30.44,EG
P82186,70.0,6.0,Cellulose,0.8845,14.6964,30.44,EG
P82186,70.0,7.0,Cellulose,0.7907,14.6964,30.44,EG
P82186,70.0,8.0,Cellulose,0.6165,14.6964,30.44,EG
P82186,30.0,4.0,Xylan,0.3888,14.6964,30.44,EG
P82186,30.0,5.0,Xylan,0.4351,14.6964,30.44,EG
P82186,30.0,6.0,Xylan,0.415,14.6964,30.44,EG
P82186,30.0,7.0,Xylan,0.3325,14.6964,30.44,EG
P82186,30.0,8.0,Xylan,0.2074,14.6964,30.44,EG
P82186,40.0,4.0,Xylan,0.5737,14.6964,30.44,EG
P82186,40.0,5.0,Xylan,0.6259,14.6964,30.44,EG
P82186,40.0,6.0,Xylan,0.6034,14.6964,30.44,EG
P82186,40.0,7.0,Xylan,0.5085,14.6964,30.44,EG
P82186,40.0,8.0,Xylan,0.3543,14.6964,30.44,EG
P82186,50.0,4.0,Xylan,0.6556,14.6964,30.44,EG
P82186,50.0,5.0,Xylan,0.7087,14.6964,30.44,EG
P82186,50.0,6.0,Xylan,0.6859,14.6964,30.44,EG
P82186,50.0,7.0,Xylan,0.5881,14.6964,30.44,EG
P82186,50.0,8.0,Xylan,0.425,14.6964,30.44,EG
P82186,60.0,4.0,Xylan,0.6202,14.6964,30.44,EG
P82186,60.0,5.0,Xylan,0.6731,14.6964,30.44,EG
P82186,60.0,6.0,Xylan,0.6504,14.6964,30.44,EG
P82186,60.0,7.0,Xylan,0.5536,14.6964,30.44,EG
P82186,60.0,8.0,Xylan,0.3941,14.6964,30.44,EG
P82186,70.0,4.0,Xylan,0.4728,14.6964,30.44,EG
P82186,70.0,5.0,Xylan,0.5223,14.6964,30.44,EG
P82186,70.0,6.0,Xylan,0.5009,14.6964,30.44,EG
P82186,70.0,7.0,Xylan,0.4117,14.6964,30.44,EG
P82186,70.0,8.0,Xylan,0.2717,14.6964,30.44,EG
P82186,30.0,4.0,Bagasse,0.7033,14.6964,30.44,EG
P82186,30.0,5.0,Bagasse,0.7566,14.6964,30.44,EG
P82186,30.0,6.0,Bagasse,0.7338,14.6964,30.44,EG
P82186,30.0,7.0,Bagasse,0.635,14.6964,30.44,EG
P82186,30.0,8.0,Bagasse,0.4678,14.6964,30.44,EG
P82186,40.0,4.0,Bagasse,0.8981,14.6964,30.44,EG
P82186,40.0,5.0,Bagasse,0.9403,14.6964,30.44,EG
P82186,40.0,6.0,Bagasse,0.9232,14.6964,30.44,EG
P82186,40.0,7.0,Bagasse,0.8354,14.6964,30.44,EG
P82186,40.0,8.0,Bagasse,0.662,14.6964,30.44,EG
P82186,50.0,4.0,Bagasse,0.96,14.6964,30.44,EG
P82186,50.0,5.0,Bagasse,0.9848,14.6964,30.44,EG
P82186,50.0,6.0,Bagasse,0.9759,14.6964,30.44,EG
P82186,50.0,7.0,Bagasse,0.9105,14.6964,30.44,EG
P82186,50.0,8.0,Bagasse,0.7452,14.6964,30.44,EG
P82186,60.0,4.0,Bagasse,0.9362,14.6964,30.44,EG
P82186,60.0,5.0,Bagasse,0.9697,14.6964,30.44,EG
P82186,60.0,6.0,Bagasse,0.9568,14.6964,30.44,EG
P82186,60.0,7.0,Bagasse,0.8796,14.6964,30.44,EG
P82186,60.0,8.0,Bagasse,0.7095,14.6964,30.44,EG
P82186,70.0,4.0,Bagasse,0.798,14.6964,30.44,EG
P82186,70.0,5.0,Bagasse,0.8494,14.6964,30.44,EG
P82186,70.0,6.0,Bagasse,0.8276,14.6964,30.44,EG
P82186,70.0,7.0,Bagasse,0.7299,14.6964,30.44,EG
P82186,70.0,8.0,Bagasse,0.557,14.6964,30.44,EG
P84195,30.0,4.0,Cellulose,0.125,0.18,25.77,EG
P84195,30.0,5.0,Cellulose,0.1119,0.18,25.77,EG
P84195,30.0,6.0,Cellulose,0.0735,0.18,25.77,EG
P84195,30.0,7.0,Cellulose,0.0318,0.18,25.77,EG
P84195,30.0,8.0,Cellulose,0.008,0.18,25.77,EG
P84195,40.0,4.0,Cellulose,0.2583,0.18,25.77,EG
P84195,40.0,5.0,Cellulose,0.238,0.18,25.77,EG
P84195,40.0,6.0,Cellulose,0.1739,0.18,25.77,EG
P84195,40.0,7.0,Cellulose,0.0911,0.18,25.77,EG
P84195,40.0,8.0,Cellulose,0.0283,0.18,25.77,EG
P84195,50.0,4.0,Cellulose,0.3441,0.18,25.77,EG
P84195,50.0,5.0,Cellulose,0.3205,0.18,25.77,EG
P84195,50.0,6.0,Cellulose,0.2445,0.18,25.77,EG
P84195,50.0,7.0,Cellulose,0.1399,0.18,25.77,EG
P84195,50.0,8.0,Cellulose,0.0496,0.18,25.77,EG
P84195,60.0,4.0,Cellulose,0.3422,0.18,25.77,EG
P84195,60.0,5.0,Cellulose,0.3187,0.18,25.77,EG
P84195,60.0,6.0,Cellulose,0.243,0.18,25.77,EG
P84195,60.0,7.0,Cellulose,0.1388,0.18,25.77,EG
P84195,60.0,8.0,Cellulose,0.0491,0.18,25.77,EG
P84195,70.0,4.0,Cellulose,0.2535,0.18,25.77,EG
P84195,70.0,5.0,Cellulose,0.2333,0.18,25.77,EG
P84195,70.0,6.0,Cellulose,0.17,0.18,25.77,EG
P84195,70.0,7.0,Cellulose,0.0885,0.18,25.77,EG
P84195,70.0,8.0,Cellulose,0.0273,0.18,25.77,EG
P84195,30.0,4.0,Xylan,0.0218,0.18,25.77,EG
P84195,30.0,5.0,Xylan,0.0186,0.18,25.77,EG
P84195,30.0,6.0,Xylan,0.0104,0.18,25.77,EG
P84195,30.0,7.0,Xylan,0.0037,0.18,25.77,EG
P84195,30.0,8.0,Xylan,0.0008,0.18,25.77,EG
P84195,40.0,4.0,Xylan,0.067,0.18,25.77,EG
P84195,40.0,5.0,Xylan,0.0587,0.18,25.77,EG
P84195,40.0,6.0,Xylan,0.0357,0.18,25.77,EG
P84195,40.0,7.0,Xylan,0.0139,0.18,25.77,EG
P84195,40.0,8.0,Xylan,0.0033,0.18,25.77,EG
P84195,50.0,4.0,Xylan,0.107,0.18,25.77,EG
P84195,50.0,5.0,Xylan,0.0953,0.18,25.77,EG
P84195,50.0,6.0,Xylan,0.0613,0.18,25.77,EG
P84195,50.0,7.0,Xylan,0.0257,0.18,25.77,EG
P84195,50.0,8.0,Xylan,0.0063,0.18,25.77,EG
P84195,60.0,4.0,Xylan,0.1061,0.18,25.77,EG
P84195,60.0,5.0,Xylan,0.0944,0.18,25.77,EG
P84195,60.0,6.0,Xylan,0.0607,0.18,25.77,EG
P84195,60.0,7.0,Xylan,0.0254,0.18,25.77,EG
P84195,60.0,8.0,Xylan,0.0063,0.18,25.77,EG
P84195,70.0,4.0,Xylan,0.0649,0.18,25.77,EG
P84195,70.0,5.0,Xylan,0.0568,0.18,25.77,EG
P84195,70.0,6.0,Xylan,0.0345,0.18,25.77,EG
P84195,70.0,7.0,Xylan,0.0134,0.18,25.77,EG
P84195,70.0,8.0,Xylan,0.0031,0.18,25.77,EG
P84195,30.0,4.0,Bagasse,0.0997,0.18,25.77,EG
P84195,30.0,5.0,Bagasse,0.0885,0.18,25.77,EG
P84195,30.0,6.0,Bagasse,0.0564,0.18,25.77,EG
P84195,30.0,7.0,Bagasse,0.0233,0.18,25.77,EG
P84195,30.0,8.0,Bagasse,0.0057,0.18,25.77,EG
P84195,40.0,4.0,Bagasse,0.2184,0.18,25.77,EG
P84195,40.0,5.0,Bagasse,0.1998,0.18,25.77,EG
P84195,40.0,6.0,Bagasse,0.1423,0.18,25.77,EG
P84195,40.0,7.0,Bagasse,0.071,0.18,25.77,EG
P84195,40.0,8.0,Bagasse,0.0207,0.18,25.77,EG
P84195,50.0,4.0,Bagasse,0.2976,0.18,25.77,EG
P84195,50.0,5.0,Bagasse,0.2757,0.18,25.77,EG
P84195,50.0,6.0,Bagasse,0.2058,0.18,25.77,EG
P84195,50.0,7.0,Bagasse,0.1126,0.18,25.77,EG
P84195,50.0,8.0,Bagasse,0.0372,0.18,25.77,EG
P84195,60.0,4.0,Bagasse,0.2959,0.18,25.77,EG
P84195,60.0,5.0,Bagasse,0.274,0.18,25.77,EG
P84195,60.0,6.0,Bagasse,0.2044,0.18,25.77,EG
P84195,60.0,7.0,Bagasse,0.1116,0.18,25.77,EG
P84195,60.0,8.0,Bagasse,0.0368,0.18,25.77,EG
P84195,70.0,4.0,Bagasse,0.214,0.18,25.77,EG
P84195,70.0,5.0,Bagasse,0.1956,0.18,25.77,EG
P84195,70.0,6.0,Bagasse,0.1389,0.18,25.77,EG
P84195,70.0,7.0,Bagasse,0.0688,0.18,25.77,EG
P84195,70.0,8.0,Bagasse,0.0199,0.18,25.77,EG
Q02934,30.0,4.0,Cellulose,0.4637,14.6197,28.64,EG
Q02934,30.0,5.0,Cellulose,0.6471,14.6197,28.64,EG
Q02934,30.0,6.0,Cellulose,0.762,14.6197,28.64,EG
Q02934,30.0,7.0,Cellulose,0.8,14.6197,28.64,EG
Q02934,30.0,8.0,Cellulose,0.762,14.6197,28.64,EG
Q02934,40.0,4.0,Cellulose,0.6721,14.6197,28.64,EG
Q02934,40.0,5.0,Cellulose,0.861,14.6197,28.64,EG
Q02934,40.0,6.0,Cellulose,0.9546,14.6197,28.64,EG
Q02934,40.0,7.0,Cellulose,0.9757,14.6197,28.64,EG
Q02934,40.0,8.0,Cellulose,0.9546,14.6197,28.64,EG
Q02934,50.0,4.0,Cellulose,0.7691,14.6197,28.64,EG
Q02934,50.0,5.0,Cellulose,0.9425,14.6197,28.64,EG
Q02934,50.0,6.0,Cellulose,0.9939,14.6197,28.64,EG
Q02934,50.0,7.0,Cellulose,0.9982,14.6197,28.64,EG
Q02934,50.0,8.0,Cellulose,0.9939,14.6197,28.64,EG
Q02934,60.0,4.0,Cellulose,0.7464,14.6197,28.64,EG
Q02934,60.0,5.0,Cellulose,0.9254,14.6197,28.64,EG
Q02934,60.0,6.0,Cellulose,0.9888,14.6197,28.64,EG
Q02934,60.0,7.0,Cellulose,0.9962,14.6197,28.64,EG
Q02934,60.0,8.0,Cellulose,0.9888,14.6197,28.64,EG
Q02934,70.0,4.0,Cellulose,0.6045,14.6197,28.64,EG
Q02934,70.0,5.0,Cellulose,0.7952,14.6197,28.64,EG
Q02934,70.0,6.0,Cellulose,0.9028,14.6197,28.64,EG
Q02934,70.0,7.0,Cellulose,0.9337,14.6197,28.64,EG
Q02934,70.0,8.0,Cellulose,0.9028,14.6197,28.64,EG
Q02934,30.0,4.0,Xylan,0.1664,14.6197,28.64,EG
Q02934,30.0,5.0,Xylan,0.2922,14.6197,28.64,EG
Q02934,30.0,6.0,Xylan,0.3842,14.6197,28.64,EG
Q02934,30.0,7.0,Xylan,0.4172,14.6197,28.64,EG
Q02934,30.0,8.0,Xylan,0.3842,14.6197,28.64,EG
Q02934,40.0,4.0,Xylan,0.3113,14.6197,28.64,EG
Q02934,40.0,5.0,Xylan,0.474,14.6197,28.64,EG
Q02934,40.0,6.0,Xylan,0.5828,14.6197,28.64,EG
Q02934,40.0,7.0,Xylan,0.6203,14.6197,28.64,EG
Q02934,40.0,8.0,Xylan,0.5828,14.6197,28.64,EG
Q02934,50.0,4.0,Xylan,0.3903,14.6197,28.64,EG
Q02934,50.0,5.0,Xylan,0.5654,14.6197,28.64,EG
Q02934,50.0,6.0,Xylan,0.6786,14.6197,28.64,EG
Q02934,50.0,7.0,Xylan,0.717,14.6197,28.64,EG
Q02934,50.0,8.0,Xylan,0.6786,14.6197,28.64,EG
Q02934,60.0,4.0,Xylan,0.3711,14.6197,28.64,EG
Q02934,60.0,5.0,Xylan,0.5435,14.6197,28.64,EG
Q02934,60.0,6.0,Xylan,0.6559,14.6197,28.64,EG
Q02934,60.0,7.0,Xylan,0.6942,14.6197,28.64,EG
Q02934,60.0,8.0,Xylan,0.6559,14.6197,28.64,EG
Q02934,70.0,4.0,Xylan,0.2607,14.6197,28.64,EG
Q02934,70.0,5.0,Xylan,0.413,14.6197,28.64,EG
Q02934,70.0,6.0,Xylan,0.5174,14.6197,28.64,EG
Q02934,70.0,7.0,Xylan,0.5539,14.6197,28.64,EG
Q02934,70.0,8.0,Xylan,0.5174,14.6197,28.64,EG
Q02934,30.0,4.0,Bagasse,0.4091,14.6197,28.64,EG
Q02934,30.0,5.0,Bagasse,0.5865,14.6197,28.64,EG
Q02934,30.0,6.0,Bagasse,0.7004,14.6197,28.64,EG
Q02934,30.0,7.0,Bagasse,0.7388,14.6197,28.64,EG
Q02934,30.0,8.0,Bagasse,0.7004,14.6197,28.64,EG
Q02934,40.0,4.0,Bagasse,0.6112,14.6197,28.64,EG
Q02934,40.0,5.0,Bagasse,0.8019,14.6197,28.64,EG
Q02934,40.0,6.0,Bagasse,0.9085,14.6197,28.64,EG
Q02934,40.0,7.0,Bagasse,0.9387,14.6197,28.64,EG
Q02934,40.0,8.0,Bagasse,0.9085,14.6197,28.64,EG
Q02934,50.0,4.0,Bagasse,0.7076,14.6197,28.64,EG
Q02934,50.0,5.0,Bagasse,0.8931,14.6197,28.64,EG
Q02934,50.0,6.0,Bagasse,0.9744,14.6197,28.64,EG
Q02934,50.0,7.0,Bagasse,0.9887,14.6197,28.64,EG
Q02934,50.0,8.0,Bagasse,0.9744,14.6197,28.64,EG
Q02934,60.0,4.0,Bagasse,0.6849,14.6197,28.64,EG
Q02934,60.0,5.0,Bagasse,0.8727,14.6197,28.64,EG
Q02934,60.0,6.0,Bagasse,0.9624,14.6197,28.64,EG
Q02934,60.0,7.0,Bagasse,0.9811,14.6197,28.64,EG
Q02934,60.0,8.0,Bagasse,0.9624,14.6197,28.64,EG
Q02934,70.0,4.0,Bagasse,0.5449,14.6197,28.64,EG
Q02934,70.0,5.0,Bagasse,0.734,14.6197,28.64,EG
Q02934,70.0,6.0,Bagasse,0.8471,14.6197,28.64,EG
Q02934,70.0,7.0,Bagasse,0.8825,14.6197,28.64,EG
Q02934,70.0,8.0,Bagasse,0.8471,14.6197,28.64,EG
Q12714,30.0,4.0,Cellulose,1.0,494.3328,27.58,EG
Q12714,30.0,5.0,Cellulose,1.0,494.3328,27.58,EG
Q12714,30.0,6.0,Cellulose,1.0,494.3328,27.58,EG
Q12714,30.0,7.0,Cellulose,1.0,494.3328,27.58,EG
Q12714,30.0,8.0,Cellulose,0.9999,494.3328,27.58,EG
Q12714,40.0,4.0,Cellulose,1.0,494.3328,27.58,EG
Q12714,40.0,5.0,Cellulose,1.0,494.3328,27.58,EG
Q12714,40.0,6.0,Cellulose,1.0,494.3328,27.58,EG
Q12714,40.0,7.0,Cellulose,1.0,494.3328,27.58,EG
Q12714,40.0,8.0,Cellulose,1.0,494.3328,27.58,EG
Q12714,50.0,4.0,Cellulose,1.0,494.3328,27.58,EG
Q12714,50.0,5.0,Cellulose,1.0,494.3328,27.58,EG
Q12714,50.0,6.0,Cellulose,1.0,494.3328,27.58,EG
Q12714,50.0,7.0,Cellulose,1.0,494.3328,27.58,EG
Q12714,50.0,8.0,Cellulose,1.0,494.3328,27.58,EG
Q12714,60.0,4.0,Cellulose,1.0,494.3328,27.58,EG
Q12714,60.0,5.0,Cellulose,1.0,494.3328,27.58,EG
Q12714,60.0,6.0,Cellulose,1.0,494.3328,27.58,EG
Q12714,60.0,7.0,Cellulose,1.0,494.3328,27.58,EG
Q12714,60.0,8.0,Cellulose,1.0,494.3328,27.58,EG
Q12714,70.0,4.0,Cellulose,1.0,494.3328,27.58,EG
Q12714,70.0,5.0,Cellulose,1.0,494.3328,27.58,EG
Q12714,70.0,6.0,Cellulose,1.0,494.3328,27.58,EG
Q12714,70.0,7.0,Cellulose,1.0,494.3328,27.58,EG
Q12714,70.0,8.0,Cellulose,1.0,494.3328,27.58,EG
Q12714,30.0,4.0,Xylan,0.8611,494.3328,27.58,EG
Q12714,30.0,5.0,Xylan,0.9391,494.3328,27.58,EG
Q12714,30.0,6.0,Xylan,0.9499,494.3328,27.58,EG
Q12714,30.0,7.0,Xylan,0.9024,494.3328,27.58,EG
Q12714,30.0,8.0,Xylan,0.7721,494.3328,27.58,EG
Q12714,40.0,4.0,Xylan,0.9961,494.3328,27.58,EG
Q12714,40.0,5.0,Xylan,0.9999,494.3328,27.58,EG
Q12714,40.0,6.0,Xylan,1.0,494.3328,27.58,EG
Q12714,40.0,7.0,Xylan,0.9993,494.3328,27.58,EG
Q12714,40.0,8.0,Xylan,0.9658,494.3328,27.58,EG
Q12714,50.0,4.0,Xylan,1.0,494.3328,27.58,EG
Q12714,50.0,5.0,Xylan,1.0,494.3328,27.58,EG
Q12714,50.0,6.0,Xylan,1.0,494.3328,27.58,EG
Q12714,50.0,7.0,Xylan,1.0,494.3328,27.58,EG
Q12714,50.0,8.0,Xylan,0.9975,494.3328,27.58,EG
Q12714,60.0,4.0,Xylan,0.9999,494.3328,27.58,EG
Q12714,60.0,5.0,Xylan,1.0,494.3328,27.58,EG
Q12714,60.0,6.0,Xylan,1.0,494.3328,27.58,EG
Q12714,60.0,7.0,Xylan,1.0,494.3328,27.58,EG
Q12714,60.0,8.0,Xylan,0.9959,494.3328,27.58,EG
Q12714,70.0,4.0,Xylan,0.987,494.3328,27.58,EG
Q12714,70.0,5.0,Xylan,0.9994,494.3328,27.58,EG
Q12714,70.0,6.0,Xylan,0.9997,494.3328,27.58,EG
Q12714,70.0,7.0,Xylan,0.9964,494.3328,27.58,EG
Q12714,70.0,8.0,Xylan,0.9377,494.3328,27.58,EG
Q12714,30.0,4.0,Bagasse,1.0,494.3328,27.58,EG
Q12714,30.0,5.0,Bagasse,1.0,494.3328,27.58,EG
Q12714,30.0,6.0,Bagasse,1.0,494.3328,27.58,EG
Q12714,30.0,7.0,Bagasse,1.0,494.3328,27.58,EG
Q12714,30.0,8.0,Bagasse,0.9979,494.3328,27.58,EG
Q12714,40.0,4.0,Bagasse,1.0,494.3328,27.58,EG
Q12714,40.0,5.0,Bagasse,1.0,494.3328,27.58,EG
Q12714,40.0,6.0,Bagasse,1.0,494.3328,27.58,EG
Q12714,40.0,7.0,Bagasse,1.0,494.3328,27.58,EG
Q12714,40.0,8.0,Bagasse,1.0,494.3328,27.58,EG
Q12714,50.0,4.0,Bagasse,1.0,494.3328,27.58,EG
Q12714,50.0,5.0,Bagasse,1.0,494.3328,27.58,EG
Q12714,50.0,6.0,Bagasse,1.0,494.3328,27.58,EG
Q12714,50.0,7.0,Bagasse,1.0,494.3328,27.58,EG
Q12714,50.0,8.0,Bagasse,1.0,494.3328,27.58,EG
Q12714,60.0,4.0,Bagasse,1.0,494.3328,27.58,EG
Q12714,60.0,5.0,Bagasse,1.0,494.3328,27.58,EG
Q12714,60.0,6.0,Bagasse,1.0,494.3328,27.58,EG
Q12714,60.0,7.0,Bagasse,1.0,494.3328,27.58,EG
Q12714,60.0,8.0,Bagasse,1.0,494.3328,27.58,EG
Q12714,70.0,4.0,Bagasse,1.0,494.3328,27.58,EG
Q12714,70.0,5.0,Bagasse,1.0,494.3328,27.58,EG
Q12714,70.0,6.0,Bagasse,1.0,494.3328,27.58,EG
Q12714,70.0,7.0,Bagasse,1.0,494.3328,27.58,EG
Q12714,70.0,8.0,Bagasse,1.0,494.3328,27.58,EG
Q1HFS8,30.0,4.0,Cellulose,0.1985,7.099,26.55,EG
Q1HFS8,30.0,5.0,Cellulose,0.378,7.099,26.55,EG
Q1HFS8,30.0,6.0,Cellulose,0.5293,7.099,26.55,EG
Q1HFS8,30.0,7.0,Cellulose,0.6183,7.099,26.55,EG
Q1HFS8,30.0,8.0,Cellulose,0.6335,7.099,26.55,EG
Q1HFS8,40.0,4.0,Cellulose,0.3672,7.099,26.55,EG
Q1HFS8,40.0,5.0,Cellulose,0.5906,7.099,26.55,EG
Q1HFS8,40.0,6.0,Cellulose,0.7586,7.099,26.55,EG
Q1HFS8,40.0,7.0,Cellulose,0.8491,7.099,26.55,EG
Q1HFS8,40.0,8.0,Cellulose,0.8636,7.099,26.55,EG
Q1HFS8,50.0,4.0,Cellulose,0.4652,7.099,26.55,EG
Q1HFS8,50.0,5.0,Cellulose,0.7024,7.099,26.55,EG
Q1HFS8,50.0,6.0,Cellulose,0.8685,7.099,26.55,EG
Q1HFS8,50.0,7.0,Cellulose,0.9455,7.099,26.55,EG
Q1HFS8,50.0,8.0,Cellulose,0.9559,7.099,26.55,EG
Q1HFS8,60.0,4.0,Cellulose,0.4587,7.099,26.55,EG
Q1HFS8,60.0,5.0,Cellulose,0.6952,7.099,26.55,EG
Q1HFS8,60.0,6.0,Cellulose,0.8618,7.099,26.55,EG
Q1HFS8,60.0,7.0,Cellulose,0.9404,7.099,26.55,EG
Q1HFS8,60.0,8.0,Cellulose,0.9512,7.099,26.55,EG
Q1HFS8,70.0,4.0,Cellulose,0.3496,7.099,26.55,EG
Q1HFS8,70.0,5.0,Cellulose,0.5697,7.099,26.55,EG
Q1HFS8,70.0,6.0,Cellulose,0.737,7.099,26.55,EG
Q1HFS8,70.0,7.0,Cellulose,0.8284,7.099,26.55,EG
Q1HFS8,70.0,8.0,Cellulose,0.8432,7.099,26.55,EG
Q1HFS8,30.0,4.0,Xylan,0.0409,7.099,26.55,EG
Q1HFS8,30.0,5.0,Xylan,0.1182,7.099,26.55,EG
Q1HFS8,30.0,6.0,Xylan,0.209,7.099,26.55,EG
Q1HFS8,30.0,7.0,Xylan,0.2712,7.099,26.55,EG
Q1HFS8,30.0,8.0,Xylan,0.2824,7.099,26.55,EG
Q1HFS8,40.0,4.0,Xylan,0.1125,7.099,26.55,EG
Q1HFS8,40.0,5.0,Xylan,0.2512,7.099,26.55,EG
Q1HFS8,40.0,6.0,Xylan,0.3813,7.099,26.55,EG
Q1HFS8,40.0,7.0,Xylan,0.4618,7.099,26.55,EG
Q1HFS8,40.0,8.0,Xylan,0.4758,7.099,26.55,EG
Q1HFS8,50.0,4.0,Xylan,0.168,7.099,26.55,EG
Q1HFS8,50.0,5.0,Xylan,0.3353,7.099,26.55,EG
Q1HFS8,50.0,6.0,Xylan,0.4806,7.099,26.55,EG
Q1HFS8,50.0,7.0,Xylan,0.5674,7.099,26.55,EG
Q1HFS8,50.0,8.0,Xylan,0.5823,7.099,26.55,EG
Q1HFS8,60.0,4.0,Xylan,0.1641,7.099,26.55,EG
Q1HFS8,60.0,5.0,Xylan,0.3296,7.099,26.55,EG
Q1HFS8,60.0,6.0,Xylan,0.474,7.099,26.55,EG
Q1HFS8,60.0,7.0,Xylan,0.5605,7.099,26.55,EG
Q1HFS8,60.0,8.0,Xylan,0.5753,7.099,26.55,EG
Q1HFS8,70.0,4.0,Xylan,0.1035,7.099,26.55,EG
Q1HFS8,70.0,5.0,Xylan,0.2364,7.099,26.55,EG
Q1HFS8,70.0,6.0,Xylan,0.3633,7.099,26.55,EG
Q1HFS8,70.0,7.0,Xylan,0.4424,7.099,26.55,EG
Q1HFS8,70.0,8.0,Xylan,0.4562,7.099,26.55,EG
Q1HFS8,30.0,4.0,Bagasse,0.1629,7.099,26.55,EG
Q1HFS8,30.0,5.0,Bagasse,0.3279,7.099,26.55,EG
Q1HFS8,30.0,6.0,Bagasse,0.472,7.099,26.55,EG
Q1HFS8,30.0,7.0,Bagasse,0.5584,7.099,26.55,EG
Q1HFS8,30.0,8.0,Bagasse,0.5732,7.099,26.55,EG
Q1HFS8,40.0,4.0,Bagasse,0.3178,7.099,26.55,EG
Q1HFS8,40.0,5.0,Bagasse,0.5314,7.099,26.55,EG
Q1HFS8,40.0,6.0,Bagasse,0.6969,7.099,26.55,EG
Q1HFS8,40.0,7.0,Bagasse,0.7891,7.099,26.55,EG
Q1HFS8,40.0,8.0,Bagasse,0.8042,7.099,26.55,EG
Q1HFS8,50.0,4.0,Bagasse,0.4106,7.099,26.55,EG
Q1HFS8,50.0,5.0,Bagasse,0.6409,7.099,26.55,EG
Q1HFS8,50.0,6.0,Bagasse,0.8094,7.099,26.55,EG
Q1HFS8,50.0,7.0,Bagasse,0.8961,7.099,26.55,EG
Q1HFS8,50.0,8.0,Bagasse,0.9094,7.099,26.55,EG
Q1HFS8,60.0,4.0,Bagasse,0.4044,7.099,26.55,EG
Q1HFS8,60.0,5.0,Bagasse,0.6338,7.099,26.55,EG
Q1HFS8,60.0,6.0,Bagasse,0.8023,7.099,26.55,EG
Q1HFS8,60.0,7.0,Bagasse,0.8898,7.099,26.55,EG
Q1HFS8,60.0,8.0,Bagasse,0.9032,7.099,26.55,EG
Q1HFS8,70.0,4.0,Bagasse,0.3012,7.099,26.55,EG
Q1HFS8,70.0,5.0,Bagasse,0.5111,7.099,26.55,EG
Q1HFS8,70.0,6.0,Bagasse,0.6753,7.099,26.55,EG
Q1HFS8,70.0,7.0,Bagasse,0.7676,7.099,26.55,EG
Q1HFS8,70.0,8.0,Bagasse,0.7829,7.099,26.55,EG
Q2V4L8,30.0,4.0,Cellulose,0.8987,38.425,27.58,EG
Q2V4L8,30.0,5.0,Cellulose,0.9052,38.425,27.58,EG
Q2V4L8,30.0,6.0,Cellulose,0.8428,38.425,27.58,EG
Q2V4L8,30.0,7.0,Cellulose,0.6999,38.425,27.58,EG
Q2V4L8,30.0,8.0,Cellulose,0.4869,38.425,27.58,EG
Q2V4L8,40.0,4.0,Cellulose,0.9991,38.425,27.58,EG
Q2V4L8,40.0,5.0,Cellulose,0.9994,38.425,27.58,EG
Q2V4L8,40.0,6.0,Cellulose,0.9928,38.425,27.58,EG
Q2V4L8,40.0,7.0,Cellulose,0.914,38.425,27.58,EG
Q2V4L8,40.0,8.0,Cellulose,0.7027,38.425,27.58,EG
Q2V4L8,50.0,4.0,Cellulose,1.0,38.425,27.58,EG
Q2V4L8,50.0,5.0,Cellulose,1.0,38.425,27.58,EG
Q2V4L8,50.0,6.0,Cellulose,0.9999,38.425,27.58,EG
Q2V4L8,50.0,7.0,Cellulose,0.981,38.425,27.58,EG
Q2V4L8,50.0,8.0,Cellulose,0.8068,38.425,27.58,EG
Q2V4L8,60.0,4.0,Cellulose,1.0,38.425,27.58,EG
Q2V4L8,60.0,5.0,Cellulose,1.0,38.425,27.58,EG
Q2V4L8,60.0,6.0,Cellulose,0.9998,38.425,27.58,EG
Q2V4L8,60.0,7.0,Cellulose,0.9748,38.425,27.58,EG
Q2V4L8,60.0,8.0,Cellulose,0.7928,38.425,27.58,EG
Q2V4L8,70.0,4.0,Cellulose,0.9958,38.425,27.58,EG
Q2V4L8,70.0,5.0,Cellulose,0.9967,38.425,27.58,EG
Q2V4L8,70.0,6.0,Cellulose,0.9799,38.425,27.58,EG
Q2V4L8,70.0,7.0,Cellulose,0.8766,38.425,27.58,EG
Q2V4L8,70.0,8.0,Cellulose,0.6601,38.425,27.58,EG
Q2V4L8,30.0,4.0,Xylan,0.5163,38.425,27.58,EG
Q2V4L8,30.0,5.0,Xylan,0.5234,38.425,27.58,EG
Q2V4L8,30.0,6.0,Xylan,0.4606,38.425,27.58,EG
Q2V4L8,30.0,7.0,Xylan,0.3384,38.425,27.58,EG
Q2V4L8,30.0,8.0,Xylan,0.1865,38.425,27.58,EG
Q2V4L8,40.0,4.0,Xylan,0.7346,38.425,27.58,EG
Q2V4L8,40.0,5.0,Xylan,0.7422,38.425,27.58,EG
Q2V4L8,40.0,6.0,Xylan,0.6738,38.425,27.58,EG
Q2V4L8,40.0,7.0,Xylan,0.5333,38.425,27.58,EG
Q2V4L8,40.0,8.0,Xylan,0.3407,38.425,27.58,EG
Q2V4L8,50.0,4.0,Xylan,0.8378,38.425,27.58,EG
Q2V4L8,50.0,5.0,Xylan,0.8451,38.425,27.58,EG
Q2V4L8,50.0,6.0,Xylan,0.7782,38.425,27.58,EG
Q2V4L8,50.0,7.0,Xylan,0.6343,38.425,27.58,EG
Q2V4L8,50.0,8.0,Xylan,0.4278,38.425,27.58,EG
Q2V4L8,60.0,4.0,Xylan,0.824,38.425,27.58,EG
Q2V4L8,60.0,5.0,Xylan,0.8314,38.425,27.58,EG
Q2V4L8,60.0,6.0,Xylan,0.764,38.425,27.58,EG
Q2V4L8,60.0,7.0,Xylan,0.6202,38.425,27.58,EG
Q2V4L8,60.0,8.0,Xylan,0.4155,38.425,27.58,EG
Q2V4L8,70.0,4.0,Xylan,0.6918,38.425,27.58,EG
Q2V4L8,70.0,5.0,Xylan,0.6994,38.425,27.58,EG
Q2V4L8,70.0,6.0,Xylan,0.6314,38.425,27.58,EG
Q2V4L8,70.0,7.0,Xylan,0.4934,38.425,27.58,EG
Q2V4L8,70.0,8.0,Xylan,0.3076,38.425,27.58,EG
Q2V4L8,30.0,4.0,Bagasse,0.8426,38.425,27.58,EG
Q2V4L8,30.0,5.0,Bagasse,0.8499,38.425,27.58,EG
Q2V4L8,30.0,6.0,Bagasse,0.7832,38.425,27.58,EG
Q2V4L8,30.0,7.0,Bagasse,0.6392,38.425,27.58,EG
Q2V4L8,30.0,8.0,Bagasse,0.4322,38.425,27.58,EG
Q2V4L8,40.0,4.0,Bagasse,0.9928,38.425,27.58,EG
Q2V4L8,40.0,5.0,Bagasse,0.9942,38.425,27.58,EG
Q2V4L8,40.0,6.0,Bagasse,0.9714,38.425,27.58,EG
Q2V4L8,40.0,7.0,Bagasse,0.8597,38.425,27.58,EG
Q2V4L8,40.0,8.0,Bagasse,0.642,38.425,27.58,EG
Q2V4L8,50.0,4.0,Bagasse,0.9999,38.425,27.58,EG
Q2V4L8,50.0,5.0,Bagasse,0.9999,38.425,27.58,EG
Q2V4L8,50.0,6.0,Bagasse,0.9983,38.425,27.58,EG
Q2V4L8,50.0,7.0,Bagasse,0.9473,38.425,27.58,EG
Q2V4L8,50.0,8.0,Bagasse,0.7463,38.425,27.58,EG
Q2V4L8,60.0,4.0,Bagasse,0.9998,38.425,27.58,EG
Q2V4L8,60.0,5.0,Bagasse,0.9998,38.425,27.58,EG
Q2V4L8,60.0,6.0,Bagasse,0.9971,38.425,27.58,EG
Q2V4L8,60.0,7.0,Bagasse,0.9371,38.425,27.58,EG
Q2V4L8,60.0,8.0,Bagasse,0.732,38.425,27.58,EG
Q2V4L8,70.0,4.0,Bagasse,0.9798,38.425,27.58,EG
Q2V4L8,70.0,5.0,Bagasse,0.9828,38.425,27.58,EG
Q2V4L8,70.0,6.0,Bagasse,0.9454,38.425,27.58,EG
Q2V4L8,70.0,7.0,Bagasse,0.8187,38.425,27.58,EG
Q2V4L8,70.0,8.0,Bagasse,0.6,38.425,27.58,EG
Q38890,30.0,4.0,Cellulose,0.6678,20.4638,27.94,EG
Q38890,30.0,5.0,Cellulose,0.7899,20.4638,27.94,EG
Q38890,30.0,6.0,Cellulose,0.8347,20.4638,27.94,EG
Q38890,30.0,7.0,Cellulose,0.8049,20.4638,27.94,EG
Q38890,30.0,8.0,Cellulose,0.6983,20.4638,27.94,EG
Q38890,40.0,4.0,Cellulose,0.884,20.4638,27.94,EG
Q38890,40.0,5.0,Cellulose,0.9733,20.4638,27.94,EG
Q38890,40.0,6.0,Cellulose,0.9902,20.4638,27.94,EG
Q38890,40.0,7.0,Cellulose,0.9801,20.4638,27.94,EG
Q38890,40.0,8.0,Cellulose,0.9105,20.4638,27.94,EG
Q38890,50.0,4.0,Cellulose,0.9621,20.4638,27.94,EG
Q38890,50.0,5.0,Cellulose,0.9983,20.4638,27.94,EG
Q38890,50.0,6.0,Cellulose,0.9998,20.4638,27.94,EG
Q38890,50.0,7.0,Cellulose,0.999,20.4638,27.94,EG
Q38890,50.0,8.0,Cellulose,0.9778,20.4638,27.94,EG
Q38890,60.0,4.0,Cellulose,0.9508,20.4638,27.94,EG
Q38890,60.0,5.0,Cellulose,0.9967,20.4638,27.94,EG
Q38890,60.0,6.0,Cellulose,0.9994,20.4638,27.94,EG
Q38890,60.0,7.0,Cellulose,0.9981,20.4638,27.94,EG
Q38890,60.0,8.0,Cellulose,0.9691,20.4638,27.94,EG
Q38890,70.0,4.0,Cellulose,0.8338,20.4638,27.94,EG
Q38890,70.0,5.0,Cellulose,0.9403,20.4638,27.94,EG
Q38890,70.0,6.0,Cellulose,0.9693,20.4638,27.94,EG
Q38890,70.0,7.0,Cellulose,0.951,20.4638,27.94,EG
Q38890,70.0,8.0,Cellulose,0.8627,20.4638,27.94,EG
Q38890,30.0,4.0,Xylan,0.3102,20.4638,27.94,EG
Q38890,30.0,5.0,Xylan,0.4101,20.4638,27.94,EG
Q38890,30.0,6.0,Xylan,0.4505,20.4638,27.94,EG
Q38890,30.0,7.0,Xylan,0.4234,20.4638,27.94,EG
Q38890,30.0,8.0,Xylan,0.3341,20.4638,27.94,EG
Q38890,40.0,4.0,Xylan,0.4986,20.4638,27.94,EG
Q38890,40.0,5.0,Xylan,0.6156,20.4638,27.94,EG
Q38890,40.0,6.0,Xylan,0.6609,20.4638,27.94,EG
Q38890,40.0,7.0,Xylan,0.6306,20.4638,27.94,EG
Q38890,40.0,8.0,Xylan,0.5272,20.4638,27.94,EG
Q38890,50.0,4.0,Xylan,0.5953,20.4638,27.94,EG
Q38890,50.0,5.0,Xylan,0.7165,20.4638,27.94,EG
Q38890,50.0,6.0,Xylan,0.7624,20.4638,27.94,EG
Q38890,50.0,7.0,Xylan,0.7318,20.4638,27.94,EG
Q38890,50.0,8.0,Xylan,0.6252,20.4638,27.94,EG
Q38890,60.0,4.0,Xylan,0.5779,20.4638,27.94,EG
Q38890,60.0,5.0,Xylan,0.6986,20.4638,27.94,EG
Q38890,60.0,6.0,Xylan,0.7445,20.4638,27.94,EG
Q38890,60.0,7.0,Xylan,0.7139,20.4638,27.94,EG
Q38890,60.0,8.0,Xylan,0.6076,20.4638,27.94,EG
Q38890,70.0,4.0,Xylan,0.4496,20.4638,27.94,EG
Q38890,70.0,5.0,Xylan,0.5633,20.4638,27.94,EG
Q38890,70.0,6.0,Xylan,0.6079,20.4638,27.94,EG
Q38890,70.0,7.0,Xylan,0.5781,20.4638,27.94,EG
Q38890,70.0,8.0,Xylan,0.4772,20.4638,27.94,EG
Q38890,30.0,4.0,Bagasse,0.6072,20.4638,27.94,EG
Q38890,30.0,5.0,Bagasse,0.7287,20.4638,27.94,EG
Q38890,30.0,6.0,Bagasse,0.7745,20.4638,27.94,EG
Q38890,30.0,7.0,Bagasse,0.744,20.4638,27.94,EG
Q38890,30.0,8.0,Bagasse,0.6373,20.4638,27.94,EG
Q38890,40.0,4.0,Bagasse,0.8264,20.4638,27.94,EG
Q38890,40.0,5.0,Bagasse,0.9347,20.4638,27.94,EG
Q38890,40.0,6.0,Bagasse,0.9651,20.4638,27.94,EG
Q38890,40.0,7.0,Bagasse,0.9458,20.4638,27.94,EG
Q38890,40.0,8.0,Bagasse,0.8556,20.4638,27.94,EG
Q38890,50.0,4.0,Bagasse,0.9184,20.4638,27.94,EG
Q38890,50.0,5.0,Bagasse,0.9886,20.4638,27.94,EG
Q38890,50.0,6.0,Bagasse,0.997,20.4638,27.94,EG
Q38890,50.0,7.0,Bagasse,0.9924,20.4638,27.94,EG
Q38890,50.0,8.0,Bagasse,0.9419,20.4638,27.94,EG
Q38890,60.0,4.0,Bagasse,0.9035,20.4638,27.94,EG
Q38890,60.0,5.0,Bagasse,0.9828,20.4638,27.94,EG
Q38890,60.0,6.0,Bagasse,0.9947,20.4638,27.94,EG
Q38890,60.0,7.0,Bagasse,0.9879,20.4638,27.94,EG
Q38890,60.0,8.0,Bagasse,0.9285,20.4638,27.94,EG
Q38890,70.0,4.0,Bagasse,0.7736,20.4638,27.94,EG
Q38890,70.0,5.0,Bagasse,0.8904,20.4638,27.94,EG
Q38890,70.0,6.0,Bagasse,0.9287,20.4638,27.94,EG
Q38890,70.0,7.0,Bagasse,0.9037,20.4638,27.94,EG
Q38890,70.0,8.0,Bagasse,0.8038,20.4638,27.94,EG
Q47096,30.0,4.0,Cellulose,0.7733,118.4652,27.67,EG
Q47096,30.0,5.0,Cellulose,0.9512,118.4652,27.67,EG
Q47096,30.0,6.0,Cellulose,0.9969,118.4652,27.67,EG
Q47096,30.0,7.0,Cellulose,0.9995,118.4652,27.67,EG
Q47096,30.0,8.0,Cellulose,0.9982,118.4652,27.67,EG
Q47096,40.0,4.0,Cellulose,0.9663,118.4652,27.67,EG
Q47096,40.0,5.0,Cellulose,1.0,118.4652,27.67,EG
Q47096,40.0,6.0,Cellulose,1.0,118.4652,27.67,EG
Q47096,40.0,7.0,Cellulose,1.0,118.4652,27.67,EG
Q47096,40.0,8.0,Cellulose,1.0,118.4652,27.67,EG
Q47096,50.0,4.0,Cellulose,0.9975,118.4652,27.67,EG
Q47096,50.0,5.0,Cellulose,1.0,118.4652,27.67,EG
Q47096,50.0,6.0,Cellulose,1.0,118.4652,27.67,EG
Q47096,50.0,7.0,Cellulose,1.0,118.4652,27.67,EG
Q47096,50.0,8.0,Cellulose,1.0,118.4652,27.67,EG
Q47096,60.0,4.0,Cellulose,0.9958,118.4652,27.67,EG
Q47096,60.0,5.0,Cellulose,1.0,118.4652,27.67,EG
Q47096,60.0,6.0,Cellulose,1.0,118.4652,27.67,EG
Q47096,60.0,7.0,Cellulose,1.0,118.4652,27.67,EG
Q47096,60.0,8.0,Cellulose,1.0,118.4652,27.67,EG
Q47096,70.0,4.0,Cellulose,0.9356,118.4652,27.67,EG
Q47096,70.0,5.0,Cellulose,0.9996,118.4652,27.67,EG
Q47096,70.0,6.0,Cellulose,1.0,118.4652,27.67,EG
Q47096,70.0,7.0,Cellulose,1.0,118.4652,27.67,EG
Q47096,70.0,8.0,Cellulose,1.0,118.4652,27.67,EG
Q47096,30.0,4.0,Xylan,0.3942,118.4652,27.67,EG
Q47096,30.0,5.0,Xylan,0.5769,118.4652,27.67,EG
Q47096,30.0,6.0,Xylan,0.6981,118.4652,27.67,EG
Q47096,30.0,7.0,Xylan,0.7442,118.4652,27.67,EG
Q47096,30.0,8.0,Xylan,0.7135,118.4652,27.67,EG
Q47096,40.0,4.0,Xylan,0.6009,118.4652,27.67,EG
Q47096,40.0,5.0,Xylan,0.7992,118.4652,27.67,EG
Q47096,40.0,6.0,Xylan,0.913,118.4652,27.67,EG
Q47096,40.0,7.0,Xylan,0.9481,118.4652,27.67,EG
Q47096,40.0,8.0,Xylan,0.9255,118.4652,27.67,EG
Q47096,50.0,4.0,Xylan,0.7044,118.4652,27.67,EG
Q47096,50.0,5.0,Xylan,0.8973,118.4652,27.67,EG
Q47096,50.0,6.0,Xylan,0.9803,118.4652,27.67,EG
Q47096,50.0,7.0,Xylan,0.9936,118.4652,27.67,EG
Q47096,50.0,8.0,Xylan,0.9859,118.4652,27.67,EG
Q47096,60.0,4.0,Xylan,0.6888,118.4652,27.67,EG
Q47096,60.0,5.0,Xylan,0.8835,118.4652,27.67,EG
Q47096,60.0,6.0,Xylan,0.9733,118.4652,27.67,EG
Q47096,60.0,7.0,Xylan,0.9902,118.4652,27.67,EG
Q47096,60.0,8.0,Xylan,0.9802,118.4652,27.67,EG
Q47096,70.0,4.0,Xylan,0.5556,118.4652,27.67,EG
Q47096,70.0,5.0,Xylan,0.7528,118.4652,27.67,EG
Q47096,70.0,6.0,Xylan,0.872,118.4652,27.67,EG
Q47096,70.0,7.0,Xylan,0.9124,118.4652,27.67,EG
Q47096,70.0,8.0,Xylan,0.8859,118.4652,27.67,EG
Q47096,30.0,4.0,Bagasse,0.7118,118.4652,27.67,EG
Q47096,30.0,5.0,Bagasse,0.9038,118.4652,27.67,EG
Q47096,30.0,6.0,Bagasse,0.9831,118.4652,27.67,EG
Q47096,30.0,7.0,Bagasse,0.9949,118.4652,27.67,EG
Q47096,30.0,8.0,Bagasse,0.9882,118.4652,27.67,EG
Q47096,40.0,4.0,Bagasse,0.9241,118.4652,27.67,EG
Q47096,40.0,5.0,Bagasse,0.9993,118.4652,27.67,EG
Q47096,40.0,6.0,Bagasse,1.0,118.4652,27.67,EG
Q47096,40.0,7.0,Bagasse,1.0,118.4652,27.67,EG
Q47096,40.0,8.0,Bagasse,1.0,118.4652,27.67,EG
Q47096,50.0,4.0,Bagasse,0.9853,118.4652,27.67,EG
Q47096,50.0,5.0,Bagasse,1.0,118.4652,27.67,EG
Q47096,50.0,6.0,Bagasse,1.0,118.4652,27.67,EG
Q47096,50.0,7.0,Bagasse,1.0,118.4652,27.67,EG
Q47096,50.0,8.0,Bagasse,1.0,118.4652,27.67,EG
Q47096,60.0,4.0,Bagasse,0.9795,118.4652,27.67,EG
Q47096,60.0,5.0,Bagasse,1.0,118.4652,27.67,EG
Q47096,60.0,6.0,Bagasse,1.0,118.4652,27.67,EG
Q47096,60.0,7.0,Bagasse,1.0,118.4652,27.67,EG
Q47096,60.0,8.0,Bagasse,1.0,118.4652,27.67,EG
Q47096,70.0,4.0,Bagasse,0.8844,118.4652,27.67,EG
Q47096,70.0,5.0,Bagasse,0.9961,118.4652,27.67,EG
Q47096,70.0,6.0,Bagasse,1.0,118.4652,27.67,EG
Q47096,70.0,7.0,Bagasse,1.0,118.4652,27.67,EG
Q47096,70.0,8.0,Bagasse,1.0,118.4652,27.67,EG
Q5B6H0,30.0,4.0,Cellulose,0.2196,0.4579,26.66,EG
Q5B6H0,30.0,5.0,Cellulose,0.2055,0.4579,26.66,EG
Q5B6H0,30.0,6.0,Cellulose,0.1505,0.4579,26.66,EG
Q5B6H0,30.0,7.0,Cellulose,0.0781,0.4579,26.66,EG
Q5B6H0,30.0,8.0,Cellulose,0.0241,0.4579,26.66,EG
Q5B6H0,40.0,4.0,Cellulose,0.3885,0.4579,26.66,EG
Q5B6H0,40.0,5.0,Cellulose,0.3697,0.4579,26.66,EG
Q5B6H0,40.0,6.0,Cellulose,0.2931,0.4579,26.66,EG
Q5B6H0,40.0,7.0,Cellulose,0.1795,0.4579,26.66,EG
Q5B6H0,40.0,8.0,Cellulose,0.0713,0.4579,26.66,EG
Q5B6H0,50.0,4.0,Cellulose,0.4849,0.4579,26.66,EG
Q5B6H0,50.0,5.0,Cellulose,0.4643,0.4579,26.66,EG
Q5B6H0,50.0,6.0,Cellulose,0.3792,0.4579,26.66,EG
Q5B6H0,50.0,7.0,Cellulose,0.2478,0.4579,26.66,EG
Q5B6H0,50.0,8.0,Cellulose,0.1109,0.4579,26.66,EG
Q5B6H0,60.0,4.0,Cellulose,0.4774,0.4579,26.66,EG
Q5B6H0,60.0,5.0,Cellulose,0.4569,0.4579,26.66,EG
Q5B6H0,60.0,6.0,Cellulose,0.3724,0.4579,26.66,EG
Q5B6H0,60.0,7.0,Cellulose,0.2422,0.4579,26.66,EG
Q5B6H0,60.0,8.0,Cellulose,0.1075,0.4579,26.66,EG
Q5B6H0,70.0,4.0,Cellulose,0.3679,0.4579,26.66,EG
Q5B6H0,70.0,5.0,Cellulose,0.3496,0.4579,26.66,EG
Q5B6H0,70.0,6.0,Cellulose,0.2751,0.4579,26.66,EG
Q5B6H0,70.0,7.0,Cellulose,0.1658,0.4579,26.66,EG
Q5B6H0,70.0,8.0,Cellulose,0.0641,0.4579,26.66,EG
Q5B6H0,30.0,4.0,Xylan,0.051,0.4579,26.66,EG
Q5B6H0,30.0,5.0,Xylan,0.0459,0.4579,26.66,EG
Q5B6H0,30.0,6.0,Xylan,0.0284,0.4579,26.66,EG
Q5B6H0,30.0,7.0,Xylan,0.0112,0.4579,26.66,EG
Q5B6H0,30.0,8.0,Xylan,0.0027,0.4579,26.66,EG
Q5B6H0,40.0,4.0,Xylan,0.1297,0.4579,26.66,EG
Q5B6H0,40.0,5.0,Xylan,0.1195,0.4579,26.66,EG
Q5B6H0,40.0,6.0,Xylan,0.0815,0.4579,26.66,EG
Q5B6H0,40.0,7.0,Xylan,0.0372,0.4579,26.66,EG
Q5B6H0,40.0,8.0,Xylan,0.01,0.4579,26.66,EG
Q5B6H0,50.0,4.0,Xylan,0.187,0.4579,26.66,EG
Q5B6H0,50.0,5.0,Xylan,0.1741,0.4579,26.66,EG
Q5B6H0,50.0,6.0,Xylan,0.1247,0.4579,26.66,EG
Q5B6H0,50.0,7.0,Xylan,0.062,0.4579,26.66,EG
Q5B6H0,50.0,8.0,Xylan,0.0182,0.4579,26.66,EG
Q5B6H0,60.0,4.0,Xylan,0.1822,0.4579,26.66,EG
Q5B6H0,60.0,5.0,Xylan,0.1696,0.4579,26.66,EG
Q5B6H0,60.0,6.0,Xylan,0.121,0.4579,26.66,EG
Q5B6H0,60.0,7.0,Xylan,0.0598,0.4579,26.66,EG
Q5B6H0,60.0,8.0,Xylan,0.0174,0.4579,26.66,EG
Q5B6H0,70.0,4.0,Xylan,0.1186,0.4579,26.66,EG
Q5B6H0,70.0,5.0,Xylan,0.109,0.4579,26.66,EG
Q5B6H0,70.0,6.0,Xylan,0.0735,0.4579,26.66,EG
Q5B6H0,70.0,7.0,Xylan,0.0329,0.4579,26.66,EG
Q5B6H0,70.0,8.0,Xylan,0.0087,0.4579,26.66,EG
Q5B6H0,30.0,4.0,Bagasse,0.183,0.4579,26.66,EG
Q5B6H0,30.0,5.0,Bagasse,0.1703,0.4579,26.66,EG
Q5B6H0,30.0,6.0,Bagasse,0.1216,0.4579,26.66,EG
Q5B6H0,30.0,7.0,Bagasse,0.0601,0.4579,26.66,EG
Q5B6H0,30.0,8.0,Bagasse,0.0175,0.4579,26.66,EG
Q5B6H0,40.0,4.0,Bagasse,0.3391,0.4579,26.66,EG
Q5B6H0,40.0,5.0,Bagasse,0.3214,0.4579,26.66,EG
Q5B6H0,40.0,6.0,Bagasse,0.2501,0.4579,26.66,EG
Q5B6H0,40.0,7.0,Bagasse,0.1472,0.4579,26.66,EG
Q5B6H0,40.0,8.0,Bagasse,0.0546,0.4579,26.66,EG
Q5B6H0,50.0,4.0,Bagasse,0.4306,0.4579,26.66,EG
Q5B6H0,50.0,5.0,Bagasse,0.411,0.4579,26.66,EG
Q5B6H0,50.0,6.0,Bagasse,0.3304,0.4579,26.66,EG
Q5B6H0,50.0,7.0,Bagasse,0.2086,0.4579,26.66,EG
Q5B6H0,50.0,8.0,Bagasse,0.0875,0.4579,26.66,EG
Q5B6H0,60.0,4.0,Bagasse,0.4234,0.4579,26.66,EG
Q5B6H0,60.0,5.0,Bagasse,0.4039,0.4579,26.66,EG
Q5B6H0,60.0,6.0,Bagasse,0.3239,0.4579,26.66,EG
Q5B6H0,60.0,7.0,Bagasse,0.2035,0.4579,26.66,EG
Q5B6H0,60.0,8.0,Bagasse,0.0847,0.4579,26.66,EG
Q5B6H0,70.0,4.0,Bagasse,0.3198,0.4579,26.66,EG
Q5B6H0,70.0,5.0,Bagasse,0.3026,0.4579,26.66,EG
Q5B6H0,70.0,6.0,Bagasse,0.2335,0.4579,26.66,EG
Q5B6H0,70.0,7.0,Bagasse,0.1351,0.4579,26.66,EG
Q5B6H0,70.0,8.0,Bagasse,0.0487,0.4579,26.66,EG
Q5B7R2,30.0,4.0,Cellulose,0.8621,72.403,27.06,EG
Q5B7R2,30.0,5.0,Cellulose,0.9606,72.403,27.06,EG
Q5B7R2,30.0,6.0,Cellulose,0.9831,72.403,27.06,EG
Q5B7R2,30.0,7.0,Cellulose,0.9693,72.403,27.06,EG
Q5B7R2,30.0,8.0,Cellulose,0.89,72.403,27.06,EG
Q5B7R2,40.0,4.0,Cellulose,0.9968,72.403,27.06,EG
Q5B7R2,40.0,5.0,Cellulose,1.0,72.403,27.06,EG
Q5B7R2,40.0,6.0,Cellulose,1.0,72.403,27.06,EG
Q5B7R2,40.0,7.0,Cellulose,1.0,72.403,27.06,EG
Q5B7R2,40.0,8.0,Cellulose,0.999,72.403,27.06,EG
Q5B7R2,50.0,4.0,Cellulose,1.0,72.403,27.06,EG
Q5B7R2,50.0,5.0,Cellulose,1.0,72.403,27.06,EG
Q5B7R2,50.0,6.0,Cellulose,1.0,72.403,27.06,EG
Q5B7R2,50.0,7.0,Cellulose,1.0,72.403,27.06,EG
Q5B7R2,50.0,8.0,Cellulose,1.0,72.403,27.06,EG
Q5B7R2,60.0,4.0,Cellulose,1.0,72.403,27.06,EG
Q5B7R2,60.0,5.0,Cellulose,1.0,72.403,27.06,EG
Q5B7R2,60.0,6.0,Cellulose,1.0,72.403,27.06,EG
Q5B7R2,60.0,7.0,Cellulose,1.0,72.403,27.06,EG
Q5B7R2,60.0,8.0,Cellulose,1.0,72.403,27.06,EG
Q5B7R2,70.0,4.0,Cellulose,0.9914,72.403,27.06,EG
Q5B7R2,70.0,5.0,Cellulose,0.9999,72.403,27.06,EG
Q5B7R2,70.0,6.0,Cellulose,1.0,72.403,27.06,EG
Q5B7R2,70.0,7.0,Cellulose,1.0,72.403,27.06,EG
Q5B7R2,70.0,8.0,Cellulose,0.9966,72.403,27.06,EG
Q5B7R2,30.0,4.0,Xylan,0.4767,72.403,27.06,EG
Q5B7R2,30.0,5.0,Xylan,0.5921,72.403,27.06,EG
Q5B7R2,30.0,6.0,Xylan,0.6371,72.403,27.06,EG
Q5B7R2,30.0,7.0,Xylan,0.607,72.403,27.06,EG
Q5B7R2,30.0,8.0,Xylan,0.5048,72.403,27.06,EG
Q5B7R2,40.0,4.0,Xylan,0.6967,72.403,27.06,EG
Q5B7R2,40.0,5.0,Xylan,0.8184,72.403,27.06,EG
Q5B7R2,40.0,6.0,Xylan,0.8623,72.403,27.06,EG
Q5B7R2,40.0,7.0,Xylan,0.8333,72.403,27.06,EG
Q5B7R2,40.0,8.0,Xylan,0.7273,72.403,27.06,EG
Q5B7R2,50.0,4.0,Xylan,0.8051,72.403,27.06,EG
Q5B7R2,50.0,5.0,Xylan,0.9179,72.403,27.06,EG
Q5B7R2,50.0,6.0,Xylan,0.9521,72.403,27.06,EG
Q5B7R2,50.0,7.0,Xylan,0.9301,72.403,27.06,EG
Q5B7R2,50.0,8.0,Xylan,0.8349,72.403,27.06,EG
Q5B7R2,60.0,4.0,Xylan,0.7945,72.403,27.06,EG
Q5B7R2,60.0,5.0,Xylan,0.9089,72.403,27.06,EG
Q5B7R2,60.0,6.0,Xylan,0.9448,72.403,27.06,EG
Q5B7R2,60.0,7.0,Xylan,0.9216,72.403,27.06,EG
Q5B7R2,60.0,8.0,Xylan,0.8245,72.403,27.06,EG
Q5B7R2,70.0,4.0,Xylan,0.6646,72.403,27.06,EG
Q5B7R2,70.0,5.0,Xylan,0.7867,72.403,27.06,EG
Q5B7R2,70.0,6.0,Xylan,0.8316,72.403,27.06,EG
Q5B7R2,70.0,7.0,Xylan,0.8018,72.403,27.06,EG
Q5B7R2,70.0,8.0,Xylan,0.6951,72.403,27.06,EG
Q5B7R2,30.0,4.0,Bagasse,0.803,72.403,27.06,EG
Q5B7R2,30.0,5.0,Bagasse,0.9161,72.403,27.06,EG
Q5B7R2,30.0,6.0,Bagasse,0.9507,72.403,27.06,EG
Q5B7R2,30.0,7.0,Bagasse,0.9284,72.403,27.06,EG
Q5B7R2,30.0,8.0,Bagasse,0.8328,72.403,27.06,EG
Q5B7R2,40.0,4.0,Bagasse,0.9826,72.403,27.06,EG
Q5B7R2,40.0,5.0,Bagasse,0.9997,72.403,27.06,EG
Q5B7R2,40.0,6.0,Bagasse,1.0,72.403,27.06,EG
Q5B7R2,40.0,7.0,Bagasse,0.9999,72.403,27.06,EG
Q5B7R2,40.0,8.0,Bagasse,0.9917,72.403,27.06,EG
Q5B7R2,50.0,4.0,Bagasse,0.9995,72.403,27.06,EG
Q5B7R2,50.0,5.0,Bagasse,1.0,72.403,27.06,EG
Q5B7R2,50.0,6.0,Bagasse,1.0,72.403,27.06,EG
Q5B7R2,50.0,7.0,Bagasse,1.0,72.403,27.06,EG
Q5B7R2,50.0,8.0,Bagasse,0.9999,72.403,27.06,EG
Q5B7R2,60.0,4.0,Bagasse,0.9992,72.403,27.06,EG
Q5B7R2,60.0,5.0,Bagasse,1.0,72.403,27.06,EG
Q5B7R2,60.0,6.0,Bagasse,1.0,72.403,27.06,EG
Q5B7R2,60.0,7.0,Bagasse,1.0,72.403,27.06,EG
Q5B7R2,60.0,8.0,Bagasse,0.9998,72.403,27.06,EG
Q5B7R2,70.0,4.0,Bagasse,0.9677,72.403,27.06,EG
Q5B7R2,70.0,5.0,Bagasse,0.9989,72.403,27.06,EG
Q5B7R2,70.0,6.0,Bagasse,0.9999,72.403,27.06,EG
Q5B7R2,70.0,7.0,Bagasse,0.9994,72.403,27.06,EG
Q5B7R2,70.0,8.0,Bagasse,0.982,72.403,27.06,EG
Q5BDU5,30.0,4.0,Cellulose,0.7112,16.2232,26.02,EG
Q5BDU5,30.0,5.0,Cellulose,0.7416,16.2232,26.02,EG
Q5BDU5,30.0,6.0,Cellulose,0.6959,16.2232,26.02,EG
Q5BDU5,30.0,7.0,Cellulose,0.5761,16.2232,26.02,EG
Q5BDU5,30.0,8.0,Cellulose,0.3965,16.2232,26.02,EG
Q5BDU5,40.0,4.0,Cellulose,0.9326,16.2232,26.02,EG
Q5BDU5,40.0,5.0,Cellulose,0.9544,16.2232,26.02,EG
Q5BDU5,40.0,6.0,Cellulose,0.9205,16.2232,26.02,EG
Q5BDU5,40.0,7.0,Cellulose,0.8081,16.2232,26.02,EG
Q5BDU5,40.0,8.0,Cellulose,0.6114,16.2232,26.02,EG
Q5BDU5,50.0,4.0,Cellulose,0.992,16.2232,26.02,EG
Q5BDU5,50.0,5.0,Cellulose,0.9969,16.2232,26.02,EG
Q5BDU5,50.0,6.0,Cellulose,0.9881,16.2232,26.02,EG
Q5BDU5,50.0,7.0,Cellulose,0.9152,16.2232,26.02,EG
Q5BDU5,50.0,8.0,Cellulose,0.7259,16.2232,26.02,EG
Q5BDU5,60.0,4.0,Cellulose,0.9912,16.2232,26.02,EG
Q5BDU5,60.0,5.0,Cellulose,0.9965,16.2232,26.02,EG
Q5BDU5,60.0,6.0,Cellulose,0.987,16.2232,26.02,EG
Q5BDU5,60.0,7.0,Cellulose,0.9122,16.2232,26.02,EG
Q5BDU5,60.0,8.0,Cellulose,0.7223,16.2232,26.02,EG
Q5BDU5,70.0,4.0,Cellulose,0.9241,16.2232,26.02,EG
Q5BDU5,70.0,5.0,Cellulose,0.9471,16.2232,26.02,EG
Q5BDU5,70.0,6.0,Cellulose,0.9116,16.2232,26.02,EG
Q5BDU5,70.0,7.0,Cellulose,0.7976,16.2232,26.02,EG
Q5BDU5,70.0,8.0,Cellulose,0.601,16.2232,26.02,EG
Q5BDU5,30.0,4.0,Xylan,0.3478,16.2232,26.02,EG
Q5BDU5,30.0,5.0,Xylan,0.3724,16.2232,26.02,EG
Q5BDU5,30.0,6.0,Xylan,0.3358,16.2232,26.02,EG
Q5BDU5,30.0,7.0,Xylan,0.2469,16.2232,26.02,EG
Q5BDU5,30.0,8.0,Xylan,0.1334,16.2232,26.02,EG
Q5BDU5,40.0,4.0,Xylan,0.5541,16.2232,26.02,EG
Q5BDU5,40.0,5.0,Xylan,0.5833,16.2232,26.02,EG
Q5BDU5,40.0,6.0,Xylan,0.5397,16.2232,26.02,EG
Q5BDU5,40.0,7.0,Xylan,0.429,16.2232,26.02,EG
Q5BDU5,40.0,8.0,Xylan,0.272,16.2232,26.02,EG
Q5BDU5,50.0,4.0,Xylan,0.6666,16.2232,26.02,EG
Q5BDU5,50.0,5.0,Xylan,0.6969,16.2232,26.02,EG
Q5BDU5,50.0,6.0,Xylan,0.6515,16.2232,26.02,EG
Q5BDU5,50.0,7.0,Xylan,0.5336,16.2232,26.02,EG
Q5BDU5,50.0,8.0,Xylan,0.3596,16.2232,26.02,EG
Q5BDU5,60.0,4.0,Xylan,0.663,16.2232,26.02,EG
Q5BDU5,60.0,5.0,Xylan,0.6934,16.2232,26.02,EG
Q5BDU5,60.0,6.0,Xylan,0.6479,16.2232,26.02,EG
Q5BDU5,60.0,7.0,Xylan,0.5302,16.2232,26.02,EG
Q5BDU5,60.0,8.0,Xylan,0.3567,16.2232,26.02,EG
Q5BDU5,70.0,4.0,Xylan,0.5439,16.2232,26.02,EG
Q5BDU5,70.0,5.0,Xylan,0.573,16.2232,26.02,EG
Q5BDU5,70.0,6.0,Xylan,0.5296,16.2232,26.02,EG
Q5BDU5,70.0,7.0,Xylan,0.4197,16.2232,26.02,EG
Q5BDU5,70.0,8.0,Xylan,0.2645,16.2232,26.02,EG
Q5BDU5,30.0,4.0,Bagasse,0.6503,16.2232,26.02,EG
Q5BDU5,30.0,5.0,Bagasse,0.6806,16.2232,26.02,EG
Q5BDU5,30.0,6.0,Bagasse,0.6353,16.2232,26.02,EG
Q5BDU5,30.0,7.0,Bagasse,0.5182,16.2232,26.02,EG
Q5BDU5,30.0,8.0,Bagasse,0.3465,16.2232,26.02,EG
Q5BDU5,40.0,4.0,Bagasse,0.8806,16.2232,26.02,EG
Q5BDU5,40.0,5.0,Bagasse,0.9076,16.2232,26.02,EG
Q5BDU5,40.0,6.0,Bagasse,0.8666,16.2232,26.02,EG
Q5BDU5,40.0,7.0,Bagasse,0.7474,16.2232,26.02,EG
Q5BDU5,40.0,8.0,Bagasse,0.5525,16.2232,26.02,EG
Q5BDU5,50.0,4.0,Bagasse,0.9687,16.2232,26.02,EG
Q5BDU5,50.0,5.0,Bagasse,0.9828,16.2232,26.02,EG
Q5BDU5,50.0,6.0,Bagasse,0.9599,16.2232,26.02,EG
Q5BDU5,50.0,7.0,Bagasse,0.8605,16.2232,26.02,EG
Q5BDU5,50.0,8.0,Bagasse,0.6649,16.2232,26.02,EG
Q5BDU5,60.0,4.0,Bagasse,0.9668,16.2232,26.02,EG
Q5BDU5,60.0,5.0,Bagasse,0.9814,16.2232,26.02,EG
Q5BDU5,60.0,6.0,Bagasse,0.9577,16.2232,26.02,EG
Q5BDU5,60.0,7.0,Bagasse,0.8572,16.2232,26.02,EG
Q5BDU5,60.0,8.0,Bagasse,0.6614,16.2232,26.02,EG
Q5BDU5,70.0,4.0,Bagasse,0.8708,16.2232,26.02,EG
Q5BDU5,70.0,5.0,Bagasse,0.8983,16.2232,26.02,EG
Q5BDU5,70.0,6.0,Bagasse,0.8565,16.2232,26.02,EG
Q5BDU5,70.0,7.0,Bagasse,0.7367,16.2232,26.02,EG
Q5BDU5,70.0,8.0,Bagasse,0.5424,16.2232,26.02,EG
Q5NAT0,30.0,4.0,Cellulose,0.6785,13.3371,26.95,EG
Q5NAT0,30.0,5.0,Cellulose,0.7319,13.3371,26.95,EG
Q5NAT0,30.0,6.0,Cellulose,0.709,13.3371,26.95,EG
Q5NAT0,30.0,7.0,Cellulose,0.6108,13.3371,26.95,EG
Q5NAT0,30.0,8.0,Cellulose,0.4465,13.3371,26.95,EG
Q5NAT0,40.0,4.0,Cellulose,0.8996,13.3371,26.95,EG
Q5NAT0,40.0,5.0,Cellulose,0.9424,13.3371,26.95,EG
Q5NAT0,40.0,6.0,Cellulose,0.925,13.3371,26.95,EG
Q5NAT0,40.0,7.0,Cellulose,0.8362,13.3371,26.95,EG
Q5NAT0,40.0,8.0,Cellulose,0.6622,13.3371,26.95,EG
Q5NAT0,50.0,4.0,Cellulose,0.9755,13.3371,26.95,EG
Q5NAT0,50.0,5.0,Cellulose,0.993,13.3371,26.95,EG
Q5NAT0,50.0,6.0,Cellulose,0.9873,13.3371,26.95,EG
Q5NAT0,50.0,7.0,Cellulose,0.9323,13.3371,26.95,EG
Q5NAT0,50.0,8.0,Cellulose,0.7704,13.3371,26.95,EG
Q5NAT0,60.0,4.0,Cellulose,0.9702,13.3371,26.95,EG
Q5NAT0,60.0,5.0,Cellulose,0.9907,13.3371,26.95,EG
Q5NAT0,60.0,6.0,Cellulose,0.9837,13.3371,26.95,EG
Q5NAT0,60.0,7.0,Cellulose,0.9239,13.3371,26.95,EG
Q5NAT0,60.0,8.0,Cellulose,0.7597,13.3371,26.95,EG
Q5NAT0,70.0,4.0,Cellulose,0.8707,13.3371,26.95,EG
Q5NAT0,70.0,5.0,Cellulose,0.9175,13.3371,26.95,EG
Q5NAT0,70.0,6.0,Cellulose,0.8981,13.3371,26.95,EG
Q5NAT0,70.0,7.0,Cellulose,0.8049,13.3371,26.95,EG
Q5NAT0,70.0,8.0,Cellulose,0.6304,13.3371,26.95,EG
Q5NAT0,30.0,4.0,Xylan,0.3209,13.3371,26.95,EG
Q5NAT0,30.0,5.0,Xylan,0.3633,13.3371,26.95,EG
Q5NAT0,30.0,6.0,Xylan,0.3448,13.3371,26.95,EG
Q5NAT0,30.0,7.0,Xylan,0.27,13.3371,26.95,EG
Q5NAT0,30.0,8.0,Xylan,0.1608,13.3371,26.95,EG
Q5NAT0,40.0,4.0,Xylan,0.5162,13.3371,26.95,EG
Q5NAT0,40.0,5.0,Xylan,0.5667,13.3371,26.95,EG
Q5NAT0,40.0,6.0,Xylan,0.5449,13.3371,26.95,EG
Q5NAT0,40.0,7.0,Xylan,0.4535,13.3371,26.95,EG
Q5NAT0,40.0,8.0,Xylan,0.3083,13.3371,26.95,EG
Q5NAT0,50.0,4.0,Xylan,0.6201,13.3371,26.95,EG
Q5NAT0,50.0,5.0,Xylan,0.6729,13.3371,26.95,EG
Q5NAT0,50.0,6.0,Xylan,0.6502,13.3371,26.95,EG
Q5NAT0,50.0,7.0,Xylan,0.5537,13.3371,26.95,EG
Q5NAT0,50.0,8.0,Xylan,0.3953,13.3371,26.95,EG
Q5NAT0,60.0,4.0,Xylan,0.6096,13.3371,26.95,EG
Q5NAT0,60.0,5.0,Xylan,0.6622,13.3371,26.95,EG
Q5NAT0,60.0,6.0,Xylan,0.6396,13.3371,26.95,EG
Q5NAT0,60.0,7.0,Xylan,0.5435,13.3371,26.95,EG
Q5NAT0,60.0,8.0,Xylan,0.3863,13.3371,26.95,EG
Q5NAT0,70.0,4.0,Xylan,0.4864,13.3371,26.95,EG
Q5NAT0,70.0,5.0,Xylan,0.5361,13.3371,26.95,EG
Q5NAT0,70.0,6.0,Xylan,0.5146,13.3371,26.95,EG
Q5NAT0,70.0,7.0,Xylan,0.4252,13.3371,26.95,EG
Q5NAT0,70.0,8.0,Xylan,0.2844,13.3371,26.95,EG
Q5NAT0,30.0,4.0,Bagasse,0.618,13.3371,26.95,EG
Q5NAT0,30.0,5.0,Bagasse,0.6708,13.3371,26.95,EG
Q5NAT0,30.0,6.0,Bagasse,0.6481,13.3371,26.95,EG
Q5NAT0,30.0,7.0,Bagasse,0.5517,13.3371,26.95,EG
Q5NAT0,30.0,8.0,Bagasse,0.3935,13.3371,26.95,EG
Q5NAT0,40.0,4.0,Bagasse,0.8433,13.3371,26.95,EG
Q5NAT0,40.0,5.0,Bagasse,0.8927,13.3371,26.95,EG
Q5NAT0,40.0,6.0,Bagasse,0.872,13.3371,26.95,EG
Q5NAT0,40.0,7.0,Bagasse,0.7762,13.3371,26.95,EG
Q5NAT0,40.0,8.0,Bagasse,0.602,13.3371,26.95,EG
Q5NAT0,50.0,4.0,Bagasse,0.9379,13.3371,26.95,EG
Q5NAT0,50.0,5.0,Bagasse,0.9717,13.3371,26.95,EG
Q5NAT0,50.0,6.0,Bagasse,0.9587,13.3371,26.95,EG
Q5NAT0,50.0,7.0,Bagasse,0.8805,13.3371,26.95,EG
Q5NAT0,50.0,8.0,Bagasse,0.7093,13.3371,26.95,EG
Q5NAT0,60.0,4.0,Bagasse,0.9297,13.3371,26.95,EG
Q5NAT0,60.0,5.0,Bagasse,0.9659,13.3371,26.95,EG
Q5NAT0,60.0,6.0,Bagasse,0.9518,13.3371,26.95,EG
Q5NAT0,60.0,7.0,Bagasse,0.8707,13.3371,26.95,EG
Q5NAT0,60.0,8.0,Bagasse,0.6986,13.3371,26.95,EG
Q5NAT0,70.0,4.0,Bagasse,0.8122,13.3371,26.95,EG
Q5NAT0,70.0,5.0,Bagasse,0.8634,13.3371,26.95,EG
Q5NAT0,70.0,6.0,Bagasse,0.8417,13.3371,26.95,EG
Q5NAT0,70.0,7.0,Bagasse,0.7441,13.3371,26.95,EG
Q5NAT0,70.0,8.0,Bagasse,0.5708,13.3371,26.95,EG
Q5YLG1,30.0,4.0,Cellulose,0.4925,27.83,28.22,EG
Q5YLG1,30.0,5.0,Cellulose,0.7016,27.83,28.22,EG
Q5YLG1,30.0,6.0,Cellulose,0.8383,27.83,28.22,EG
Q5YLG1,30.0,7.0,Cellulose,0.8949,27.83,28.22,EG
Q5YLG1,30.0,8.0,Cellulose,0.8812,27.83,28.22,EG
Q5YLG1,40.0,4.0,Cellulose,0.7073,27.83,28.22,EG
Q5YLG1,40.0,5.0,Cellulose,0.9128,27.83,28.22,EG
Q5YLG1,40.0,6.0,Cellulose,0.9908,27.83,28.22,EG
Q5YLG1,40.0,7.0,Cellulose,0.9987,27.83,28.22,EG
Q5YLG1,40.0,8.0,Cellulose,0.9978,27.83,28.22,EG
Q5YLG1,50.0,4.0,Cellulose,0.8076,27.83,28.22,EG
Q5YLG1,50.0,5.0,Cellulose,0.9785,27.83,28.22,EG
Q5YLG1,50.0,6.0,Cellulose,0.9998,27.83,28.22,EG
Q5YLG1,50.0,7.0,Cellulose,1.0,27.83,28.22,EG
Q5YLG1,50.0,8.0,Cellulose,1.0,27.83,28.22,EG
Q5YLG1,60.0,4.0,Cellulose,0.7887,27.83,28.22,EG
Q5YLG1,60.0,5.0,Cellulose,0.9694,27.83,28.22,EG
Q5YLG1,60.0,6.0,Cellulose,0.9994,27.83,28.22,EG
Q5YLG1,60.0,7.0,Cellulose,1.0,27.83,28.22,EG
Q5YLG1,60.0,8.0,Cellulose,0.9999,27.83,28.22,EG
Q5YLG1,70.0,4.0,Cellulose,0.6499,27.83,28.22,EG
Q5YLG1,70.0,5.0,Cellulose,0.8619,27.83,28.22,EG
Q5YLG1,70.0,6.0,Cellulose,0.9689,27.83,28.22,EG
Q5YLG1,70.0,7.0,Cellulose,0.9917,27.83,28.22,EG
Q5YLG1,70.0,8.0,Cellulose,0.9878,27.83,28.22,EG
Q5YLG1,30.0,4.0,Xylan,0.1841,27.83,28.22,EG
Q5YLG1,30.0,5.0,Xylan,0.3342,27.83,28.22,EG
Q5YLG1,30.0,6.0,Xylan,0.4518,27.83,28.22,EG
Q5YLG1,30.0,7.0,Xylan,0.5082,27.83,28.22,EG
Q5YLG1,30.0,8.0,Xylan,0.4939,27.83,28.22,EG
Q5YLG1,40.0,4.0,Xylan,0.3388,27.83,28.22,EG
Q5YLG1,40.0,5.0,Xylan,0.5281,27.83,28.22,EG
Q5YLG1,40.0,6.0,Xylan,0.6628,27.83,28.22,EG
Q5YLG1,40.0,7.0,Xylan,0.7242,27.83,28.22,EG
Q5YLG1,40.0,8.0,Xylan,0.7088,27.83,28.22,EG
Q5YLG1,50.0,4.0,Xylan,0.4236,27.83,28.22,EG
Q5YLG1,50.0,5.0,Xylan,0.6257,27.83,28.22,EG
Q5YLG1,50.0,6.0,Xylan,0.7635,27.83,28.22,EG
Q5YLG1,50.0,7.0,Xylan,0.824,27.83,28.22,EG
Q5YLG1,50.0,8.0,Xylan,0.8091,27.83,28.22,EG
Q5YLG1,60.0,4.0,Xylan,0.4069,27.83,28.22,EG
Q5YLG1,60.0,5.0,Xylan,0.6068,27.83,28.22,EG
Q5YLG1,60.0,6.0,Xylan,0.7444,27.83,28.22,EG
Q5YLG1,60.0,7.0,Xylan,0.8053,27.83,28.22,EG
Q5YLG1,60.0,8.0,Xylan,0.7902,27.83,28.22,EG
Q5YLG1,70.0,4.0,Xylan,0.294,27.83,28.22,EG
Q5YLG1,70.0,5.0,Xylan,0.4744,27.83,28.22,EG
Q5YLG1,70.0,6.0,Xylan,0.6058,27.83,28.22,EG
Q5YLG1,70.0,7.0,Xylan,0.6666,27.83,28.22,EG
Q5YLG1,70.0,8.0,Xylan,0.6513,27.83,28.22,EG
Q5YLG1,30.0,4.0,Bagasse,0.4366,27.83,28.22,EG
Q5YLG1,30.0,5.0,Bagasse,0.6402,27.83,28.22,EG
Q5YLG1,30.0,6.0,Bagasse,0.7781,27.83,28.22,EG
Q5YLG1,30.0,7.0,Bagasse,0.8381,27.83,28.22,EG
Q5YLG1,30.0,8.0,Bagasse,0.8233,27.83,28.22,EG
Q5YLG1,40.0,4.0,Bagasse,0.6459,27.83,28.22,EG
Q5YLG1,40.0,5.0,Bagasse,0.8581,27.83,28.22,EG
Q5YLG1,40.0,6.0,Bagasse,0.9667,27.83,28.22,EG
Q5YLG1,40.0,7.0,Bagasse,0.9908,27.83,28.22,EG
Q5YLG1,40.0,8.0,Bagasse,0.9866,27.83,28.22,EG
Q5YLG1,50.0,4.0,Bagasse,0.7465,27.83,28.22,EG
Q5YLG1,50.0,5.0,Bagasse,0.9431,27.83,28.22,EG
Q5YLG1,50.0,6.0,Bagasse,0.9971,27.83,28.22,EG
Q5YLG1,50.0,7.0,Bagasse,0.9998,27.83,28.22,EG
Q5YLG1,50.0,8.0,Bagasse,0.9995,27.83,28.22,EG
Q5YLG1,60.0,4.0,Bagasse,0.7273,27.83,28.22,EG
Q5YLG1,60.0,5.0,Bagasse,0.9288,27.83,28.22,EG
Q5YLG1,60.0,6.0,Bagasse,0.9947,27.83,28.22,EG
Q5YLG1,60.0,7.0,Bagasse,0.9994,27.83,28.22,EG
Q5YLG1,60.0,8.0,Bagasse,0.9989,27.83,28.22,EG
Q5YLG1,70.0,4.0,Bagasse,0.5892,27.83,28.22,EG
Q5YLG1,70.0,5.0,Bagasse,0.8027,27.83,28.22,EG
Q5YLG1,70.0,6.0,Bagasse,0.9281,27.83,28.22,EG
Q5YLG1,70.0,7.0,Bagasse,0.9688,27.83,28.22,EG
Q5YLG1,70.0,8.0,Bagasse,0.9601,27.83,28.22,EG
Q66NB7,30.0,4.0,Cellulose,0.6343,12.1,25.37,EG
Q66NB7,30.0,5.0,Cellulose,0.6796,12.1,25.37,EG
Q66NB7,30.0,6.0,Cellulose,0.6494,12.1,25.37,EG
Q66NB7,30.0,7.0,Cellulose,0.5459,12.1,25.37,EG
Q66NB7,30.0,8.0,Cellulose,0.3828,12.1,25.37,EG
Q66NB7,40.0,4.0,Cellulose,0.8705,12.1,25.37,EG
Q66NB7,40.0,5.0,Cellulose,0.9113,12.1,25.37,EG
Q66NB7,40.0,6.0,Cellulose,0.8845,12.1,25.37,EG
Q66NB7,40.0,7.0,Cellulose,0.7818,12.1,25.37,EG
Q66NB7,40.0,8.0,Cellulose,0.6001,12.1,25.37,EG
Q66NB7,50.0,4.0,Cellulose,0.9656,12.1,25.37,EG
Q66NB7,50.0,5.0,Cellulose,0.9864,12.1,25.37,EG
Q66NB7,50.0,6.0,Cellulose,0.9738,12.1,25.37,EG
Q66NB7,50.0,7.0,Cellulose,0.8967,12.1,25.37,EG
Q66NB7,50.0,8.0,Cellulose,0.7191,12.1,25.37,EG
Q66NB7,60.0,4.0,Cellulose,0.9663,12.1,25.37,EG
Q66NB7,60.0,5.0,Cellulose,0.9868,12.1,25.37,EG
Q66NB7,60.0,6.0,Cellulose,0.9744,12.1,25.37,EG
Q66NB7,60.0,7.0,Cellulose,0.8977,12.1,25.37,EG
Q66NB7,60.0,8.0,Cellulose,0.7203,12.1,25.37,EG
Q66NB7,70.0,4.0,Cellulose,0.8738,12.1,25.37,EG
Q66NB7,70.0,5.0,Cellulose,0.9143,12.1,25.37,EG
Q66NB7,70.0,6.0,Cellulose,0.8877,12.1,25.37,EG
Q66NB7,70.0,7.0,Cellulose,0.7853,12.1,25.37,EG
Q66NB7,70.0,8.0,Cellulose,0.6036,12.1,25.37,EG
Q66NB7,30.0,4.0,Xylan,0.2888,12.1,25.37,EG
Q66NB7,30.0,5.0,Xylan,0.323,12.1,25.37,EG
Q66NB7,30.0,6.0,Xylan,0.3,12.1,25.37,EG
Q66NB7,30.0,7.0,Xylan,0.2261,12.1,25.37,EG
Q66NB7,30.0,8.0,Xylan,0.1259,12.1,25.37,EG
Q66NB7,40.0,4.0,Xylan,0.4864,12.1,25.37,EG
Q66NB7,40.0,5.0,Xylan,0.5287,12.1,25.37,EG
Q66NB7,40.0,6.0,Xylan,0.5004,12.1,25.37,EG
Q66NB7,40.0,7.0,Xylan,0.4058,12.1,25.37,EG
Q66NB7,40.0,8.0,Xylan,0.2638,12.1,25.37,EG
Q66NB7,50.0,4.0,Xylan,0.5999,12.1,25.37,EG
Q66NB7,50.0,5.0,Xylan,0.6447,12.1,25.37,EG
Q66NB7,50.0,6.0,Xylan,0.6147,12.1,25.37,EG
Q66NB7,50.0,7.0,Xylan,0.5129,12.1,25.37,EG
Q66NB7,50.0,8.0,Xylan,0.354,12.1,25.37,EG
Q66NB7,60.0,4.0,Xylan,0.601,12.1,25.37,EG
Q66NB7,60.0,5.0,Xylan,0.6459,12.1,25.37,EG
Q66NB7,60.0,6.0,Xylan,0.6159,12.1,25.37,EG
Q66NB7,60.0,7.0,Xylan,0.514,12.1,25.37,EG
Q66NB7,60.0,8.0,Xylan,0.355,12.1,25.37,EG
Q66NB7,70.0,4.0,Xylan,0.4897,12.1,25.37,EG
Q66NB7,70.0,5.0,Xylan,0.532,12.1,25.37,EG
Q66NB7,70.0,6.0,Xylan,0.5037,12.1,25.37,EG
Q66NB7,70.0,7.0,Xylan,0.4088,12.1,25.37,EG
Q66NB7,70.0,8.0,Xylan,0.2663,12.1,25.37,EG
Q66NB7,30.0,4.0,Bagasse,0.5748,12.1,25.37,EG
Q66NB7,30.0,5.0,Bagasse,0.6192,12.1,25.37,EG
Q66NB7,30.0,6.0,Bagasse,0.5895,12.1,25.37,EG
Q66NB7,30.0,7.0,Bagasse,0.489,12.1,25.37,EG
Q66NB7,30.0,8.0,Bagasse,0.3335,12.1,25.37,EG
Q66NB7,40.0,4.0,Bagasse,0.8117,12.1,25.37,EG
Q66NB7,40.0,5.0,Bagasse,0.856,12.1,25.37,EG
Q66NB7,40.0,6.0,Bagasse,0.8267,12.1,25.37,EG
Q66NB7,40.0,7.0,Bagasse,0.7206,12.1,25.37,EG
Q66NB7,40.0,8.0,Bagasse,0.5415,12.1,25.37,EG
Q66NB7,50.0,4.0,Bagasse,0.9224,12.1,25.37,EG
Q66NB7,50.0,5.0,Bagasse,0.9562,12.1,25.37,EG
Q66NB7,50.0,6.0,Bagasse,0.9345,12.1,25.37,EG
Q66NB7,50.0,7.0,Bagasse,0.8398,12.1,25.37,EG
Q66NB7,50.0,8.0,Bagasse,0.6582,12.1,25.37,EG
Q66NB7,60.0,4.0,Bagasse,0.9234,12.1,25.37,EG
Q66NB7,60.0,5.0,Bagasse,0.9569,12.1,25.37,EG
Q66NB7,60.0,6.0,Bagasse,0.9354,12.1,25.37,EG
Q66NB7,60.0,7.0,Bagasse,0.841,12.1,25.37,EG
Q66NB7,60.0,8.0,Bagasse,0.6593,12.1,25.37,EG
Q66NB7,70.0,4.0,Bagasse,0.8153,12.1,25.37,EG
Q66NB7,70.0,5.0,Bagasse,0.8594,12.1,25.37,EG
Q66NB7,70.0,6.0,Bagasse,0.8301,12.1,25.37,EG
Q66NB7,70.0,7.0,Bagasse,0.7242,12.1,25.37,EG
Q66NB7,70.0,8.0,Bagasse,0.5448,12.1,25.37,EG
Q7SIG5,30.0,4.0,Cellulose,0.5766,17.5667,28.0,EG
Q7SIG5,30.0,5.0,Cellulose,0.7282,17.5667,28.0,EG
Q7SIG5,30.0,6.0,Cellulose,0.8043,17.5667,28.0,EG
Q7SIG5,30.0,7.0,Cellulose,0.8043,17.5667,28.0,EG
Q7SIG5,30.0,8.0,Cellulose,0.7282,17.5667,28.0,EG
Q7SIG5,40.0,4.0,Cellulose,0.7961,17.5667,28.0,EG
Q7SIG5,40.0,5.0,Cellulose,0.9345,17.5667,28.0,EG
Q7SIG5,40.0,6.0,Cellulose,0.9799,17.5667,28.0,EG
Q7SIG5,40.0,7.0,Cellulose,0.9799,17.5667,28.0,EG
Q7SIG5,40.0,8.0,Cellulose,0.9345,17.5667,28.0,EG
Q7SIG5,50.0,4.0,Cellulose,0.8922,17.5667,28.0,EG
Q7SIG5,50.0,5.0,Cellulose,0.9886,17.5667,28.0,EG
Q7SIG5,50.0,6.0,Cellulose,0.999,17.5667,28.0,EG
Q7SIG5,50.0,7.0,Cellulose,0.999,17.5667,28.0,EG
Q7SIG5,50.0,8.0,Cellulose,0.9886,17.5667,28.0,EG
Q7SIG5,60.0,4.0,Cellulose,0.8761,17.5667,28.0,EG
Q7SIG5,60.0,5.0,Cellulose,0.9827,17.5667,28.0,EG
Q7SIG5,60.0,6.0,Cellulose,0.9981,17.5667,28.0,EG
Q7SIG5,60.0,7.0,Cellulose,0.9981,17.5667,28.0,EG
Q7SIG5,60.0,8.0,Cellulose,0.9827,17.5667,28.0,EG
Q7SIG5,70.0,4.0,Cellulose,0.7426,17.5667,28.0,EG
Q7SIG5,70.0,5.0,Cellulose,0.8901,17.5667,28.0,EG
Q7SIG5,70.0,6.0,Cellulose,0.9506,17.5667,28.0,EG
Q7SIG5,70.0,7.0,Cellulose,0.9506,17.5667,28.0,EG
Q7SIG5,70.0,8.0,Cellulose,0.8901,17.5667,28.0,EG
Q7SIG5,30.0,4.0,Xylan,0.2422,17.5667,28.0,EG
Q7SIG5,30.0,5.0,Xylan,0.3573,17.5667,28.0,EG
Q7SIG5,30.0,6.0,Xylan,0.4221,17.5667,28.0,EG
Q7SIG5,30.0,7.0,Xylan,0.4221,17.5667,28.0,EG
Q7SIG5,30.0,8.0,Xylan,0.3573,17.5667,28.0,EG
Q7SIG5,40.0,4.0,Xylan,0.4148,17.5667,28.0,EG
Q7SIG5,40.0,5.0,Xylan,0.5552,17.5667,28.0,EG
Q7SIG5,40.0,6.0,Xylan,0.6298,17.5667,28.0,EG
Q7SIG5,40.0,7.0,Xylan,0.6298,17.5667,28.0,EG
Q7SIG5,40.0,8.0,Xylan,0.5552,17.5667,28.0,EG
Q7SIG5,50.0,4.0,Xylan,0.5066,17.5667,28.0,EG
Q7SIG5,50.0,5.0,Xylan,0.6546,17.5667,28.0,EG
Q7SIG5,50.0,6.0,Xylan,0.7311,17.5667,28.0,EG
Q7SIG5,50.0,7.0,Xylan,0.7311,17.5667,28.0,EG
Q7SIG5,50.0,8.0,Xylan,0.6546,17.5667,28.0,EG
Q7SIG5,60.0,4.0,Xylan,0.4899,17.5667,28.0,EG
Q7SIG5,60.0,5.0,Xylan,0.6368,17.5667,28.0,EG
Q7SIG5,60.0,6.0,Xylan,0.7131,17.5667,28.0,EG
Q7SIG5,60.0,7.0,Xylan,0.7131,17.5667,28.0,EG
Q7SIG5,60.0,8.0,Xylan,0.6368,17.5667,28.0,EG
Q7SIG5,70.0,4.0,Xylan,0.3691,17.5667,28.0,EG
Q7SIG5,70.0,5.0,Xylan,0.5043,17.5667,28.0,EG
Q7SIG5,70.0,6.0,Xylan,0.5771,17.5667,28.0,EG
Q7SIG5,70.0,7.0,Xylan,0.5771,17.5667,28.0,EG
Q7SIG5,70.0,8.0,Xylan,0.5043,17.5667,28.0,EG
Q7SIG5,30.0,4.0,Bagasse,0.518,17.5667,28.0,EG
Q7SIG5,30.0,5.0,Bagasse,0.6668,17.5667,28.0,EG
Q7SIG5,30.0,6.0,Bagasse,0.7433,17.5667,28.0,EG
Q7SIG5,30.0,7.0,Bagasse,0.7433,17.5667,28.0,EG
Q7SIG5,30.0,8.0,Bagasse,0.6668,17.5667,28.0,EG
Q7SIG5,40.0,4.0,Bagasse,0.7349,17.5667,28.0,EG
Q7SIG5,40.0,5.0,Bagasse,0.8833,17.5667,28.0,EG
Q7SIG5,40.0,6.0,Bagasse,0.9455,17.5667,28.0,EG
Q7SIG5,40.0,7.0,Bagasse,0.9455,17.5667,28.0,EG
Q7SIG5,40.0,8.0,Bagasse,0.8833,17.5667,28.0,EG
Q7SIG5,50.0,4.0,Bagasse,0.8353,17.5667,28.0,EG
Q7SIG5,50.0,5.0,Bagasse,0.9617,17.5667,28.0,EG
Q7SIG5,50.0,6.0,Bagasse,0.9923,17.5667,28.0,EG
Q7SIG5,50.0,7.0,Bagasse,0.9923,17.5667,28.0,EG
Q7SIG5,50.0,8.0,Bagasse,0.9617,17.5667,28.0,EG
Q7SIG5,60.0,4.0,Bagasse,0.818,17.5667,28.0,EG
Q7SIG5,60.0,5.0,Bagasse,0.9504,17.5667,28.0,EG
Q7SIG5,60.0,6.0,Bagasse,0.9877,17.5667,28.0,EG
Q7SIG5,60.0,7.0,Bagasse,0.9877,17.5667,28.0,EG
Q7SIG5,60.0,8.0,Bagasse,0.9504,17.5667,28.0,EG
Q7SIG5,70.0,4.0,Bagasse,0.6811,17.5667,28.0,EG
Q7SIG5,70.0,5.0,Bagasse,0.833,17.5667,28.0,EG
Q7SIG5,70.0,6.0,Bagasse,0.9033,17.5667,28.0,EG
Q7SIG5,70.0,7.0,Bagasse,0.9033,17.5667,28.0,EG
Q7SIG5,70.0,8.0,Bagasse,0.833,17.5667,28.0,EG
Q7XTH4,30.0,4.0,Cellulose,0.6013,7.1478,26.37,EG
Q7XTH4,30.0,5.0,Cellulose,0.5792,7.1478,26.37,EG
Q7XTH4,30.0,6.0,Cellulose,0.4866,7.1478,26.37,EG
Q7XTH4,30.0,7.0,Cellulose,0.338,7.1478,26.37,EG
Q7XTH4,30.0,8.0,Cellulose,0.1704,7.1478,26.37,EG
Q7XTH4,40.0,4.0,Cellulose,0.8305,7.1478,26.37,EG
Q7XTH4,40.0,5.0,Cellulose,0.8083,7.1478,26.37,EG
Q7XTH4,40.0,6.0,Cellulose,0.7099,7.1478,26.37,EG
Q7XTH4,40.0,7.0,Cellulose,0.5392,7.1478,26.37,EG
Q7XTH4,40.0,8.0,Cellulose,0.3231,7.1478,26.37,EG
Q7XTH4,50.0,4.0,Cellulose,0.9314,7.1478,26.37,EG
Q7XTH4,50.0,5.0,Cellulose,0.913,7.1478,26.37,EG
Q7XTH4,50.0,6.0,Cellulose,0.822,7.1478,26.37,EG
Q7XTH4,50.0,7.0,Cellulose,0.6483,7.1478,26.37,EG
Q7XTH4,50.0,8.0,Cellulose,0.4148,7.1478,26.37,EG
Q7XTH4,60.0,4.0,Cellulose,0.9267,7.1478,26.37,EG
Q7XTH4,60.0,5.0,Cellulose,0.908,7.1478,26.37,EG
Q7XTH4,60.0,6.0,Cellulose,0.8162,7.1478,26.37,EG
Q7XTH4,60.0,7.0,Cellulose,0.6424,7.1478,26.37,EG
Q7XTH4,60.0,8.0,Cellulose,0.4097,7.1478,26.37,EG
Q7XTH4,70.0,4.0,Cellulose,0.8132,7.1478,26.37,EG
Q7XTH4,70.0,5.0,Cellulose,0.7907,7.1478,26.37,EG
Q7XTH4,70.0,6.0,Cellulose,0.6921,7.1478,26.37,EG
Q7XTH4,70.0,7.0,Cellulose,0.5225,7.1478,26.37,EG
Q7XTH4,70.0,8.0,Cellulose,0.3096,7.1478,26.37,EG
Q7XTH4,30.0,4.0,Xylan,0.2659,7.1478,26.37,EG
Q7XTH4,30.0,5.0,Xylan,0.2502,7.1478,26.37,EG
Q7XTH4,30.0,6.0,Xylan,0.1883,7.1478,26.37,EG
Q7XTH4,30.0,7.0,Xylan,0.1033,7.1478,26.37,EG
Q7XTH4,30.0,8.0,Xylan,0.0344,7.1478,26.37,EG
Q7XTH4,40.0,4.0,Xylan,0.4502,7.1478,26.37,EG
Q7XTH4,40.0,5.0,Xylan,0.4302,7.1478,26.37,EG
Q7XTH4,40.0,6.0,Xylan,0.348,7.1478,26.37,EG
Q7XTH4,40.0,7.0,Xylan,0.2227,7.1478,26.37,EG
Q7XTH4,40.0,8.0,Xylan,0.0959,7.1478,26.37,EG
Q7XTH4,50.0,4.0,Xylan,0.5538,7.1478,26.37,EG
Q7XTH4,50.0,5.0,Xylan,0.5323,7.1478,26.37,EG
Q7XTH4,50.0,6.0,Xylan,0.4424,7.1478,26.37,EG
Q7XTH4,50.0,7.0,Xylan,0.3004,7.1478,26.37,EG
Q7XTH4,50.0,8.0,Xylan,0.1448,7.1478,26.37,EG
Q7XTH4,60.0,4.0,Xylan,0.5482,7.1478,26.37,EG
Q7XTH4,60.0,5.0,Xylan,0.5267,7.1478,26.37,EG
Q7XTH4,60.0,6.0,Xylan,0.4372,7.1478,26.37,EG
Q7XTH4,60.0,7.0,Xylan,0.296,7.1478,26.37,EG
Q7XTH4,60.0,8.0,Xylan,0.1419,7.1478,26.37,EG
Q7XTH4,70.0,4.0,Xylan,0.4345,7.1478,26.37,EG
Q7XTH4,70.0,5.0,Xylan,0.4148,7.1478,26.37,EG
Q7XTH4,70.0,6.0,Xylan,0.334,7.1478,26.37,EG
Q7XTH4,70.0,7.0,Xylan,0.2115,7.1478,26.37,EG
Q7XTH4,70.0,8.0,Xylan,0.0894,7.1478,26.37,EG
Q7XTH4,30.0,4.0,Bagasse,0.5428,7.1478,26.37,EG
Q7XTH4,30.0,5.0,Bagasse,0.5214,7.1478,26.37,EG
Q7XTH4,30.0,6.0,Bagasse,0.4323,7.1478,26.37,EG
Q7XTH4,30.0,7.0,Bagasse,0.2918,7.1478,26.37,EG
Q7XTH4,30.0,8.0,Bagasse,0.1392,7.1478,26.37,EG
Q7XTH4,40.0,4.0,Bagasse,0.7705,7.1478,26.37,EG
Q7XTH4,40.0,5.0,Bagasse,0.7477,7.1478,26.37,EG
Q7XTH4,40.0,6.0,Bagasse,0.6493,7.1478,26.37,EG
Q7XTH4,40.0,7.0,Bagasse,0.4828,7.1478,26.37,EG
Q7XTH4,40.0,8.0,Bagasse,0.2779,7.1478,26.37,EG
Q7XTH4,50.0,4.0,Bagasse,0.8794,7.1478,26.37,EG
Q7XTH4,50.0,5.0,Bagasse,0.8583,7.1478,26.37,EG
Q7XTH4,50.0,6.0,Bagasse,0.7617,7.1478,26.37,EG
Q7XTH4,50.0,7.0,Bagasse,0.5887,7.1478,26.37,EG
Q7XTH4,50.0,8.0,Bagasse,0.364,7.1478,26.37,EG
Q7XTH4,60.0,4.0,Bagasse,0.874,7.1478,26.37,EG
Q7XTH4,60.0,5.0,Bagasse,0.8527,7.1478,26.37,EG
Q7XTH4,60.0,6.0,Bagasse,0.7558,7.1478,26.37,EG
Q7XTH4,60.0,7.0,Bagasse,0.5829,7.1478,26.37,EG
Q7XTH4,60.0,8.0,Bagasse,0.3592,7.1478,26.37,EG
Q7XTH4,70.0,4.0,Bagasse,0.7527,7.1478,26.37,EG
Q7XTH4,70.0,5.0,Bagasse,0.7299,7.1478,26.37,EG
Q7XTH4,70.0,6.0,Bagasse,0.6317,7.1478,26.37,EG
Q7XTH4,70.0,7.0,Bagasse,0.4667,7.1478,26.37,EG
Q7XTH4,70.0,8.0,Bagasse,0.2654,7.1478,26.37,EG
Q8S8Q4,30.0,4.0,Cellulose,0.574,6.8585,26.72,EG
Q8S8Q4,30.0,5.0,Cellulose,0.6109,6.8585,26.72,EG
Q8S8Q4,30.0,6.0,Cellulose,0.574,6.8585,26.72,EG
Q8S8Q4,30.0,7.0,Cellulose,0.4673,6.8585,26.72,EG
Q8S8Q4,30.0,8.0,Cellulose,0.3089,6.8585,26.72,EG
Q8S8Q4,40.0,4.0,Cellulose,0.8013,6.8585,26.72,EG
Q8S8Q4,40.0,5.0,Cellulose,0.8384,6.8585,26.72,EG
Q8S8Q4,40.0,6.0,Cellulose,0.8013,6.8585,26.72,EG
Q8S8Q4,40.0,7.0,Cellulose,0.6874,6.8585,26.72,EG
Q8S8Q4,40.0,8.0,Cellulose,0.5032,6.8585,26.72,EG
Q8S8Q4,50.0,4.0,Cellulose,0.9051,6.8585,26.72,EG
Q8S8Q4,50.0,5.0,Cellulose,0.9359,6.8585,26.72,EG
Q8S8Q4,50.0,6.0,Cellulose,0.9051,6.8585,26.72,EG
Q8S8Q4,50.0,7.0,Cellulose,0.7978,6.8585,26.72,EG
Q8S8Q4,50.0,8.0,Cellulose,0.6086,6.8585,26.72,EG
Q8S8Q4,60.0,4.0,Cellulose,0.8978,6.8585,26.72,EG
Q8S8Q4,60.0,5.0,Cellulose,0.9295,6.8585,26.72,EG
Q8S8Q4,60.0,6.0,Cellulose,0.8978,6.8585,26.72,EG
Q8S8Q4,60.0,7.0,Cellulose,0.7896,6.8585,26.72,EG
Q8S8Q4,60.0,8.0,Cellulose,0.6004,6.8585,26.72,EG
Q8S8Q4,70.0,4.0,Cellulose,0.7766,6.8585,26.72,EG
Q8S8Q4,70.0,5.0,Cellulose,0.8142,6.8585,26.72,EG
Q8S8Q4,70.0,6.0,Cellulose,0.7766,6.8585,26.72,EG
Q8S8Q4,70.0,7.0,Cellulose,0.6625,6.8585,26.72,EG
Q8S8Q4,70.0,8.0,Cellulose,0.4803,6.8585,26.72,EG
Q8S8Q4,30.0,4.0,Xylan,0.2446,6.8585,26.72,EG
Q8S8Q4,30.0,5.0,Xylan,0.2709,6.8585,26.72,EG
Q8S8Q4,30.0,6.0,Xylan,0.2446,6.8585,26.72,EG
Q8S8Q4,30.0,7.0,Xylan,0.1743,6.8585,26.72,EG
Q8S8Q4,30.0,8.0,Xylan,0.0876,6.8585,26.72,EG
Q8S8Q4,40.0,4.0,Xylan,0.4226,6.8585,26.72,EG
Q8S8Q4,40.0,5.0,Xylan,0.4561,6.8585,26.72,EG
Q8S8Q4,40.0,6.0,Xylan,0.4226,6.8585,26.72,EG
Q8S8Q4,40.0,7.0,Xylan,0.3284,6.8585,26.72,EG
Q8S8Q4,40.0,8.0,Xylan,0.1969,6.8585,26.72,EG
Q8S8Q4,50.0,4.0,Xylan,0.5225,6.8585,26.72,EG
Q8S8Q4,50.0,5.0,Xylan,0.5585,6.8585,26.72,EG
Q8S8Q4,50.0,6.0,Xylan,0.5225,6.8585,26.72,EG
Q8S8Q4,50.0,7.0,Xylan,0.4195,6.8585,26.72,EG
Q8S8Q4,50.0,8.0,Xylan,0.2692,6.8585,26.72,EG
Q8S8Q4,60.0,4.0,Xylan,0.5147,6.8585,26.72,EG
Q8S8Q4,60.0,5.0,Xylan,0.5505,6.8585,26.72,EG
Q8S8Q4,60.0,6.0,Xylan,0.5147,6.8585,26.72,EG
Q8S8Q4,60.0,7.0,Xylan,0.4123,6.8585,26.72,EG
Q8S8Q4,60.0,8.0,Xylan,0.2633,6.8585,26.72,EG
Q8S8Q4,70.0,4.0,Xylan,0.4011,6.8585,26.72,EG
Q8S8Q4,70.0,5.0,Xylan,0.434,6.8585,26.72,EG
Q8S8Q4,70.0,6.0,Xylan,0.4011,6.8585,26.72,EG
Q8S8Q4,70.0,7.0,Xylan,0.3093,6.8585,26.72,EG
Q8S8Q4,70.0,8.0,Xylan,0.1823,6.8585,26.72,EG
Q8S8Q4,30.0,4.0,Bagasse,0.516,6.8585,26.72,EG
Q8S8Q4,30.0,5.0,Bagasse,0.5519,6.8585,26.72,EG
Q8S8Q4,30.0,6.0,Bagasse,0.516,6.8585,26.72,EG
Q8S8Q4,30.0,7.0,Bagasse,0.4135,6.8585,26.72,EG
Q8S8Q4,30.0,8.0,Bagasse,0.2643,6.8585,26.72,EG
Q8S8Q4,40.0,4.0,Bagasse,0.7405,6.8585,26.72,EG
Q8S8Q4,40.0,5.0,Bagasse,0.7785,6.8585,26.72,EG
Q8S8Q4,40.0,6.0,Bagasse,0.7405,6.8585,26.72,EG
Q8S8Q4,40.0,7.0,Bagasse,0.6268,6.8585,26.72,EG
Q8S8Q4,40.0,8.0,Bagasse,0.4478,6.8585,26.72,EG
Q8S8Q4,50.0,4.0,Bagasse,0.8494,6.8585,26.72,EG
Q8S8Q4,50.0,5.0,Bagasse,0.8848,6.8585,26.72,EG
Q8S8Q4,50.0,6.0,Bagasse,0.8494,6.8585,26.72,EG
Q8S8Q4,50.0,7.0,Bagasse,0.7369,6.8585,26.72,EG
Q8S8Q4,50.0,8.0,Bagasse,0.5496,6.8585,26.72,EG
Q8S8Q4,60.0,4.0,Bagasse,0.8415,6.8585,26.72,EG
Q8S8Q4,60.0,5.0,Bagasse,0.8772,6.8585,26.72,EG
Q8S8Q4,60.0,6.0,Bagasse,0.8415,6.8585,26.72,EG
Q8S8Q4,60.0,7.0,Bagasse,0.7286,6.8585,26.72,EG
Q8S8Q4,60.0,8.0,Bagasse,0.5417,6.8585,26.72,EG
Q8S8Q4,70.0,4.0,Bagasse,0.7155,6.8585,26.72,EG
Q8S8Q4,70.0,5.0,Bagasse,0.7536,6.8585,26.72,EG
Q8S8Q4,70.0,6.0,Bagasse,0.7155,6.8585,26.72,EG
Q8S8Q4,70.0,7.0,Bagasse,0.6023,6.8585,26.72,EG
Q8S8Q4,70.0,8.0,Bagasse,0.4259,6.8585,26.72,EG
Q9C9H5,30.0,4.0,Cellulose,0.5139,7.7247,27.03,EG
Q9C9H5,30.0,5.0,Cellulose,0.6165,7.7247,27.03,EG
Q9C9H5,30.0,6.0,Cellulose,0.6466,7.7247,27.03,EG
Q9C9H5,30.0,7.0,Cellulose,0.6015,7.7247,27.03,EG
Q9C9H5,30.0,8.0,Cellulose,0.4856,7.7247,27.03,EG
Q9C9H5,40.0,4.0,Cellulose,0.7369,7.7247,27.03,EG
Q9C9H5,40.0,5.0,Cellulose,0.8424,7.7247,27.03,EG
Q9C9H5,40.0,6.0,Cellulose,0.8712,7.7247,27.03,EG
Q9C9H5,40.0,7.0,Cellulose,0.8277,7.7247,27.03,EG
Q9C9H5,40.0,8.0,Cellulose,0.7063,7.7247,27.03,EG
Q9C9H5,50.0,4.0,Cellulose,0.844,7.7247,27.03,EG
Q9C9H5,50.0,5.0,Cellulose,0.9373,7.7247,27.03,EG
Q9C9H5,50.0,6.0,Cellulose,0.9583,7.7247,27.03,EG
Q9C9H5,50.0,7.0,Cellulose,0.9255,7.7247,27.03,EG
Q9C9H5,50.0,8.0,Cellulose,0.8144,7.7247,27.03,EG
Q9C9H5,60.0,4.0,Cellulose,0.8337,7.7247,27.03,EG
Q9C9H5,60.0,5.0,Cellulose,0.9291,7.7247,27.03,EG
Q9C9H5,60.0,6.0,Cellulose,0.9513,7.7247,27.03,EG
Q9C9H5,60.0,7.0,Cellulose,0.9168,7.7247,27.03,EG
Q9C9H5,60.0,8.0,Cellulose,0.8039,7.7247,27.03,EG
Q9C9H5,70.0,4.0,Cellulose,0.7046,7.7247,27.03,EG
Q9C9H5,70.0,5.0,Cellulose,0.8112,7.7247,27.03,EG
Q9C9H5,70.0,6.0,Cellulose,0.8408,7.7247,27.03,EG
Q9C9H5,70.0,7.0,Cellulose,0.7961,7.7247,27.03,EG
Q9C9H5,70.0,8.0,Cellulose,0.6741,7.7247,27.03,EG
Q9C9H5,30.0,4.0,Xylan,0.2016,7.7247,27.03,EG
Q9C9H5,30.0,5.0,Xylan,0.2727,7.7247,27.03,EG
Q9C9H5,30.0,6.0,Xylan,0.2951,7.7247,27.03,EG
Q9C9H5,30.0,7.0,Xylan,0.2619,7.7247,27.03,EG
Q9C9H5,30.0,8.0,Xylan,0.1835,7.7247,27.03,EG
Q9C9H5,40.0,4.0,Xylan,0.366,7.7247,27.03,EG
Q9C9H5,40.0,5.0,Xylan,0.4581,7.7247,27.03,EG
Q9C9H5,40.0,6.0,Xylan,0.4858,7.7247,27.03,EG
Q9C9H5,40.0,7.0,Xylan,0.4445,7.7247,27.03,EG
Q9C9H5,40.0,8.0,Xylan,0.3413,7.7247,27.03,EG
Q9C9H5,50.0,4.0,Xylan,0.4596,7.7247,27.03,EG
Q9C9H5,50.0,5.0,Xylan,0.5591,7.7247,27.03,EG
Q9C9H5,50.0,6.0,Xylan,0.5885,7.7247,27.03,EG
Q9C9H5,50.0,7.0,Xylan,0.5445,7.7247,27.03,EG
Q9C9H5,50.0,8.0,Xylan,0.4325,7.7247,27.03,EG
Q9C9H5,60.0,4.0,Xylan,0.45,7.7247,27.03,EG
Q9C9H5,60.0,5.0,Xylan,0.5488,7.7247,27.03,EG
Q9C9H5,60.0,6.0,Xylan,0.5781,7.7247,27.03,EG
Q9C9H5,60.0,7.0,Xylan,0.5343,7.7247,27.03,EG
Q9C9H5,60.0,8.0,Xylan,0.4231,7.7247,27.03,EG
Q9C9H5,70.0,4.0,Xylan,0.34,7.7247,27.03,EG
Q9C9H5,70.0,5.0,Xylan,0.4295,7.7247,27.03,EG
Q9C9H5,70.0,6.0,Xylan,0.4566,7.7247,27.03,EG
Q9C9H5,70.0,7.0,Xylan,0.4162,7.7247,27.03,EG
Q9C9H5,70.0,8.0,Xylan,0.3161,7.7247,27.03,EG
Q9C9H5,30.0,4.0,Bagasse,0.4577,7.7247,27.03,EG
Q9C9H5,30.0,5.0,Bagasse,0.557,7.7247,27.03,EG
Q9C9H5,30.0,6.0,Bagasse,0.5865,7.7247,27.03,EG
Q9C9H5,30.0,7.0,Bagasse,0.5425,7.7247,27.03,EG
Q9C9H5,30.0,8.0,Bagasse,0.4306,7.7247,27.03,EG
Q9C9H5,40.0,4.0,Bagasse,0.6756,7.7247,27.03,EG
Q9C9H5,40.0,5.0,Bagasse,0.7825,7.7247,27.03,EG
Q9C9H5,40.0,6.0,Bagasse,0.8126,7.7247,27.03,EG
Q9C9H5,40.0,7.0,Bagasse,0.7673,7.7247,27.03,EG
Q9C9H5,40.0,8.0,Bagasse,0.6452,7.7247,27.03,EG
Q9C9H5,50.0,4.0,Bagasse,0.7841,7.7247,27.03,EG
Q9C9H5,50.0,5.0,Bagasse,0.8864,7.7247,27.03,EG
Q9C9H5,50.0,6.0,Bagasse,0.9129,7.7247,27.03,EG
Q9C9H5,50.0,7.0,Bagasse,0.8725,7.7247,27.03,EG
Q9C9H5,50.0,8.0,Bagasse,0.7537,7.7247,27.03,EG
Q9C9H5,60.0,4.0,Bagasse,0.7734,7.7247,27.03,EG
Q9C9H5,60.0,5.0,Bagasse,0.8767,7.7247,27.03,EG
Q9C9H5,60.0,6.0,Bagasse,0.9038,7.7247,27.03,EG
Q9C9H5,60.0,7.0,Bagasse,0.8626,7.7247,27.03,EG
Q9C9H5,60.0,8.0,Bagasse,0.7429,7.7247,27.03,EG
Q9C9H5,70.0,4.0,Bagasse,0.6436,7.7247,27.03,EG
Q9C9H5,70.0,5.0,Bagasse,0.7503,7.7247,27.03,EG
Q9C9H5,70.0,6.0,Bagasse,0.7808,7.7247,27.03,EG
Q9C9H5,70.0,7.0,Bagasse,0.7351,7.7247,27.03,EG
Q9C9H5,70.0,8.0,Bagasse,0.6135,7.7247,27.03,EG
Q9CAC1,30.0,4.0,Cellulose,0.4112,2.2365,26.56,EG
Q9CAC1,30.0,5.0,Cellulose,0.4244,2.2365,26.56,EG
Q9CAC1,30.0,6.0,Cellulose,0.3729,2.2365,26.56,EG
Q9CAC1,30.0,7.0,Cellulose,0.2682,2.2365,26.56,EG
Q9CAC1,30.0,8.0,Cellulose,0.1408,2.2365,26.56,EG
Q9CAC1,40.0,4.0,Cellulose,0.625,2.2365,26.56,EG
Q9CAC1,40.0,5.0,Cellulose,0.64,2.2365,26.56,EG
Q9CAC1,40.0,6.0,Cellulose,0.5805,2.2365,26.56,EG
Q9CAC1,40.0,7.0,Cellulose,0.4532,2.2365,26.56,EG
Q9CAC1,40.0,8.0,Cellulose,0.2807,2.2365,26.56,EG
Q9CAC1,50.0,4.0,Cellulose,0.7361,2.2365,26.56,EG
Q9CAC1,50.0,5.0,Cellulose,0.7514,2.2365,26.56,EG
Q9CAC1,50.0,6.0,Cellulose,0.6905,2.2365,26.56,EG
Q9CAC1,50.0,7.0,Cellulose,0.5564,2.2365,26.56,EG
Q9CAC1,50.0,8.0,Cellulose,0.3667,2.2365,26.56,EG
Q9CAC1,60.0,4.0,Cellulose,0.729,2.2365,26.56,EG
Q9CAC1,60.0,5.0,Cellulose,0.7442,2.2365,26.56,EG
Q9CAC1,60.0,6.0,Cellulose,0.6834,2.2365,26.56,EG
Q9CAC1,60.0,7.0,Cellulose,0.5496,2.2365,26.56,EG
Q9CAC1,60.0,8.0,Cellulose,0.3609,2.2365,26.56,EG
Q9CAC1,70.0,4.0,Cellulose,0.604,2.2365,26.56,EG
Q9CAC1,70.0,5.0,Cellulose,0.6189,2.2365,26.56,EG
Q9CAC1,70.0,6.0,Cellulose,0.56,2.2365,26.56,EG
Q9CAC1,70.0,7.0,Cellulose,0.4343,2.2365,26.56,EG
Q9CAC1,70.0,8.0,Cellulose,0.2655,2.2365,26.56,EG
Q9CAC1,30.0,4.0,Xylan,0.1415,2.2365,26.56,EG
Q9CAC1,30.0,5.0,Xylan,0.149,2.2365,26.56,EG
Q9CAC1,30.0,6.0,Xylan,0.1203,2.2365,26.56,EG
Q9CAC1,30.0,7.0,Xylan,0.0698,2.2365,26.56,EG
Q9CAC1,30.0,8.0,Xylan,0.0254,2.2365,26.56,EG
Q9CAC1,40.0,4.0,Xylan,0.2817,2.2365,26.56,EG
Q9CAC1,40.0,5.0,Xylan,0.2928,2.2365,26.56,EG
Q9CAC1,40.0,6.0,Xylan,0.2498,2.2365,26.56,EG
Q9CAC1,40.0,7.0,Xylan,0.1662,2.2365,26.56,EG
Q9CAC1,40.0,8.0,Xylan,0.0752,2.2365,26.56,EG
Q9CAC1,50.0,4.0,Xylan,0.3679,2.2365,26.56,EG
Q9CAC1,50.0,5.0,Xylan,0.3804,2.2365,26.56,EG
Q9CAC1,50.0,6.0,Xylan,0.3314,2.2365,26.56,EG
Q9CAC1,50.0,7.0,Xylan,0.233,2.2365,26.56,EG
Q9CAC1,50.0,8.0,Xylan,0.1169,2.2365,26.56,EG
Q9CAC1,60.0,4.0,Xylan,0.3621,2.2365,26.56,EG
Q9CAC1,60.0,5.0,Xylan,0.3745,2.2365,26.56,EG
Q9CAC1,60.0,6.0,Xylan,0.3259,2.2365,26.56,EG
Q9CAC1,60.0,7.0,Xylan,0.2283,2.2365,26.56,EG
Q9CAC1,60.0,8.0,Xylan,0.1139,2.2365,26.56,EG
Q9CAC1,70.0,4.0,Xylan,0.2665,2.2365,26.56,EG
Q9CAC1,70.0,5.0,Xylan,0.2773,2.2365,26.56,EG
Q9CAC1,70.0,6.0,Xylan,0.2355,2.2365,26.56,EG
Q9CAC1,70.0,7.0,Xylan,0.1549,2.2365,26.56,EG
Q9CAC1,70.0,8.0,Xylan,0.0686,2.2365,26.56,EG
Q9CAC1,30.0,4.0,Bagasse,0.3603,2.2365,26.56,EG
Q9CAC1,30.0,5.0,Bagasse,0.3728,2.2365,26.56,EG
Q9CAC1,30.0,6.0,Bagasse,0.3242,2.2365,26.56,EG
Q9CAC1,30.0,7.0,Bagasse,0.227,2.2365,26.56,EG
Q9CAC1,30.0,8.0,Bagasse,0.113,2.2365,26.56,EG
Q9CAC1,40.0,4.0,Bagasse,0.5657,2.2365,26.56,EG
Q9CAC1,40.0,5.0,Bagasse,0.5803,2.2365,26.56,EG
Q9CAC1,40.0,6.0,Bagasse,0.5225,2.2365,26.56,EG
Q9CAC1,40.0,7.0,Bagasse,0.4001,2.2365,26.56,EG
Q9CAC1,40.0,8.0,Bagasse,0.2385,2.2365,26.56,EG
Q9CAC1,50.0,4.0,Bagasse,0.6751,2.2365,26.56,EG
Q9CAC1,50.0,5.0,Bagasse,0.6903,2.2365,26.56,EG
Q9CAC1,50.0,6.0,Bagasse,0.6299,2.2365,26.56,EG
Q9CAC1,50.0,7.0,Bagasse,0.4991,2.2365,26.56,EG
Q9CAC1,50.0,8.0,Bagasse,0.3184,2.2365,26.56,EG
Q9CAC1,60.0,4.0,Bagasse,0.668,2.2365,26.56,EG
Q9CAC1,60.0,5.0,Bagasse,0.6832,2.2365,26.56,EG
Q9CAC1,60.0,6.0,Bagasse,0.6229,2.2365,26.56,EG
Q9CAC1,60.0,7.0,Bagasse,0.4925,2.2365,26.56,EG
Q9CAC1,60.0,8.0,Bagasse,0.3129,2.2365,26.56,EG
Q9CAC1,70.0,4.0,Bagasse,0.5453,2.2365,26.56,EG
Q9CAC1,70.0,5.0,Bagasse,0.5598,2.2365,26.56,EG
Q9CAC1,70.0,6.0,Bagasse,0.5026,2.2365,26.56,EG
Q9CAC1,70.0,7.0,Bagasse,0.3822,2.2365,26.56,EG
Q9CAC1,70.0,8.0,Bagasse,0.2245,2.2365,26.56,EG
Q9STW8,30.0,4.0,Cellulose,0.5499,10.316,27.9,EG
Q9STW8,30.0,5.0,Cellulose,0.6696,10.316,27.9,EG
Q9STW8,30.0,6.0,Cellulose,0.7155,10.316,27.9,EG
Q9STW8,30.0,7.0,Cellulose,0.6849,10.316,27.9,EG
Q9STW8,30.0,8.0,Cellulose,0.5794,10.316,27.9,EG
Q9STW8,40.0,4.0,Cellulose,0.7694,10.316,27.9,EG
Q9STW8,40.0,5.0,Cellulose,0.8867,10.316,27.9,EG
Q9STW8,40.0,6.0,Cellulose,0.9255,10.316,27.9,EG
Q9STW8,40.0,7.0,Cellulose,0.9001,10.316,27.9,EG
Q9STW8,40.0,8.0,Cellulose,0.7997,10.316,27.9,EG
Q9STW8,50.0,4.0,Cellulose,0.8689,10.316,27.9,EG
Q9STW8,50.0,5.0,Cellulose,0.9646,10.316,27.9,EG
Q9STW8,50.0,6.0,Cellulose,0.9853,10.316,27.9,EG
Q9STW8,50.0,7.0,Cellulose,0.9727,10.316,27.9,EG
Q9STW8,50.0,8.0,Cellulose,0.8964,10.316,27.9,EG
Q9STW8,60.0,4.0,Cellulose,0.8533,10.316,27.9,EG
Q9STW8,60.0,5.0,Cellulose,0.9544,10.316,27.9,EG
Q9STW8,60.0,6.0,Cellulose,0.979,10.316,27.9,EG
Q9STW8,60.0,7.0,Cellulose,0.9637,10.316,27.9,EG
Q9STW8,60.0,8.0,Cellulose,0.8815,10.316,27.9,EG
Q9STW8,70.0,4.0,Cellulose,0.7193,10.316,27.9,EG
Q9STW8,70.0,5.0,Cellulose,0.8401,10.316,27.9,EG
Q9STW8,70.0,6.0,Cellulose,0.8828,10.316,27.9,EG
Q9STW8,70.0,7.0,Cellulose,0.8546,10.316,27.9,EG
Q9STW8,70.0,8.0,Cellulose,0.7499,10.316,27.9,EG
Q9STW8,30.0,4.0,Xylan,0.2246,10.316,27.9,EG
Q9STW8,30.0,5.0,Xylan,0.3116,10.316,27.9,EG
Q9STW8,30.0,6.0,Xylan,0.3477,10.316,27.9,EG
Q9STW8,30.0,7.0,Xylan,0.3234,10.316,27.9,EG
Q9STW8,30.0,8.0,Xylan,0.245,10.316,27.9,EG
Q9STW8,40.0,4.0,Xylan,0.3924,10.316,27.9,EG
Q9STW8,40.0,5.0,Xylan,0.5014,10.316,27.9,EG
Q9STW8,40.0,6.0,Xylan,0.5445,10.316,27.9,EG
Q9STW8,40.0,7.0,Xylan,0.5156,10.316,27.9,EG
Q9STW8,40.0,8.0,Xylan,0.4187,10.316,27.9,EG
Q9STW8,50.0,4.0,Xylan,0.4833,10.316,27.9,EG
Q9STW8,50.0,5.0,Xylan,0.5994,10.316,27.9,EG
Q9STW8,50.0,6.0,Xylan,0.6445,10.316,27.9,EG
Q9STW8,50.0,7.0,Xylan,0.6143,10.316,27.9,EG
Q9STW8,50.0,8.0,Xylan,0.5116,10.316,27.9,EG
Q9STW8,60.0,4.0,Xylan,0.468,10.316,27.9,EG
Q9STW8,60.0,5.0,Xylan,0.5831,10.316,27.9,EG
Q9STW8,60.0,6.0,Xylan,0.628,10.316,27.9,EG
Q9STW8,60.0,7.0,Xylan,0.598,10.316,27.9,EG
Q9STW8,60.0,8.0,Xylan,0.496,10.316,27.9,EG
Q9STW8,70.0,4.0,Xylan,0.3508,10.316,27.9,EG
Q9STW8,70.0,5.0,Xylan,0.4555,10.316,27.9,EG
Q9STW8,70.0,6.0,Xylan,0.4974,10.316,27.9,EG
Q9STW8,70.0,7.0,Xylan,0.4693,10.316,27.9,EG
Q9STW8,70.0,8.0,Xylan,0.3759,10.316,27.9,EG
Q9STW8,30.0,4.0,Bagasse,0.4923,10.316,27.9,EG
Q9STW8,30.0,5.0,Bagasse,0.609,10.316,27.9,EG
Q9STW8,30.0,6.0,Bagasse,0.6542,10.316,27.9,EG
Q9STW8,30.0,7.0,Bagasse,0.624,10.316,27.9,EG
Q9STW8,30.0,8.0,Bagasse,0.5208,10.316,27.9,EG
Q9STW8,40.0,4.0,Bagasse,0.7081,10.316,27.9,EG
Q9STW8,40.0,5.0,Bagasse,0.8294,10.316,27.9,EG
Q9STW8,40.0,6.0,Bagasse,0.8727,10.316,27.9,EG
Q9STW8,40.0,7.0,Bagasse,0.844,10.316,27.9,EG
Q9STW8,40.0,8.0,Bagasse,0.7387,10.316,27.9,EG
Q9STW8,50.0,4.0,Bagasse,0.8103,10.316,27.9,EG
Q9STW8,50.0,5.0,Bagasse,0.9219,10.316,27.9,EG
Q9STW8,50.0,6.0,Bagasse,0.9552,10.316,27.9,EG
Q9STW8,50.0,7.0,Bagasse,0.9338,10.316,27.9,EG
Q9STW8,50.0,8.0,Bagasse,0.8399,10.316,27.9,EG
Q9STW8,60.0,4.0,Bagasse,0.7939,10.316,27.9,EG
Q9STW8,60.0,5.0,Bagasse,0.9081,10.316,27.9,EG
Q9STW8,60.0,6.0,Bagasse,0.9439,10.316,27.9,EG
Q9STW8,60.0,7.0,Bagasse,0.9207,10.316,27.9,EG
Q9STW8,60.0,8.0,Bagasse,0.8238,10.316,27.9,EG
Q9STW8,70.0,4.0,Bagasse,0.658,10.316,27.9,EG
Q9STW8,70.0,5.0,Bagasse,0.7802,10.316,27.9,EG
Q9STW8,70.0,6.0,Bagasse,0.8252,10.316,27.9,EG
Q9STW8,70.0,7.0,Bagasse,0.7953,10.316,27.9,EG
Q9STW8,70.0,8.0,Bagasse,0.6885,10.316,27.9,EG
Q9SVJ4,30.0,4.0,Cellulose,0.4857,13.1547,26.75,EG
Q9SVJ4,30.0,5.0,Cellulose,0.6396,13.1547,26.75,EG
Q9SVJ4,30.0,6.0,Cellulose,0.7236,13.1547,26.75,EG
Q9SVJ4,30.0,7.0,Cellulose,0.7313,13.1547,26.75,EG
Q9SVJ4,30.0,8.0,Cellulose,0.6624,13.1547,26.75,EG
Q9SVJ4,40.0,4.0,Cellulose,0.7095,13.1547,26.75,EG
Q9SVJ4,40.0,5.0,Cellulose,0.8674,13.1547,26.75,EG
Q9SVJ4,40.0,6.0,Cellulose,0.9389,13.1547,26.75,EG
Q9SVJ4,40.0,7.0,Cellulose,0.9444,13.1547,26.75,EG
Q9SVJ4,40.0,8.0,Cellulose,0.8883,13.1547,26.75,EG
Q9SVJ4,50.0,4.0,Cellulose,0.8201,13.1547,26.75,EG
Q9SVJ4,50.0,5.0,Cellulose,0.9574,13.1547,26.75,EG
Q9SVJ4,50.0,6.0,Cellulose,0.9927,13.1547,26.75,EG
Q9SVJ4,50.0,7.0,Cellulose,0.9941,13.1547,26.75,EG
Q9SVJ4,50.0,8.0,Cellulose,0.9706,13.1547,26.75,EG
Q9SVJ4,60.0,4.0,Cellulose,0.8119,13.1547,26.75,EG
Q9SVJ4,60.0,5.0,Cellulose,0.952,13.1547,26.75,EG
Q9SVJ4,60.0,6.0,Cellulose,0.9908,13.1547,26.75,EG
Q9SVJ4,60.0,7.0,Cellulose,0.9925,13.1547,26.75,EG
Q9SVJ4,60.0,8.0,Cellulose,0.9661,13.1547,26.75,EG
Q9SVJ4,70.0,4.0,Cellulose,0.6843,13.1547,26.75,EG
Q9SVJ4,70.0,5.0,Cellulose,0.8437,13.1547,26.75,EG
Q9SVJ4,70.0,6.0,Cellulose,0.9193,13.1547,26.75,EG
Q9SVJ4,70.0,7.0,Cellulose,0.9255,13.1547,26.75,EG
Q9SVJ4,70.0,8.0,Cellulose,0.8654,13.1547,26.75,EG
Q9SVJ4,30.0,4.0,Xylan,0.1826,13.1547,26.75,EG
Q9SVJ4,30.0,5.0,Xylan,0.2888,13.1547,26.75,EG
Q9SVJ4,30.0,6.0,Xylan,0.3542,13.1547,26.75,EG
Q9SVJ4,30.0,7.0,Xylan,0.3604,13.1547,26.75,EG
Q9SVJ4,30.0,8.0,Xylan,0.306,13.1547,26.75,EG
Q9SVJ4,40.0,4.0,Xylan,0.3428,13.1547,26.75,EG
Q9SVJ4,40.0,5.0,Xylan,0.4811,13.1547,26.75,EG
Q9SVJ4,40.0,6.0,Xylan,0.5601,13.1547,26.75,EG
Q9SVJ4,40.0,7.0,Xylan,0.5674,13.1547,26.75,EG
Q9SVJ4,40.0,8.0,Xylan,0.5023,13.1547,26.75,EG
Q9SVJ4,50.0,4.0,Xylan,0.4366,13.1547,26.75,EG
Q9SVJ4,50.0,5.0,Xylan,0.5862,13.1547,26.75,EG
Q9SVJ4,50.0,6.0,Xylan,0.6691,13.1547,26.75,EG
Q9SVJ4,50.0,7.0,Xylan,0.6767,13.1547,26.75,EG
Q9SVJ4,50.0,8.0,Xylan,0.6086,13.1547,26.75,EG
Q9SVJ4,60.0,4.0,Xylan,0.4292,13.1547,26.75,EG
Q9SVJ4,60.0,5.0,Xylan,0.5781,13.1547,26.75,EG
Q9SVJ4,60.0,6.0,Xylan,0.6608,13.1547,26.75,EG
Q9SVJ4,60.0,7.0,Xylan,0.6684,13.1547,26.75,EG
Q9SVJ4,60.0,8.0,Xylan,0.6004,13.1547,26.75,EG
Q9SVJ4,70.0,4.0,Xylan,0.323,13.1547,26.75,EG
Q9SVJ4,70.0,5.0,Xylan,0.4583,13.1547,26.75,EG
Q9SVJ4,70.0,6.0,Xylan,0.5361,13.1547,26.75,EG
Q9SVJ4,70.0,7.0,Xylan,0.5434,13.1547,26.75,EG
Q9SVJ4,70.0,8.0,Xylan,0.4792,13.1547,26.75,EG
Q9SVJ4,30.0,4.0,Bagasse,0.4305,13.1547,26.75,EG
Q9SVJ4,30.0,5.0,Bagasse,0.5795,13.1547,26.75,EG
Q9SVJ4,30.0,6.0,Bagasse,0.6622,13.1547,26.75,EG
Q9SVJ4,30.0,7.0,Bagasse,0.6698,13.1547,26.75,EG
Q9SVJ4,30.0,8.0,Bagasse,0.6018,13.1547,26.75,EG
Q9SVJ4,40.0,4.0,Bagasse,0.6482,13.1547,26.75,EG
Q9SVJ4,40.0,5.0,Bagasse,0.8084,13.1547,26.75,EG
Q9SVJ4,40.0,6.0,Bagasse,0.8882,13.1547,26.75,EG
Q9SVJ4,40.0,7.0,Bagasse,0.8949,13.1547,26.75,EG
Q9SVJ4,40.0,8.0,Bagasse,0.8308,13.1547,26.75,EG
Q9SVJ4,50.0,4.0,Bagasse,0.7593,13.1547,26.75,EG
Q9SVJ4,50.0,5.0,Bagasse,0.9116,13.1547,26.75,EG
Q9SVJ4,50.0,6.0,Bagasse,0.9705,13.1547,26.75,EG
Q9SVJ4,50.0,7.0,Bagasse,0.9744,13.1547,26.75,EG
Q9SVJ4,50.0,8.0,Bagasse,0.9302,13.1547,26.75,EG
Q9SVJ4,60.0,4.0,Bagasse,0.7509,13.1547,26.75,EG
Q9SVJ4,60.0,5.0,Bagasse,0.9045,13.1547,26.75,EG
Q9SVJ4,60.0,6.0,Bagasse,0.966,13.1547,26.75,EG
Q9SVJ4,60.0,7.0,Bagasse,0.9702,13.1547,26.75,EG
Q9SVJ4,60.0,8.0,Bagasse,0.9236,13.1547,26.75,EG
Q9SVJ4,70.0,4.0,Bagasse,0.6234,13.1547,26.75,EG
Q9SVJ4,70.0,5.0,Bagasse,0.7836,13.1547,26.75,EG
Q9SVJ4,70.0,6.0,Bagasse,0.8652,13.1547,26.75,EG
Q9SVJ4,70.0,7.0,Bagasse,0.8723,13.1547,26.75,EG
Q9SVJ4,70.0,8.0,Bagasse,0.8063,13.1547,26.75,EG
Q9H227,30.0,4.0,Cellulose,0.4022,3.3691,27.56,BG
Q9H227,30.0,5.0,Cellulose,0.4152,3.3691,27.56,BG
Q9H227,30.0,6.0,Cellulose,0.3641,3.3691,27.56,BG
Q9H227,30.0,7.0,Cellulose,0.2603,3.3691,27.56,BG
Q9H227,30.0,8.0,Cellulose,0.135,3.3691,27.56,BG
Q9H227,40.0,4.0,Cellulose,0.6079,3.3691,27.56,BG
Q9H227,40.0,5.0,Cellulose,0.6228,3.3691,27.56,BG
Q9H227,40.0,6.0,Cellulose,0.5637,3.3691,27.56,BG
Q9H227,40.0,7.0,Cellulose,0.4376,3.3691,27.56,BG
Q9H227,40.0,8.0,Cellulose,0.2677,3.3691,27.56,BG
Q9H227,50.0,4.0,Cellulose,0.7115,3.3691,27.56,BG
Q9H227,50.0,5.0,Cellulose,0.7267,3.3691,27.56,BG
Q9H227,50.0,6.0,Cellulose,0.666,3.3691,27.56,BG
Q9H227,50.0,7.0,Cellulose,0.533,3.3691,27.56,BG
Q9H227,50.0,8.0,Cellulose,0.3465,3.3691,27.56,BG
Q9H227,60.0,4.0,Cellulose,0.6973,3.3691,27.56,BG
Q9H227,60.0,5.0,Cellulose,0.7125,3.3691,27.56,BG
Q9H227,60.0,6.0,Cellulose,0.6519,3.3691,27.56,BG
Q9H227,60.0,7.0,Cellulose,0.5196,3.3691,27.56,BG
Q9H227,60.0,8.0,Cellulose,0.3352,3.3691,27.56,BG
Q9H227,70.0,4.0,Cellulose,0.5665,3.3691,27.56,BG
Q9H227,70.0,5.0,Cellulose,0.5811,3.3691,27.56,BG
Q9H227,70.0,6.0,Cellulose,0.5232,3.3691,27.56,BG
Q9H227,70.0,7.0,Cellulose,0.4005,3.3691,27.56,BG
Q9H227,70.0,8.0,Cellulose,0.2383,3.3691,27.56,BG
Q9H227,30.0,4.0,Xylan,0.1357,3.3691,27.56,BG
Q9H227,30.0,5.0,Xylan,0.1431,3.3691,27.56,BG
Q9H227,30.0,6.0,Xylan,0.115,3.3691,27.56,BG
Q9H227,30.0,7.0,Xylan,0.066,3.3691,27.56,BG
Q9H227,30.0,8.0,Xylan,0.0237,3.3691,27.56,BG
Q9H227,40.0,4.0,Xylan,0.2687,3.3691,27.56,BG
Q9H227,40.0,5.0,Xylan,0.2796,3.3691,27.56,BG
Q9H227,40.0,6.0,Xylan,0.2374,3.3691,27.56,BG
Q9H227,40.0,7.0,Xylan,0.1561,3.3691,27.56,BG
Q9H227,40.0,8.0,Xylan,0.0691,3.3691,27.56,BG
Q9H227,50.0,4.0,Xylan,0.3476,3.3691,27.56,BG
Q9H227,50.0,5.0,Xylan,0.3599,3.3691,27.56,BG
Q9H227,50.0,6.0,Xylan,0.312,3.3691,27.56,BG
Q9H227,50.0,7.0,Xylan,0.2165,3.3691,27.56,BG
Q9H227,50.0,8.0,Xylan,0.1058,3.3691,27.56,BG
Q9H227,60.0,4.0,Xylan,0.3363,3.3691,27.56,BG
Q9H227,60.0,5.0,Xylan,0.3484,3.3691,27.56,BG
Q9H227,60.0,6.0,Xylan,0.3012,3.3691,27.56,BG
Q9H227,60.0,7.0,Xylan,0.2076,3.3691,27.56,BG
Q9H227,60.0,8.0,Xylan,0.1001,3.3691,27.56,BG
Q9H227,70.0,4.0,Xylan,0.2393,3.3691,27.56,BG
Q9H227,70.0,5.0,Xylan,0.2496,3.3691,27.56,BG
Q9H227,70.0,6.0,Xylan,0.2099,3.3691,27.56,BG
Q9H227,70.0,7.0,Xylan,0.1348,3.3691,27.56,BG
Q9H227,70.0,8.0,Xylan,0.0572,3.3691,27.56,BG
Q9H227,30.0,4.0,Bagasse,0.3516,3.3691,27.56,BG
Q9H227,30.0,5.0,Bagasse,0.364,3.3691,27.56,BG
Q9H227,30.0,6.0,Bagasse,0.3158,3.3691,27.56,BG
Q9H227,30.0,7.0,Bagasse,0.2197,3.3691,27.56,BG
Q9H227,30.0,8.0,Bagasse,0.1079,3.3691,27.56,BG
Q9H227,40.0,4.0,Bagasse,0.549,3.3691,27.56,BG
Q9H227,40.0,5.0,Bagasse,0.5635,3.3691,27.56,BG
Q9H227,40.0,6.0,Bagasse,0.5061,3.3691,27.56,BG
Q9H227,40.0,7.0,Bagasse,0.3852,3.3691,27.56,BG
Q9H227,40.0,8.0,Bagasse,0.2264,3.3691,27.56,BG
Q9H227,50.0,4.0,Bagasse,0.6507,3.3691,27.56,BG
Q9H227,50.0,5.0,Bagasse,0.6658,3.3691,27.56,BG
Q9H227,50.0,6.0,Bagasse,0.6058,3.3691,27.56,BG
Q9H227,50.0,7.0,Bagasse,0.4765,3.3691,27.56,BG
Q9H227,50.0,8.0,Bagasse,0.2993,3.3691,27.56,BG
Q9H227,60.0,4.0,Bagasse,0.6366,3.3691,27.56,BG
Q9H227,60.0,5.0,Bagasse,0.6517,3.3691,27.56,BG
Q9H227,60.0,6.0,Bagasse,0.592,3.3691,27.56,BG
Q9H227,60.0,7.0,Bagasse,0.4636,3.3691,27.56,BG
Q9H227,60.0,8.0,Bagasse,0.2887,3.3691,27.56,BG
Q9H227,70.0,4.0,Bagasse,0.5088,3.3691,27.56,BG
Q9H227,70.0,5.0,Bagasse,0.523,3.3691,27.56,BG
Q9H227,70.0,6.0,Bagasse,0.467,3.3691,27.56,BG
Q9H227,70.0,7.0,Bagasse,0.3501,3.3691,27.56,BG
Q9H227,70.0,8.0,Bagasse,0.1996,3.3691,27.56,BG
P37702,30.0,4.0,Cellulose,0.5567,29.1297,27.74,BG
P37702,30.0,5.0,Cellulose,0.7075,29.1297,27.74,BG
P37702,30.0,6.0,Cellulose,0.784,29.1297,27.74,BG
P37702,30.0,7.0,Cellulose,0.784,29.1297,27.74,BG
P37702,30.0,8.0,Cellulose,0.7075,29.1297,27.74,BG
P37702,40.0,4.0,Cellulose,0.778,29.1297,27.74,BG
P37702,40.0,5.0,Cellulose,0.9204,29.1297,27.74,BG
P37702,40.0,6.0,Cellulose,0.9717,29.1297,27.74,BG
P37702,40.0,7.0,Cellulose,0.9717,29.1297,27.74,BG
P37702,40.0,8.0,Cellulose,0.9204,29.1297,27.74,BG
P37702,50.0,4.0,Cellulose,0.8781,29.1297,27.74,BG
P37702,50.0,5.0,Cellulose,0.9836,29.1297,27.74,BG
P37702,50.0,6.0,Cellulose,0.9982,29.1297,27.74,BG
P37702,50.0,7.0,Cellulose,0.9982,29.1297,27.74,BG
P37702,50.0,8.0,Cellulose,0.9836,29.1297,27.74,BG
P37702,60.0,4.0,Cellulose,0.8638,29.1297,27.74,BG
P37702,60.0,5.0,Cellulose,0.9774,29.1297,27.74,BG
P37702,60.0,6.0,Cellulose,0.997,29.1297,27.74,BG
P37702,60.0,7.0,Cellulose,0.997,29.1297,27.74,BG
P37702,60.0,8.0,Cellulose,0.9774,29.1297,27.74,BG
P37702,70.0,4.0,Cellulose,0.7315,29.1297,27.74,BG
P37702,70.0,5.0,Cellulose,0.8803,29.1297,27.74,BG
P37702,70.0,6.0,Cellulose,0.9432,29.1297,27.74,BG
P37702,70.0,7.0,Cellulose,0.9432,29.1297,27.74,BG
P37702,70.0,8.0,Cellulose,0.8803,29.1297,27.74,BG
P37702,30.0,4.0,Xylan,0.2286,29.1297,27.74,BG
P37702,30.0,5.0,Xylan,0.3407,29.1297,27.74,BG
P37702,30.0,6.0,Xylan,0.4043,29.1297,27.74,BG
P37702,30.0,7.0,Xylan,0.4043,29.1297,27.74,BG
P37702,30.0,8.0,Xylan,0.3407,29.1297,27.74,BG
P37702,40.0,4.0,Xylan,0.3992,29.1297,27.74,BG
P37702,40.0,5.0,Xylan,0.5378,29.1297,27.74,BG
P37702,40.0,6.0,Xylan,0.6118,29.1297,27.74,BG
P37702,40.0,7.0,Xylan,0.6118,29.1297,27.74,BG
P37702,40.0,8.0,Xylan,0.5378,29.1297,27.74,BG
P37702,50.0,4.0,Xylan,0.4919,29.1297,27.74,BG
P37702,50.0,5.0,Xylan,0.6389,29.1297,27.74,BG
P37702,50.0,6.0,Xylan,0.7152,29.1297,27.74,BG
P37702,50.0,7.0,Xylan,0.7152,29.1297,27.74,BG
P37702,50.0,8.0,Xylan,0.6389,29.1297,27.74,BG
P37702,60.0,4.0,Xylan,0.4776,29.1297,27.74,BG
P37702,60.0,5.0,Xylan,0.6236,29.1297,27.74,BG
P37702,60.0,6.0,Xylan,0.6997,29.1297,27.74,BG
P37702,60.0,7.0,Xylan,0.6997,29.1297,27.74,BG
P37702,60.0,8.0,Xylan,0.6236,29.1297,27.74,BG
P37702,70.0,4.0,Xylan,0.3601,29.1297,27.74,BG
P37702,70.0,5.0,Xylan,0.4941,29.1297,27.74,BG
P37702,70.0,6.0,Xylan,0.5664,29.1297,27.74,BG
P37702,70.0,7.0,Xylan,0.5664,29.1297,27.74,BG
P37702,70.0,8.0,Xylan,0.4941,29.1297,27.74,BG
P37702,30.0,4.0,Bagasse,0.4988,29.1297,27.74,BG
P37702,30.0,5.0,Bagasse,0.6463,29.1297,27.74,BG
P37702,30.0,6.0,Bagasse,0.7227,29.1297,27.74,BG
P37702,30.0,7.0,Bagasse,0.7227,29.1297,27.74,BG
P37702,30.0,8.0,Bagasse,0.6463,29.1297,27.74,BG
P37702,40.0,4.0,Bagasse,0.7167,29.1297,27.74,BG
P37702,40.0,5.0,Bagasse,0.8667,29.1297,27.74,BG
P37702,40.0,6.0,Bagasse,0.9323,29.1297,27.74,BG
P37702,40.0,7.0,Bagasse,0.9323,29.1297,27.74,BG
P37702,40.0,8.0,Bagasse,0.8667,29.1297,27.74,BG
P37702,50.0,4.0,Bagasse,0.82,29.1297,27.74,BG
P37702,50.0,5.0,Bagasse,0.9519,29.1297,27.74,BG
P37702,50.0,6.0,Bagasse,0.9885,29.1297,27.74,BG
P37702,50.0,7.0,Bagasse,0.9885,29.1297,27.74,BG
P37702,50.0,8.0,Bagasse,0.9519,29.1297,27.74,BG
P37702,60.0,4.0,Bagasse,0.8048,29.1297,27.74,BG
P37702,60.0,5.0,Bagasse,0.9411,29.1297,27.74,BG
P37702,60.0,6.0,Bagasse,0.9835,29.1297,27.74,BG
P37702,60.0,7.0,Bagasse,0.9835,29.1297,27.74,BG
P37702,60.0,8.0,Bagasse,0.9411,29.1297,27.74,BG
P37702,70.0,4.0,Bagasse,0.67,29.1297,27.74,BG
P37702,70.0,5.0,Bagasse,0.8223,29.1297,27.74,BG
P37702,70.0,6.0,Bagasse,0.8937,29.1297,27.74,BG
P37702,70.0,7.0,Bagasse,0.8937,29.1297,27.74,BG
P37702,70.0,8.0,Bagasse,0.8223,29.1297,27.74,BG
Q9SR37,30.0,4.0,Cellulose,0.0523,1.7515,27.96,BG
Q9SR37,30.0,5.0,Cellulose,0.1476,1.7515,27.96,BG
Q9SR37,30.0,6.0,Cellulose,0.256,1.7515,27.96,BG
Q9SR37,30.0,7.0,Cellulose,0.3311,1.7515,27.96,BG
Q9SR37,30.0,8.0,Cellulose,0.3496,1.7515,27.96,BG
Q9SR37,40.0,4.0,Cellulose,0.132,1.7515,27.96,BG
Q9SR37,40.0,5.0,Cellulose,0.289,1.7515,27.96,BG
Q9SR37,40.0,6.0,Cellulose,0.4342,1.7515,27.96,BG
Q9SR37,40.0,7.0,Cellulose,0.526,1.7515,27.96,BG
Q9SR37,40.0,8.0,Cellulose,0.5479,1.7515,27.96,BG
Q9SR37,50.0,4.0,Cellulose,0.1869,1.7515,27.96,BG
Q9SR37,50.0,5.0,Cellulose,0.3698,1.7515,27.96,BG
Q9SR37,50.0,6.0,Cellulose,0.528,1.7515,27.96,BG
Q9SR37,50.0,7.0,Cellulose,0.6249,1.7515,27.96,BG
Q9SR37,50.0,8.0,Cellulose,0.6477,1.7515,27.96,BG
Q9SR37,60.0,4.0,Cellulose,0.1764,1.7515,27.96,BG
Q9SR37,60.0,5.0,Cellulose,0.3549,1.7515,27.96,BG
Q9SR37,60.0,6.0,Cellulose,0.5111,1.7515,27.96,BG
Q9SR37,60.0,7.0,Cellulose,0.6071,1.7515,27.96,BG
Q9SR37,60.0,8.0,Cellulose,0.6298,1.7515,27.96,BG
Q9SR37,70.0,4.0,Cellulose,0.1076,1.7515,27.96,BG
Q9SR37,70.0,5.0,Cellulose,0.2499,1.7515,27.96,BG
Q9SR37,70.0,6.0,Cellulose,0.3872,1.7515,27.96,BG
Q9SR37,70.0,7.0,Cellulose,0.4756,1.7515,27.96,BG
Q9SR37,70.0,8.0,Cellulose,0.4969,1.7515,27.96,BG
Q9SR37,30.0,4.0,Xylan,0.0065,1.7515,27.96,BG
Q9SR37,30.0,5.0,Xylan,0.0257,1.7515,27.96,BG
Q9SR37,30.0,6.0,Xylan,0.0607,1.7515,27.96,BG
Q9SR37,30.0,7.0,Xylan,0.0932,1.7515,27.96,BG
Q9SR37,30.0,8.0,Xylan,0.1023,1.7515,27.96,BG
Q9SR37,40.0,4.0,Xylan,0.0218,1.7515,27.96,BG
Q9SR37,40.0,5.0,Xylan,0.0742,1.7515,27.96,BG
Q9SR37,40.0,6.0,Xylan,0.148,1.7515,27.96,BG
Q9SR37,40.0,7.0,Xylan,0.2053,1.7515,27.96,BG
Q9SR37,40.0,8.0,Xylan,0.22,1.7515,27.96,BG
Q9SR37,50.0,4.0,Xylan,0.0367,1.7515,27.96,BG
Q9SR37,50.0,5.0,Xylan,0.1126,1.7515,27.96,BG
Q9SR37,50.0,6.0,Xylan,0.2066,1.7515,27.96,BG
Q9SR37,50.0,7.0,Xylan,0.2746,1.7515,27.96,BG
Q9SR37,50.0,8.0,Xylan,0.2917,1.7515,27.96,BG
Q9SR37,60.0,4.0,Xylan,0.0335,1.7515,27.96,BG
Q9SR37,60.0,5.0,Xylan,0.1049,1.7515,27.96,BG
Q9SR37,60.0,6.0,Xylan,0.1955,1.7515,27.96,BG
Q9SR37,60.0,7.0,Xylan,0.2616,1.7515,27.96,BG
Q9SR37,60.0,8.0,Xylan,0.2783,1.7515,27.96,BG
Q9SR37,70.0,4.0,Xylan,0.0163,1.7515,27.96,BG
Q9SR37,70.0,5.0,Xylan,0.0583,1.7515,27.96,BG
Q9SR37,70.0,6.0,Xylan,0.1217,1.7515,27.96,BG
Q9SR37,70.0,7.0,Xylan,0.1729,1.7515,27.96,BG
Q9SR37,70.0,8.0,Xylan,0.1864,1.7515,27.96,BG
Q9SR37,30.0,4.0,Bagasse,0.039,1.7515,27.96,BG
Q9SR37,30.0,5.0,Bagasse,0.1179,1.7515,27.96,BG
Q9SR37,30.0,6.0,Bagasse,0.2144,1.7515,27.96,BG
Q9SR37,30.0,7.0,Bagasse,0.2836,1.7515,27.96,BG
Q9SR37,30.0,8.0,Bagasse,0.301,1.7515,27.96,BG
Q9SR37,40.0,4.0,Bagasse,0.1045,1.7515,27.96,BG
Q9SR37,40.0,5.0,Bagasse,0.2446,1.7515,27.96,BG
Q9SR37,40.0,6.0,Bagasse,0.3808,1.7515,27.96,BG
Q9SR37,40.0,7.0,Bagasse,0.4686,1.7515,27.96,BG
Q9SR37,40.0,8.0,Bagasse,0.4898,1.7515,27.96,BG
Q9SR37,50.0,4.0,Bagasse,0.1523,1.7515,27.96,BG
Q9SR37,50.0,5.0,Bagasse,0.3199,1.7515,27.96,BG
Q9SR37,50.0,6.0,Bagasse,0.4706,1.7515,27.96,BG
Q9SR37,50.0,7.0,Bagasse,0.5646,1.7515,27.96,BG
Q9SR37,50.0,8.0,Bagasse,0.587,1.7515,27.96,BG
Q9SR37,60.0,4.0,Bagasse,0.143,1.7515,27.96,BG
Q9SR37,60.0,5.0,Bagasse,0.3059,1.7515,27.96,BG
Q9SR37,60.0,6.0,Bagasse,0.4542,1.7515,27.96,BG
Q9SR37,60.0,7.0,Bagasse,0.5473,1.7515,27.96,BG
Q9SR37,60.0,8.0,Bagasse,0.5695,1.7515,27.96,BG
Q9SR37,70.0,4.0,Bagasse,0.0839,1.7515,27.96,BG
Q9SR37,70.0,5.0,Bagasse,0.2089,1.7515,27.96,BG
Q9SR37,70.0,6.0,Bagasse,0.3363,1.7515,27.96,BG
Q9SR37,70.0,7.0,Bagasse,0.4203,1.7515,27.96,BG
Q9SR37,70.0,8.0,Bagasse,0.4407,1.7515,27.96,BG
O64879,30.0,4.0,Cellulose,0.4269,13.1316,27.45,BG
O64879,30.0,5.0,Cellulose,0.5683,13.1316,27.45,BG
O64879,30.0,6.0,Cellulose,0.6432,13.1316,27.45,BG
O64879,30.0,7.0,Cellulose,0.6432,13.1316,27.45,BG
O64879,30.0,8.0,Cellulose,0.5683,13.1316,27.45,BG
O64879,40.0,4.0,Cellulose,0.6384,13.1316,27.45,BG
O64879,40.0,5.0,Cellulose,0.7911,13.1316,27.45,BG
O64879,40.0,6.0,Cellulose,0.865,13.1316,27.45,BG
O64879,40.0,7.0,Cellulose,0.865,13.1316,27.45,BG
O64879,40.0,8.0,Cellulose,0.7911,13.1316,27.45,BG
O64879,50.0,4.0,Cellulose,0.7435,13.1316,27.45,BG
O64879,50.0,5.0,Cellulose,0.8911,13.1316,27.45,BG
O64879,50.0,6.0,Cellulose,0.9516,13.1316,27.45,BG
O64879,50.0,7.0,Cellulose,0.9516,13.1316,27.45,BG
O64879,50.0,8.0,Cellulose,0.8911,13.1316,27.45,BG
O64879,60.0,4.0,Cellulose,0.7291,13.1316,27.45,BG
O64879,60.0,5.0,Cellulose,0.8782,13.1316,27.45,BG
O64879,60.0,6.0,Cellulose,0.9416,13.1316,27.45,BG
O64879,60.0,7.0,Cellulose,0.9416,13.1316,27.45,BG
O64879,60.0,8.0,Cellulose,0.8782,13.1316,27.45,BG
O64879,70.0,4.0,Cellulose,0.5961,13.1316,27.45,BG
O64879,70.0,5.0,Cellulose,0.7483,13.1316,27.45,BG
O64879,70.0,6.0,Cellulose,0.824,13.1316,27.45,BG
O64879,70.0,7.0,Cellulose,0.824,13.1316,27.45,BG
O64879,70.0,8.0,Cellulose,0.7483,13.1316,27.45,BG
O64879,30.0,4.0,Xylan,0.1464,13.1316,27.45,BG
O64879,30.0,5.0,Xylan,0.2368,13.1316,27.45,BG
O64879,30.0,6.0,Xylan,0.291,13.1316,27.45,BG
O64879,30.0,7.0,Xylan,0.291,13.1316,27.45,BG
O64879,30.0,8.0,Xylan,0.2368,13.1316,27.45,BG
O64879,40.0,4.0,Xylan,0.2875,13.1316,27.45,BG
O64879,40.0,5.0,Xylan,0.4107,13.1316,27.45,BG
O64879,40.0,6.0,Xylan,0.4788,13.1316,27.45,BG
O64879,40.0,7.0,Xylan,0.4788,13.1316,27.45,BG
O64879,40.0,8.0,Xylan,0.4107,13.1316,27.45,BG
O64879,50.0,4.0,Xylan,0.3701,13.1316,27.45,BG
O64879,50.0,5.0,Xylan,0.5053,13.1316,27.45,BG
O64879,50.0,6.0,Xylan,0.578,13.1316,27.45,BG
O64879,50.0,7.0,Xylan,0.578,13.1316,27.45,BG
O64879,50.0,8.0,Xylan,0.5053,13.1316,27.45,BG
O64879,60.0,4.0,Xylan,0.3583,13.1316,27.45,BG
O64879,60.0,5.0,Xylan,0.492,13.1316,27.45,BG
O64879,60.0,6.0,Xylan,0.5642,13.1316,27.45,BG
O64879,60.0,7.0,Xylan,0.5642,13.1316,27.45,BG
O64879,60.0,8.0,Xylan,0.492,13.1316,27.45,BG
O64879,70.0,4.0,Xylan,0.2565,13.1316,27.45,BG
O64879,70.0,5.0,Xylan,0.3741,13.1316,27.45,BG
O64879,70.0,6.0,Xylan,0.44,13.1316,27.45,BG
O64879,70.0,7.0,Xylan,0.44,13.1316,27.45,BG
O64879,70.0,8.0,Xylan,0.3741,13.1316,27.45,BG
O64879,30.0,4.0,Bagasse,0.3743,13.1316,27.45,BG
O64879,30.0,5.0,Bagasse,0.51,13.1316,27.45,BG
O64879,30.0,6.0,Bagasse,0.5829,13.1316,27.45,BG
O64879,30.0,7.0,Bagasse,0.5829,13.1316,27.45,BG
O64879,30.0,8.0,Bagasse,0.51,13.1316,27.45,BG
O64879,40.0,4.0,Bagasse,0.5783,13.1316,27.45,BG
O64879,40.0,5.0,Bagasse,0.7299,13.1316,27.45,BG
O64879,40.0,6.0,Bagasse,0.806,13.1316,27.45,BG
O64879,40.0,7.0,Bagasse,0.806,13.1316,27.45,BG
O64879,40.0,8.0,Bagasse,0.7299,13.1316,27.45,BG
O64879,50.0,4.0,Bagasse,0.682,13.1316,27.45,BG
O64879,50.0,5.0,Bagasse,0.834,13.1316,27.45,BG
O64879,50.0,6.0,Bagasse,0.9043,13.1316,27.45,BG
O64879,50.0,7.0,Bagasse,0.9043,13.1316,27.45,BG
O64879,50.0,8.0,Bagasse,0.834,13.1316,27.45,BG
O64879,60.0,4.0,Bagasse,0.6677,13.1316,27.45,BG
O64879,60.0,5.0,Bagasse,0.8201,13.1316,27.45,BG
O64879,60.0,6.0,Bagasse,0.8918,13.1316,27.45,BG
O64879,60.0,7.0,Bagasse,0.8918,13.1316,27.45,BG
O64879,60.0,8.0,Bagasse,0.8201,13.1316,27.45,BG
O64879,70.0,4.0,Bagasse,0.537,13.1316,27.45,BG
O64879,70.0,5.0,Bagasse,0.6868,13.1316,27.45,BG
O64879,70.0,6.0,Bagasse,0.7634,13.1316,27.45,BG
O64879,70.0,7.0,Bagasse,0.7634,13.1316,27.45,BG
O64879,70.0,8.0,Bagasse,0.6868,13.1316,27.45,BG
Q8GRX1,30.0,4.0,Cellulose,0.5313,9.7858,27.11,BG
Q8GRX1,30.0,5.0,Cellulose,0.5822,9.7858,27.11,BG
Q8GRX1,30.0,6.0,Cellulose,0.5603,9.7858,27.11,BG
Q8GRX1,30.0,7.0,Cellulose,0.468,9.7858,27.11,BG
Q8GRX1,30.0,8.0,Cellulose,0.3207,9.7858,27.11,BG
Q8GRX1,40.0,4.0,Cellulose,0.7535,9.7858,27.11,BG
Q8GRX1,40.0,5.0,Cellulose,0.8064,9.7858,27.11,BG
Q8GRX1,40.0,6.0,Cellulose,0.7838,9.7858,27.11,BG
Q8GRX1,40.0,7.0,Cellulose,0.6849,9.7858,27.11,BG
Q8GRX1,40.0,8.0,Cellulose,0.5148,9.7858,27.11,BG
Q8GRX1,50.0,4.0,Cellulose,0.8583,9.7858,27.11,BG
Q8GRX1,50.0,5.0,Cellulose,0.9064,9.7858,27.11,BG
Q8GRX1,50.0,6.0,Cellulose,0.8863,9.7858,27.11,BG
Q8GRX1,50.0,7.0,Cellulose,0.7919,9.7858,27.11,BG
Q8GRX1,50.0,8.0,Cellulose,0.6175,9.7858,27.11,BG
Q8GRX1,60.0,4.0,Cellulose,0.847,9.7858,27.11,BG
Q8GRX1,60.0,5.0,Cellulose,0.8961,9.7858,27.11,BG
Q8GRX1,60.0,6.0,Cellulose,0.8756,9.7858,27.11,BG
Q8GRX1,60.0,7.0,Cellulose,0.7801,9.7858,27.11,BG
Q8GRX1,60.0,8.0,Cellulose,0.6058,9.7858,27.11,BG
Q8GRX1,70.0,4.0,Cellulose,0.7178,9.7858,27.11,BG
Q8GRX1,70.0,5.0,Cellulose,0.7711,9.7858,27.11,BG
Q8GRX1,70.0,6.0,Cellulose,0.7483,9.7858,27.11,BG
Q8GRX1,70.0,7.0,Cellulose,0.6494,9.7858,27.11,BG
Q8GRX1,70.0,8.0,Cellulose,0.4819,9.7858,27.11,BG
Q8GRX1,30.0,4.0,Xylan,0.2147,9.7858,27.11,BG
Q8GRX1,30.0,5.0,Xylan,0.2497,9.7858,27.11,BG
Q8GRX1,30.0,6.0,Xylan,0.2344,9.7858,27.11,BG
Q8GRX1,30.0,7.0,Xylan,0.174,9.7858,27.11,BG
Q8GRX1,30.0,8.0,Xylan,0.0926,9.7858,27.11,BG
Q8GRX1,40.0,4.0,Xylan,0.3812,9.7858,27.11,BG
Q8GRX1,40.0,5.0,Xylan,0.4266,9.7858,27.11,BG
Q8GRX1,40.0,6.0,Xylan,0.4069,9.7858,27.11,BG
Q8GRX1,40.0,7.0,Xylan,0.3259,9.7858,27.11,BG
Q8GRX1,40.0,8.0,Xylan,0.2038,9.7858,27.11,BG
Q8GRX1,50.0,4.0,Xylan,0.4745,9.7858,27.11,BG
Q8GRX1,50.0,5.0,Xylan,0.5237,9.7858,27.11,BG
Q8GRX1,50.0,6.0,Xylan,0.5024,9.7858,27.11,BG
Q8GRX1,50.0,7.0,Xylan,0.4138,9.7858,27.11,BG
Q8GRX1,50.0,8.0,Xylan,0.275,9.7858,27.11,BG
Q8GRX1,60.0,4.0,Xylan,0.4638,9.7858,27.11,BG
Q8GRX1,60.0,5.0,Xylan,0.5126,9.7858,27.11,BG
Q8GRX1,60.0,6.0,Xylan,0.4915,9.7858,27.11,BG
Q8GRX1,60.0,7.0,Xylan,0.4036,9.7858,27.11,BG
Q8GRX1,60.0,8.0,Xylan,0.2665,9.7858,27.11,BG
Q8GRX1,70.0,4.0,Xylan,0.3519,9.7858,27.11,BG
Q8GRX1,70.0,5.0,Xylan,0.396,9.7858,27.11,BG
Q8GRX1,70.0,6.0,Xylan,0.3768,9.7858,27.11,BG
Q8GRX1,70.0,7.0,Xylan,0.2987,9.7858,27.11,BG
Q8GRX1,70.0,8.0,Xylan,0.1826,9.7858,27.11,BG
Q8GRX1,30.0,4.0,Bagasse,0.4748,9.7858,27.11,BG
Q8GRX1,30.0,5.0,Bagasse,0.524,9.7858,27.11,BG
Q8GRX1,30.0,6.0,Bagasse,0.5027,9.7858,27.11,BG
Q8GRX1,30.0,7.0,Bagasse,0.4141,9.7858,27.11,BG
Q8GRX1,30.0,8.0,Bagasse,0.2752,9.7858,27.11,BG
Q8GRX1,40.0,4.0,Bagasse,0.6923,9.7858,27.11,BG
Q8GRX1,40.0,5.0,Bagasse,0.7457,9.7858,27.11,BG
Q8GRX1,40.0,6.0,Bagasse,0.7228,9.7858,27.11,BG
Q8GRX1,40.0,7.0,Bagasse,0.6243,9.7858,27.11,BG
Q8GRX1,40.0,8.0,Bagasse,0.4589,9.7858,27.11,BG
Q8GRX1,50.0,4.0,Bagasse,0.7992,9.7858,27.11,BG
Q8GRX1,50.0,5.0,Bagasse,0.8509,9.7858,27.11,BG
Q8GRX1,50.0,6.0,Bagasse,0.829,9.7858,27.11,BG
Q8GRX1,50.0,7.0,Bagasse,0.7309,9.7858,27.11,BG
Q8GRX1,50.0,8.0,Bagasse,0.5583,9.7858,27.11,BG
Q8GRX1,60.0,4.0,Bagasse,0.7874,9.7858,27.11,BG
Q8GRX1,60.0,5.0,Bagasse,0.8396,9.7858,27.11,BG
Q8GRX1,60.0,6.0,Bagasse,0.8174,9.7858,27.11,BG
Q8GRX1,60.0,7.0,Bagasse,0.719,9.7858,27.11,BG
Q8GRX1,60.0,8.0,Bagasse,0.5469,9.7858,27.11,BG
Q8GRX1,70.0,4.0,Bagasse,0.6568,9.7858,27.11,BG
Q8GRX1,70.0,5.0,Bagasse,0.7099,9.7858,27.11,BG
Q8GRX1,70.0,6.0,Bagasse,0.6871,9.7858,27.11,BG
Q8GRX1,70.0,7.0,Bagasse,0.5894,9.7858,27.11,BG
Q8GRX1,70.0,8.0,Bagasse,0.4273,9.7858,27.11,BG
O64883,30.0,4.0,Cellulose,0.5069,15.9039,28.53,BG
O64883,30.0,5.0,Cellulose,0.6398,15.9039,28.53,BG
O64883,30.0,6.0,Cellulose,0.7008,15.9039,28.53,BG
O64883,30.0,7.0,Cellulose,0.6855,15.9039,28.53,BG
O64883,30.0,8.0,Cellulose,0.5947,15.9039,28.53,BG
O64883,40.0,4.0,Cellulose,0.7194,15.9039,28.53,BG
O64883,40.0,5.0,Cellulose,0.8547,15.9039,28.53,BG
O64883,40.0,6.0,Cellulose,0.9095,15.9039,28.53,BG
O64883,40.0,7.0,Cellulose,0.8964,15.9039,28.53,BG
O64883,40.0,8.0,Cellulose,0.8106,15.9039,28.53,BG
O64883,50.0,4.0,Cellulose,0.8167,15.9039,28.53,BG
O64883,50.0,5.0,Cellulose,0.9384,15.9039,28.53,BG
O64883,50.0,6.0,Cellulose,0.9754,15.9039,28.53,BG
O64883,50.0,7.0,Cellulose,0.9678,15.9039,28.53,BG
O64883,50.0,8.0,Cellulose,0.9018,15.9039,28.53,BG
O64883,60.0,4.0,Cellulose,0.7956,15.9039,28.53,BG
O64883,60.0,5.0,Cellulose,0.922,15.9039,28.53,BG
O64883,60.0,6.0,Cellulose,0.9643,15.9039,28.53,BG
O64883,60.0,7.0,Cellulose,0.9551,15.9039,28.53,BG
O64883,60.0,8.0,Cellulose,0.8829,15.9039,28.53,BG
O64883,70.0,4.0,Cellulose,0.655,15.9039,28.53,BG
O64883,70.0,5.0,Cellulose,0.7923,15.9039,28.53,BG
O64883,70.0,6.0,Cellulose,0.8516,15.9039,28.53,BG
O64883,70.0,7.0,Cellulose,0.837,15.9039,28.53,BG
O64883,70.0,8.0,Cellulose,0.7467,15.9039,28.53,BG
O64883,30.0,4.0,Xylan,0.1951,15.9039,28.53,BG
O64883,30.0,5.0,Xylan,0.2881,15.9039,28.53,BG
O64883,30.0,6.0,Xylan,0.3352,15.9039,28.53,BG
O64883,30.0,7.0,Xylan,0.3231,15.9039,28.53,BG
O64883,30.0,8.0,Xylan,0.255,15.9039,28.53,BG
O64883,40.0,4.0,Xylan,0.3502,15.9039,28.53,BG
O64883,40.0,5.0,Xylan,0.4691,15.9039,28.53,BG
O64883,40.0,6.0,Xylan,0.5258,15.9039,28.53,BG
O64883,40.0,7.0,Xylan,0.5114,15.9039,28.53,BG
O64883,40.0,8.0,Xylan,0.428,15.9039,28.53,BG
O64883,50.0,4.0,Xylan,0.4335,15.9039,28.53,BG
O64883,50.0,5.0,Xylan,0.5609,15.9039,28.53,BG
O64883,50.0,6.0,Xylan,0.6205,15.9039,28.53,BG
O64883,50.0,7.0,Xylan,0.6055,15.9039,28.53,BG
O64883,50.0,8.0,Xylan,0.5173,15.9039,28.53,BG
O64883,60.0,4.0,Xylan,0.4146,15.9039,28.53,BG
O64883,60.0,5.0,Xylan,0.5403,15.9039,28.53,BG
O64883,60.0,6.0,Xylan,0.5994,15.9039,28.53,BG
O64883,60.0,7.0,Xylan,0.5845,15.9039,28.53,BG
O64883,60.0,8.0,Xylan,0.4972,15.9039,28.53,BG
O64883,70.0,4.0,Xylan,0.2996,15.9039,28.53,BG
O64883,70.0,5.0,Xylan,0.4117,15.9039,28.53,BG
O64883,70.0,6.0,Xylan,0.466,15.9039,28.53,BG
O64883,70.0,7.0,Xylan,0.4522,15.9039,28.53,BG
O64883,70.0,8.0,Xylan,0.3726,15.9039,28.53,BG
O64883,30.0,4.0,Bagasse,0.4507,15.9039,28.53,BG
O64883,30.0,5.0,Bagasse,0.5796,15.9039,28.53,BG
O64883,30.0,6.0,Bagasse,0.6396,15.9039,28.53,BG
O64883,30.0,7.0,Bagasse,0.6245,15.9039,28.53,BG
O64883,30.0,8.0,Bagasse,0.5356,15.9039,28.53,BG
O64883,40.0,4.0,Bagasse,0.6581,15.9039,28.53,BG
O64883,40.0,5.0,Bagasse,0.7954,15.9039,28.53,BG
O64883,40.0,6.0,Bagasse,0.8545,15.9039,28.53,BG
O64883,40.0,7.0,Bagasse,0.84,15.9039,28.53,BG
O64883,40.0,8.0,Bagasse,0.7498,15.9039,28.53,BG
O64883,50.0,4.0,Bagasse,0.756,15.9039,28.53,BG
O64883,50.0,5.0,Bagasse,0.8882,15.9039,28.53,BG
O64883,50.0,6.0,Bagasse,0.9383,15.9039,28.53,BG
O64883,50.0,7.0,Bagasse,0.9267,15.9039,28.53,BG
O64883,50.0,8.0,Bagasse,0.846,15.9039,28.53,BG
O64883,60.0,4.0,Bagasse,0.7345,15.9039,28.53,BG
O64883,60.0,5.0,Bagasse,0.8688,15.9039,28.53,BG
O64883,60.0,6.0,Bagasse,0.9218,15.9039,28.53,BG
O64883,60.0,7.0,Bagasse,0.9093,15.9039,28.53,BG
O64883,60.0,8.0,Bagasse,0.8253,15.9039,28.53,BG
O64883,70.0,4.0,Bagasse,0.5945,15.9039,28.53,BG
O64883,70.0,5.0,Bagasse,0.7312,15.9039,28.53,BG
O64883,70.0,6.0,Bagasse,0.7921,15.9039,28.53,BG
O64883,70.0,7.0,Bagasse,0.777,15.9039,28.53,BG
O64883,70.0,8.0,Bagasse,0.6853,15.9039,28.53,BG
Q3ECS3,30.0,4.0,Cellulose,0.5884,11.8511,27.1,BG
Q3ECS3,30.0,5.0,Cellulose,0.6106,11.8511,27.1,BG
Q3ECS3,30.0,6.0,Cellulose,0.5591,11.8511,27.1,BG
Q3ECS3,30.0,7.0,Cellulose,0.44,11.8511,27.1,BG
Q3ECS3,30.0,8.0,Cellulose,0.2751,11.8511,27.1,BG
Q3ECS3,40.0,4.0,Cellulose,0.8123,11.8511,27.1,BG
Q3ECS3,40.0,5.0,Cellulose,0.8345,11.8511,27.1,BG
Q3ECS3,40.0,6.0,Cellulose,0.7823,11.8511,27.1,BG
Q3ECS3,40.0,7.0,Cellulose,0.6532,11.8511,27.1,BG
Q3ECS3,40.0,8.0,Cellulose,0.4582,11.8511,27.1,BG
Q3ECS3,50.0,4.0,Cellulose,0.9113,11.8511,27.1,BG
Q3ECS3,50.0,5.0,Cellulose,0.9298,11.8511,27.1,BG
Q3ECS3,50.0,6.0,Cellulose,0.8848,11.8511,27.1,BG
Q3ECS3,50.0,7.0,Cellulose,0.76,11.8511,27.1,BG
Q3ECS3,50.0,8.0,Cellulose,0.5573,11.8511,27.1,BG
Q3ECS3,60.0,4.0,Cellulose,0.9012,11.8511,27.1,BG
Q3ECS3,60.0,5.0,Cellulose,0.9204,11.8511,27.1,BG
Q3ECS3,60.0,6.0,Cellulose,0.874,11.8511,27.1,BG
Q3ECS3,60.0,7.0,Cellulose,0.7481,11.8511,27.1,BG
Q3ECS3,60.0,8.0,Cellulose,0.5459,11.8511,27.1,BG
Q3ECS3,70.0,4.0,Cellulose,0.7771,11.8511,27.1,BG
Q3ECS3,70.0,5.0,Cellulose,0.7997,11.8511,27.1,BG
Q3ECS3,70.0,6.0,Cellulose,0.7467,11.8511,27.1,BG
Q3ECS3,70.0,7.0,Cellulose,0.618,11.8511,27.1,BG
Q3ECS3,70.0,8.0,Cellulose,0.4267,11.8511,27.1,BG
Q3ECS3,30.0,4.0,Xylan,0.2548,11.8511,27.1,BG
Q3ECS3,30.0,5.0,Xylan,0.2708,11.8511,27.1,BG
Q3ECS3,30.0,6.0,Xylan,0.2343,11.8511,27.1,BG
Q3ECS3,30.0,7.0,Xylan,0.1577,11.8511,27.1,BG
Q3ECS3,30.0,8.0,Xylan,0.0724,11.8511,27.1,BG
Q3ECS3,40.0,4.0,Xylan,0.4325,11.8511,27.1,BG
Q3ECS3,40.0,5.0,Xylan,0.4527,11.8511,27.1,BG
Q3ECS3,40.0,6.0,Xylan,0.4062,11.8511,27.1,BG
Q3ECS3,40.0,7.0,Xylan,0.3023,11.8511,27.1,BG
Q3ECS3,40.0,8.0,Xylan,0.1687,11.8511,27.1,BG
Q3ECS3,50.0,4.0,Xylan,0.5298,11.8511,27.1,BG
Q3ECS3,50.0,5.0,Xylan,0.5514,11.8511,27.1,BG
Q3ECS3,50.0,6.0,Xylan,0.5014,11.8511,27.1,BG
Q3ECS3,50.0,7.0,Xylan,0.3873,11.8511,27.1,BG
Q3ECS3,50.0,8.0,Xylan,0.2331,11.8511,27.1,BG
Q3ECS3,60.0,4.0,Xylan,0.5187,11.8511,27.1,BG
Q3ECS3,60.0,5.0,Xylan,0.5401,11.8511,27.1,BG
Q3ECS3,60.0,6.0,Xylan,0.4905,11.8511,27.1,BG
Q3ECS3,60.0,7.0,Xylan,0.3774,11.8511,27.1,BG
Q3ECS3,60.0,8.0,Xylan,0.2253,11.8511,27.1,BG
Q3ECS3,70.0,4.0,Xylan,0.4017,11.8511,27.1,BG
Q3ECS3,70.0,5.0,Xylan,0.4213,11.8511,27.1,BG
Q3ECS3,70.0,6.0,Xylan,0.3762,11.8511,27.1,BG
Q3ECS3,70.0,7.0,Xylan,0.2762,11.8511,27.1,BG
Q3ECS3,70.0,8.0,Xylan,0.1498,11.8511,27.1,BG
Q3ECS3,30.0,4.0,Bagasse,0.53,11.8511,27.1,BG
Q3ECS3,30.0,5.0,Bagasse,0.5516,11.8511,27.1,BG
Q3ECS3,30.0,6.0,Bagasse,0.5017,11.8511,27.1,BG
Q3ECS3,30.0,7.0,Bagasse,0.3875,11.8511,27.1,BG
Q3ECS3,30.0,8.0,Bagasse,0.2332,11.8511,27.1,BG
Q3ECS3,40.0,4.0,Bagasse,0.7517,11.8511,27.1,BG
Q3ECS3,40.0,5.0,Bagasse,0.7745,11.8511,27.1,BG
Q3ECS3,40.0,6.0,Bagasse,0.7213,11.8511,27.1,BG
Q3ECS3,40.0,7.0,Bagasse,0.5933,11.8511,27.1,BG
Q3ECS3,40.0,8.0,Bagasse,0.4048,11.8511,27.1,BG
Q3ECS3,50.0,4.0,Bagasse,0.8565,11.8511,27.1,BG
Q3ECS3,50.0,5.0,Bagasse,0.8777,11.8511,27.1,BG
Q3ECS3,50.0,6.0,Bagasse,0.8274,11.8511,27.1,BG
Q3ECS3,50.0,7.0,Bagasse,0.6989,11.8511,27.1,BG
Q3ECS3,50.0,8.0,Bagasse,0.4999,11.8511,27.1,BG
Q3ECS3,60.0,4.0,Bagasse,0.8453,11.8511,27.1,BG
Q3ECS3,60.0,5.0,Bagasse,0.8668,11.8511,27.1,BG
Q3ECS3,60.0,6.0,Bagasse,0.8158,11.8511,27.1,BG
Q3ECS3,60.0,7.0,Bagasse,0.6871,11.8511,27.1,BG
Q3ECS3,60.0,8.0,Bagasse,0.489,11.8511,27.1,BG
Q3ECS3,70.0,4.0,Bagasse,0.7161,11.8511,27.1,BG
Q3ECS3,70.0,5.0,Bagasse,0.7389,11.8511,27.1,BG
Q3ECS3,70.0,6.0,Bagasse,0.6856,11.8511,27.1,BG
Q3ECS3,70.0,7.0,Bagasse,0.5589,11.8511,27.1,BG
Q3ECS3,70.0,8.0,Bagasse,0.3748,11.8511,27.1,BG
Q75I94,30.0,4.0,Cellulose,0.2082,5.4274,26.99,BG
Q75I94,30.0,5.0,Cellulose,0.3524,5.4274,26.99,BG
Q75I94,30.0,6.0,Cellulose,0.4578,5.4274,26.99,BG
Q75I94,30.0,7.0,Cellulose,0.4999,5.4274,26.99,BG
Q75I94,30.0,8.0,Cellulose,0.4717,5.4274,26.99,BG
Q75I94,40.0,4.0,Cellulose,0.3767,5.4274,26.99,BG
Q75I94,40.0,5.0,Cellulose,0.5566,5.4274,26.99,BG
Q75I94,40.0,6.0,Cellulose,0.677,5.4274,26.99,BG
Q75I94,40.0,7.0,Cellulose,0.7231,5.4274,26.99,BG
Q75I94,40.0,8.0,Cellulose,0.6924,5.4274,26.99,BG
Q75I94,50.0,4.0,Cellulose,0.4721,5.4274,26.99,BG
Q75I94,50.0,5.0,Cellulose,0.6634,5.4274,26.99,BG
Q75I94,50.0,6.0,Cellulose,0.786,5.4274,26.99,BG
Q75I94,50.0,7.0,Cellulose,0.8311,5.4274,26.99,BG
Q75I94,50.0,8.0,Cellulose,0.8012,5.4274,26.99,BG
Q75I94,60.0,4.0,Cellulose,0.4623,5.4274,26.99,BG
Q75I94,60.0,5.0,Cellulose,0.6527,5.4274,26.99,BG
Q75I94,60.0,6.0,Cellulose,0.7753,5.4274,26.99,BG
Q75I94,60.0,7.0,Cellulose,0.8207,5.4274,26.99,BG
Q75I94,60.0,8.0,Cellulose,0.7905,5.4274,26.99,BG
Q75I94,70.0,4.0,Cellulose,0.3501,5.4274,26.99,BG
Q75I94,70.0,5.0,Cellulose,0.5259,5.4274,26.99,BG
Q75I94,70.0,6.0,Cellulose,0.6449,5.4274,26.99,BG
Q75I94,70.0,7.0,Cellulose,0.6907,5.4274,26.99,BG
Q75I94,70.0,8.0,Cellulose,0.6601,5.4274,26.99,BG
Q75I94,30.0,4.0,Xylan,0.0443,5.4274,26.99,BG
Q75I94,30.0,5.0,Xylan,0.1054,5.4274,26.99,BG
Q75I94,30.0,6.0,Xylan,0.1641,5.4274,26.99,BG
Q75I94,30.0,7.0,Xylan,0.1904,5.4274,26.99,BG
Q75I94,30.0,8.0,Xylan,0.1726,5.4274,26.99,BG
Q75I94,40.0,4.0,Xylan,0.118,5.4274,26.99,BG
Q75I94,40.0,5.0,Xylan,0.2281,5.4274,26.99,BG
Q75I94,40.0,6.0,Xylan,0.3162,5.4274,26.99,BG
Q75I94,40.0,7.0,Xylan,0.3527,5.4274,26.99,BG
Q75I94,40.0,8.0,Xylan,0.3281,5.4274,26.99,BG
Q75I94,50.0,4.0,Xylan,0.1729,5.4274,26.99,BG
Q75I94,50.0,5.0,Xylan,0.3057,5.4274,26.99,BG
Q75I94,50.0,6.0,Xylan,0.4054,5.4274,26.99,BG
Q75I94,50.0,7.0,Xylan,0.4458,5.4274,26.99,BG
Q75I94,50.0,8.0,Xylan,0.4187,5.4274,26.99,BG
Q75I94,60.0,4.0,Xylan,0.1669,5.4274,26.99,BG
Q75I94,60.0,5.0,Xylan,0.2975,5.4274,26.99,BG
Q75I94,60.0,6.0,Xylan,0.3962,5.4274,26.99,BG
Q75I94,60.0,7.0,Xylan,0.4362,5.4274,26.99,BG
Q75I94,60.0,8.0,Xylan,0.4094,5.4274,26.99,BG
Q75I94,70.0,4.0,Xylan,0.1042,5.4274,26.99,BG
Q75I94,70.0,5.0,Xylan,0.2073,5.4274,26.99,BG
Q75I94,70.0,6.0,Xylan,0.2916,5.4274,26.99,BG
Q75I94,70.0,7.0,Xylan,0.3268,5.4274,26.99,BG
Q75I94,70.0,8.0,Xylan,0.3031,5.4274,26.99,BG
Q75I94,30.0,4.0,Bagasse,0.1717,5.4274,26.99,BG
Q75I94,30.0,5.0,Bagasse,0.304,5.4274,26.99,BG
Q75I94,30.0,6.0,Bagasse,0.4036,5.4274,26.99,BG
Q75I94,30.0,7.0,Bagasse,0.4439,5.4274,26.99,BG
Q75I94,30.0,8.0,Bagasse,0.4168,5.4274,26.99,BG
Q75I94,40.0,4.0,Bagasse,0.3268,5.4274,26.99,BG
Q75I94,40.0,5.0,Bagasse,0.4986,5.4274,26.99,BG
Q75I94,40.0,6.0,Bagasse,0.616,5.4274,26.99,BG
Q75I94,40.0,7.0,Bagasse,0.6616,5.4274,26.99,BG
Q75I94,40.0,8.0,Bagasse,0.6311,5.4274,26.99,BG
Q75I94,50.0,4.0,Bagasse,0.4173,5.4274,26.99,BG
Q75I94,50.0,5.0,Bagasse,0.6026,5.4274,26.99,BG
Q75I94,50.0,6.0,Bagasse,0.7246,5.4274,26.99,BG
Q75I94,50.0,7.0,Bagasse,0.7706,5.4274,26.99,BG
Q75I94,50.0,8.0,Bagasse,0.7399,5.4274,26.99,BG
Q75I94,60.0,4.0,Bagasse,0.4079,5.4274,26.99,BG
Q75I94,60.0,5.0,Bagasse,0.5921,5.4274,26.99,BG
Q75I94,60.0,6.0,Bagasse,0.7138,5.4274,26.99,BG
Q75I94,60.0,7.0,Bagasse,0.7598,5.4274,26.99,BG
Q75I94,60.0,8.0,Bagasse,0.7291,5.4274,26.99,BG
Q75I94,70.0,4.0,Bagasse,0.3019,5.4274,26.99,BG
Q75I94,70.0,5.0,Bagasse,0.4689,5.4274,26.99,BG
Q75I94,70.0,6.0,Bagasse,0.5844,5.4274,26.99,BG
Q75I94,70.0,7.0,Bagasse,0.6295,5.4274,26.99,BG
Q75I94,70.0,8.0,Bagasse,0.5994,5.4274,26.99,BG
Q7XSK0,30.0,4.0,Cellulose,0.5292,7.2613,27.55,BG
Q7XSK0,30.0,5.0,Cellulose,0.5221,7.2613,27.55,BG
Q7XSK0,30.0,6.0,Cellulose,0.4459,7.2613,27.55,BG
Q7XSK0,30.0,7.0,Cellulose,0.314,7.2613,27.55,BG
Q7XSK0,30.0,8.0,Cellulose,0.1608,7.2613,27.55,BG
Q7XSK0,40.0,4.0,Cellulose,0.7481,7.2613,27.55,BG
Q7XSK0,40.0,5.0,Cellulose,0.7405,7.2613,27.55,BG
Q7XSK0,40.0,6.0,Cellulose,0.6571,7.2613,27.55,BG
Q7XSK0,40.0,7.0,Cellulose,0.5035,7.2613,27.55,BG
Q7XSK0,40.0,8.0,Cellulose,0.3047,7.2613,27.55,BG
Q7XSK0,50.0,4.0,Cellulose,0.8507,7.2613,27.55,BG
Q7XSK0,50.0,5.0,Cellulose,0.8434,7.2613,27.55,BG
Q7XSK0,50.0,6.0,Cellulose,0.7614,7.2613,27.55,BG
Q7XSK0,50.0,7.0,Cellulose,0.6029,7.2613,27.55,BG
Q7XSK0,50.0,8.0,Cellulose,0.3878,7.2613,27.55,BG
Q7XSK0,60.0,4.0,Cellulose,0.8371,7.2613,27.55,BG
Q7XSK0,60.0,5.0,Cellulose,0.8297,7.2613,27.55,BG
Q7XSK0,60.0,6.0,Cellulose,0.7472,7.2613,27.55,BG
Q7XSK0,60.0,7.0,Cellulose,0.5891,7.2613,27.55,BG
Q7XSK0,60.0,8.0,Cellulose,0.3759,7.2613,27.55,BG
Q7XSK0,70.0,4.0,Cellulose,0.7054,7.2613,27.55,BG
Q7XSK0,70.0,5.0,Cellulose,0.6978,7.2613,27.55,BG
Q7XSK0,70.0,6.0,Cellulose,0.615,7.2613,27.55,BG
Q7XSK0,70.0,7.0,Cellulose,0.4645,7.2613,27.55,BG
Q7XSK0,70.0,8.0,Cellulose,0.2734,7.2613,27.55,BG
Q7XSK0,30.0,4.0,Xylan,0.2145,7.2613,27.55,BG
Q7XSK0,30.0,5.0,Xylan,0.2098,7.2613,27.55,BG
Q7XSK0,30.0,6.0,Xylan,0.1616,7.2613,27.55,BG
Q7XSK0,30.0,7.0,Xylan,0.0903,7.2613,27.55,BG
Q7XSK0,30.0,8.0,Xylan,0.031,7.2613,27.55,BG
Q7XSK0,40.0,4.0,Xylan,0.3779,7.2613,27.55,BG
Q7XSK0,40.0,5.0,Xylan,0.3716,7.2613,27.55,BG
Q7XSK0,40.0,6.0,Xylan,0.3058,7.2613,27.55,BG
Q7XSK0,40.0,7.0,Xylan,0.1976,7.2613,27.55,BG
Q7XSK0,40.0,8.0,Xylan,0.0859,7.2613,27.55,BG
Q7XSK0,50.0,4.0,Xylan,0.4684,7.2613,27.55,BG
Q7XSK0,50.0,5.0,Xylan,0.4616,7.2613,27.55,BG
Q7XSK0,50.0,6.0,Xylan,0.389,7.2613,27.55,BG
Q7XSK0,50.0,7.0,Xylan,0.2657,7.2613,27.55,BG
Q7XSK0,50.0,8.0,Xylan,0.1282,7.2613,27.55,BG
Q7XSK0,60.0,4.0,Xylan,0.4556,7.2613,27.55,BG
Q7XSK0,60.0,5.0,Xylan,0.4489,7.2613,27.55,BG
Q7XSK0,60.0,6.0,Xylan,0.3771,7.2613,27.55,BG
Q7XSK0,60.0,7.0,Xylan,0.2558,7.2613,27.55,BG
Q7XSK0,60.0,8.0,Xylan,0.1217,7.2613,27.55,BG
Q7XSK0,70.0,4.0,Xylan,0.3432,7.2613,27.55,BG
Q7XSK0,70.0,5.0,Xylan,0.3372,7.2613,27.55,BG
Q7XSK0,70.0,6.0,Xylan,0.2744,7.2613,27.55,BG
Q7XSK0,70.0,7.0,Xylan,0.173,7.2613,27.55,BG
Q7XSK0,70.0,8.0,Xylan,0.0719,7.2613,27.55,BG
Q7XSK0,30.0,4.0,Bagasse,0.4729,7.2613,27.55,BG
Q7XSK0,30.0,5.0,Bagasse,0.4661,7.2613,27.55,BG
Q7XSK0,30.0,6.0,Bagasse,0.3932,7.2613,27.55,BG
Q7XSK0,30.0,7.0,Bagasse,0.2692,7.2613,27.55,BG
Q7XSK0,30.0,8.0,Bagasse,0.1305,7.2613,27.55,BG
Q7XSK0,40.0,4.0,Bagasse,0.6872,7.2613,27.55,BG
Q7XSK0,40.0,5.0,Bagasse,0.6796,7.2613,27.55,BG
Q7XSK0,40.0,6.0,Bagasse,0.5972,7.2613,27.55,BG
Q7XSK0,40.0,7.0,Bagasse,0.4483,7.2613,27.55,BG
Q7XSK0,40.0,8.0,Bagasse,0.2605,7.2613,27.55,BG
Q7XSK0,50.0,4.0,Bagasse,0.7914,7.2613,27.55,BG
Q7XSK0,50.0,5.0,Bagasse,0.7839,7.2613,27.55,BG
Q7XSK0,50.0,6.0,Bagasse,0.7004,7.2613,27.55,BG
Q7XSK0,50.0,7.0,Bagasse,0.5443,7.2613,27.55,BG
Q7XSK0,50.0,8.0,Bagasse,0.3382,7.2613,27.55,BG
Q7XSK0,60.0,4.0,Bagasse,0.7773,7.2613,27.55,BG
Q7XSK0,60.0,5.0,Bagasse,0.7697,7.2613,27.55,BG
Q7XSK0,60.0,6.0,Bagasse,0.6862,7.2613,27.55,BG
Q7XSK0,60.0,7.0,Bagasse,0.5308,7.2613,27.55,BG
Q7XSK0,60.0,8.0,Bagasse,0.327,7.2613,27.55,BG
Q7XSK0,70.0,4.0,Bagasse,0.6447,7.2613,27.55,BG
Q7XSK0,70.0,5.0,Bagasse,0.6372,7.2613,27.55,BG
Q7XSK0,70.0,6.0,Bagasse,0.556,7.2613,27.55,BG
Q7XSK0,70.0,7.0,Bagasse,0.411,7.2613,27.55,BG
Q7XSK0,70.0,8.0,Bagasse,0.2317,7.2613,27.55,BG
Q7XSK2,30.0,4.0,Cellulose,0.3276,5.5596,27.22,BG
Q7XSK2,30.0,5.0,Cellulose,0.443,5.5596,27.22,BG
Q7XSK2,30.0,6.0,Cellulose,0.4986,5.5596,27.22,BG
Q7XSK2,30.0,7.0,Cellulose,0.4845,5.5596,27.22,BG
Q7XSK2,30.0,8.0,Cellulose,0.403,5.5596,27.22,BG
Q7XSK2,40.0,4.0,Cellulose,0.5249,5.5596,27.22,BG
Q7XSK2,40.0,5.0,Cellulose,0.6586,5.5596,27.22,BG
Q7XSK2,40.0,6.0,Cellulose,0.7197,5.5596,27.22,BG
Q7XSK2,40.0,7.0,Cellulose,0.7044,5.5596,27.22,BG
Q7XSK2,40.0,8.0,Cellulose,0.6132,5.5596,27.22,BG
Q7XSK2,50.0,4.0,Cellulose,0.6287,5.5596,27.22,BG
Q7XSK2,50.0,5.0,Cellulose,0.7661,5.5596,27.22,BG
Q7XSK2,50.0,6.0,Cellulose,0.8264,5.5596,27.22,BG
Q7XSK2,50.0,7.0,Cellulose,0.8115,5.5596,27.22,BG
Q7XSK2,50.0,8.0,Cellulose,0.7202,5.5596,27.22,BG
Q7XSK2,60.0,4.0,Cellulose,0.617,5.5596,27.22,BG
Q7XSK2,60.0,5.0,Cellulose,0.7541,5.5596,27.22,BG
Q7XSK2,60.0,6.0,Cellulose,0.8147,5.5596,27.22,BG
Q7XSK2,60.0,7.0,Cellulose,0.7997,5.5596,27.22,BG
Q7XSK2,60.0,8.0,Cellulose,0.7082,5.5596,27.22,BG
Q7XSK2,70.0,4.0,Cellulose,0.4915,5.5596,27.22,BG
Q7XSK2,70.0,5.0,Cellulose,0.6231,5.5596,27.22,BG
Q7XSK2,70.0,6.0,Cellulose,0.6838,5.5596,27.22,BG
Q7XSK2,70.0,7.0,Cellulose,0.6686,5.5596,27.22,BG
Q7XSK2,70.0,8.0,Cellulose,0.5783,5.5596,27.22,BG
Q7XSK2,30.0,4.0,Xylan,0.0941,5.5596,27.22,BG
Q7XSK2,30.0,5.0,Xylan,0.1565,5.5596,27.22,BG
Q7XSK2,30.0,6.0,Xylan,0.1908,5.5596,27.22,BG
Q7XSK2,30.0,7.0,Xylan,0.1818,5.5596,27.22,BG
Q7XSK2,30.0,8.0,Xylan,0.1334,5.5596,27.22,BG
Q7XSK2,40.0,4.0,Xylan,0.208,5.5596,27.22,BG
Q7XSK2,40.0,5.0,Xylan,0.3033,5.5596,27.22,BG
Q7XSK2,40.0,6.0,Xylan,0.3512,5.5596,27.22,BG
Q7XSK2,40.0,7.0,Xylan,0.3389,5.5596,27.22,BG
Q7XSK2,40.0,8.0,Xylan,0.2695,5.5596,27.22,BG
Q7XSK2,50.0,4.0,Xylan,0.2809,5.5596,27.22,BG
Q7XSK2,50.0,5.0,Xylan,0.3896,5.5596,27.22,BG
Q7XSK2,50.0,6.0,Xylan,0.4426,5.5596,27.22,BG
Q7XSK2,50.0,7.0,Xylan,0.4291,5.5596,27.22,BG
Q7XSK2,50.0,8.0,Xylan,0.3516,5.5596,27.22,BG
Q7XSK2,60.0,4.0,Xylan,0.2722,5.5596,27.22,BG
Q7XSK2,60.0,5.0,Xylan,0.3795,5.5596,27.22,BG
Q7XSK2,60.0,6.0,Xylan,0.4321,5.5596,27.22,BG
Q7XSK2,60.0,7.0,Xylan,0.4187,5.5596,27.22,BG
Q7XSK2,60.0,8.0,Xylan,0.342,5.5596,27.22,BG
Q7XSK2,70.0,4.0,Xylan,0.1863,5.5596,27.22,BG
Q7XSK2,70.0,5.0,Xylan,0.2767,5.5596,27.22,BG
Q7XSK2,70.0,6.0,Xylan,0.3227,5.5596,27.22,BG
Q7XSK2,70.0,7.0,Xylan,0.3109,5.5596,27.22,BG
Q7XSK2,70.0,8.0,Xylan,0.2445,5.5596,27.22,BG
Q7XSK2,30.0,4.0,Bagasse,0.2811,5.5596,27.22,BG
Q7XSK2,30.0,5.0,Bagasse,0.3898,5.5596,27.22,BG
Q7XSK2,30.0,6.0,Bagasse,0.4428,5.5596,27.22,BG
Q7XSK2,30.0,7.0,Bagasse,0.4293,5.5596,27.22,BG
Q7XSK2,30.0,8.0,Bagasse,0.3518,5.5596,27.22,BG
Q7XSK2,40.0,4.0,Bagasse,0.4682,5.5596,27.22,BG
Q7XSK2,40.0,5.0,Bagasse,0.5981,5.5596,27.22,BG
Q7XSK2,40.0,6.0,Bagasse,0.6584,5.5596,27.22,BG
Q7XSK2,40.0,7.0,Bagasse,0.6432,5.5596,27.22,BG
Q7XSK2,40.0,8.0,Bagasse,0.5537,5.5596,27.22,BG
Q7XSK2,50.0,4.0,Bagasse,0.5689,5.5596,27.22,BG
Q7XSK2,50.0,5.0,Bagasse,0.7046,5.5596,27.22,BG
Q7XSK2,50.0,6.0,Bagasse,0.7659,5.5596,27.22,BG
Q7XSK2,50.0,7.0,Bagasse,0.7506,5.5596,27.22,BG
Q7XSK2,50.0,8.0,Bagasse,0.6589,5.5596,27.22,BG
Q7XSK2,60.0,4.0,Bagasse,0.5574,5.5596,27.22,BG
Q7XSK2,60.0,5.0,Bagasse,0.6927,5.5596,27.22,BG
Q7XSK2,60.0,6.0,Bagasse,0.7539,5.5596,27.22,BG
Q7XSK2,60.0,7.0,Bagasse,0.7386,5.5596,27.22,BG
Q7XSK2,60.0,8.0,Bagasse,0.647,5.5596,27.22,BG
Q7XSK2,70.0,4.0,Bagasse,0.4361,5.5596,27.22,BG
Q7XSK2,70.0,5.0,Bagasse,0.5634,5.5596,27.22,BG
Q7XSK2,70.0,6.0,Bagasse,0.6229,5.5596,27.22,BG
Q7XSK2,70.0,7.0,Bagasse,0.6079,5.5596,27.22,BG
Q7XSK2,70.0,8.0,Bagasse,0.5198,5.5596,27.22,BG
Q7XKV4,30.0,4.0,Cellulose,0.1762,6.4753,27.78,BG
Q7XKV4,30.0,5.0,Cellulose,0.3354,6.4753,27.78,BG
Q7XKV4,30.0,6.0,Cellulose,0.4671,6.4753,27.78,BG
Q7XKV4,30.0,7.0,Cellulose,0.5386,6.4753,27.78,BG
Q7XKV4,30.0,8.0,Cellulose,0.5386,6.4753,27.78,BG
Q7XKV4,40.0,4.0,Cellulose,0.3297,6.4753,27.78,BG
Q7XKV4,40.0,5.0,Cellulose,0.5318,6.4753,27.78,BG
Q7XKV4,40.0,6.0,Cellulose,0.682,6.4753,27.78,BG
Q7XKV4,40.0,7.0,Cellulose,0.7589,6.4753,27.78,BG
Q7XKV4,40.0,8.0,Cellulose,0.7589,6.4753,27.78,BG
Q7XKV4,50.0,4.0,Cellulose,0.4157,6.4753,27.78,BG
Q7XKV4,50.0,5.0,Cellulose,0.6319,6.4753,27.78,BG
Q7XKV4,50.0,6.0,Cellulose,0.7851,6.4753,27.78,BG
Q7XKV4,50.0,7.0,Cellulose,0.8595,6.4753,27.78,BG
Q7XKV4,50.0,8.0,Cellulose,0.8595,6.4753,27.78,BG
Q7XKV4,60.0,4.0,Cellulose,0.4012,6.4753,27.78,BG
Q7XKV4,60.0,5.0,Cellulose,0.6153,6.4753,27.78,BG
Q7XKV4,60.0,6.0,Cellulose,0.7684,6.4753,27.78,BG
Q7XKV4,60.0,7.0,Cellulose,0.8436,6.4753,27.78,BG
Q7XKV4,60.0,8.0,Cellulose,0.8436,6.4753,27.78,BG
Q7XKV4,70.0,4.0,Cellulose,0.2908,6.4753,27.78,BG
Q7XKV4,70.0,5.0,Cellulose,0.4846,6.4753,27.78,BG
Q7XKV4,70.0,6.0,Cellulose,0.6319,6.4753,27.78,BG
Q7XKV4,70.0,7.0,Cellulose,0.7084,6.4753,27.78,BG
Q7XKV4,70.0,8.0,Cellulose,0.7084,6.4753,27.78,BG
Q7XKV4,30.0,4.0,Xylan,0.0337,6.4753,27.78,BG
Q7XKV4,30.0,5.0,Xylan,0.0959,6.4753,27.78,BG
Q7XKV4,30.0,6.0,Xylan,0.1684,6.4753,27.78,BG
Q7XKV4,30.0,7.0,Xylan,0.2144,6.4753,27.78,BG
Q7XKV4,30.0,8.0,Xylan,0.2144,6.4753,27.78,BG
Q7XKV4,40.0,4.0,Xylan,0.0931,6.4753,27.78,BG
Q7XKV4,40.0,5.0,Xylan,0.2098,6.4753,27.78,BG
Q7XKV4,40.0,6.0,Xylan,0.3188,6.4753,27.78,BG
Q7XKV4,40.0,7.0,Xylan,0.3812,6.4753,27.78,BG
Q7XKV4,40.0,8.0,Xylan,0.3812,6.4753,27.78,BG
Q7XKV4,50.0,4.0,Xylan,0.1381,6.4753,27.78,BG
Q7XKV4,50.0,5.0,Xylan,0.2805,6.4753,27.78,BG
Q7XKV4,50.0,6.0,Xylan,0.4037,6.4753,27.78,BG
Q7XKV4,50.0,7.0,Xylan,0.4719,6.4753,27.78,BG
Q7XKV4,50.0,8.0,Xylan,0.4719,6.4753,27.78,BG
Q7XKV4,60.0,4.0,Xylan,0.1299,6.4753,27.78,BG
Q7XKV4,60.0,5.0,Xylan,0.2683,6.4753,27.78,BG
Q7XKV4,60.0,6.0,Xylan,0.3893,6.4753,27.78,BG
Q7XKV4,60.0,7.0,Xylan,0.4567,6.4753,27.78,BG
Q7XKV4,60.0,8.0,Xylan,0.4567,6.4753,27.78,BG
Q7XKV4,70.0,4.0,Xylan,0.0754,6.4753,27.78,BG
Q7XKV4,70.0,5.0,Xylan,0.1793,6.4753,27.78,BG
Q7XKV4,70.0,6.0,Xylan,0.2805,6.4753,27.78,BG
Q7XKV4,70.0,7.0,Xylan,0.3397,6.4753,27.78,BG
Q7XKV4,70.0,8.0,Xylan,0.3397,6.4753,27.78,BG
Q7XKV4,30.0,4.0,Bagasse,0.143,6.4753,27.78,BG
Q7XKV4,30.0,5.0,Bagasse,0.2878,6.4753,27.78,BG
Q7XKV4,30.0,6.0,Bagasse,0.4122,6.4753,27.78,BG
Q7XKV4,30.0,7.0,Bagasse,0.4809,6.4753,27.78,BG
Q7XKV4,30.0,8.0,Bagasse,0.4809,6.4753,27.78,BG
Q7XKV4,40.0,4.0,Bagasse,0.2825,6.4753,27.78,BG
Q7XKV4,40.0,5.0,Bagasse,0.4743,6.4753,27.78,BG
Q7XKV4,40.0,6.0,Bagasse,0.6208,6.4753,27.78,BG
Q7XKV4,40.0,7.0,Bagasse,0.6972,6.4753,27.78,BG
Q7XKV4,40.0,8.0,Bagasse,0.6972,6.4753,27.78,BG
Q7XKV4,50.0,4.0,Bagasse,0.3633,6.4753,27.78,BG
Q7XKV4,50.0,5.0,Bagasse,0.5716,6.4753,27.78,BG
Q7XKV4,50.0,6.0,Bagasse,0.7236,6.4753,27.78,BG
Q7XKV4,50.0,7.0,Bagasse,0.8001,6.4753,27.78,BG
Q7XKV4,50.0,8.0,Bagasse,0.8001,6.4753,27.78,BG
Q7XKV4,60.0,4.0,Bagasse,0.3496,6.4753,27.78,BG
Q7XKV4,60.0,5.0,Bagasse,0.5554,6.4753,27.78,BG
Q7XKV4,60.0,6.0,Bagasse,0.7068,6.4753,27.78,BG
Q7XKV4,60.0,7.0,Bagasse,0.7835,6.4753,27.78,BG
Q7XKV4,60.0,8.0,Bagasse,0.7835,6.4753,27.78,BG
Q7XKV4,70.0,4.0,Bagasse,0.2465,6.4753,27.78,BG
Q7XKV4,70.0,5.0,Bagasse,0.429,6.4753,27.78,BG
Q7XKV4,70.0,6.0,Bagasse,0.5716,6.4753,27.78,BG
Q7XKV4,70.0,7.0,Bagasse,0.6469,6.4753,27.78,BG
Q7XKV4,70.0,8.0,Bagasse,0.6469,6.4753,27.78,BG
Q9C8Y9,30.0,4.0,Cellulose,0.4609,10.6499,27.91,BG
Q9C8Y9,30.0,5.0,Cellulose,0.5754,10.6499,27.91,BG
Q9C8Y9,30.0,6.0,Cellulose,0.6202,10.6499,27.91,BG
Q9C8Y9,30.0,7.0,Cellulose,0.5902,10.6499,27.91,BG
Q9C8Y9,30.0,8.0,Cellulose,0.4887,10.6499,27.91,BG
Q9C8Y9,40.0,4.0,Cellulose,0.6737,10.6499,27.91,BG
Q9C8Y9,40.0,5.0,Cellulose,0.7957,10.6499,27.91,BG
Q9C8Y9,40.0,6.0,Cellulose,0.8403,10.6499,27.91,BG
Q9C8Y9,40.0,7.0,Cellulose,0.8107,10.6499,27.91,BG
Q9C8Y9,40.0,8.0,Cellulose,0.7042,10.6499,27.91,BG
Q9C8Y9,50.0,4.0,Cellulose,0.7763,10.6499,27.91,BG
Q9C8Y9,50.0,5.0,Cellulose,0.8928,10.6499,27.91,BG
Q9C8Y9,50.0,6.0,Cellulose,0.9308,10.6499,27.91,BG
Q9C8Y9,50.0,7.0,Cellulose,0.906,10.6499,27.91,BG
Q9C8Y9,50.0,8.0,Cellulose,0.8065,10.6499,27.91,BG
Q9C8Y9,60.0,4.0,Cellulose,0.7596,10.6499,27.91,BG
Q9C8Y9,60.0,5.0,Cellulose,0.8778,10.6499,27.91,BG
Q9C8Y9,60.0,6.0,Cellulose,0.9176,10.6499,27.91,BG
Q9C8Y9,60.0,7.0,Cellulose,0.8915,10.6499,27.91,BG
Q9C8Y9,60.0,8.0,Cellulose,0.79,10.6499,27.91,BG
Q9C8Y9,70.0,4.0,Cellulose,0.6239,10.6499,27.91,BG
Q9C8Y9,70.0,5.0,Cellulose,0.7458,10.6499,27.91,BG
Q9C8Y9,70.0,6.0,Cellulose,0.7914,10.6499,27.91,BG
Q9C8Y9,70.0,7.0,Cellulose,0.7611,10.6499,27.91,BG
Q9C8Y9,70.0,8.0,Cellulose,0.6542,10.6499,27.91,BG
Q9C8Y9,30.0,4.0,Xylan,0.167,10.6499,27.91,BG
Q9C8Y9,30.0,5.0,Xylan,0.2423,10.6499,27.91,BG
Q9C8Y9,30.0,6.0,Xylan,0.2744,10.6499,27.91,BG
Q9C8Y9,30.0,7.0,Xylan,0.2528,10.6499,27.91,BG
Q9C8Y9,30.0,8.0,Xylan,0.1843,10.6499,27.91,BG
Q9C8Y9,40.0,4.0,Xylan,0.3147,10.6499,27.91,BG
Q9C8Y9,40.0,5.0,Xylan,0.4152,10.6499,27.91,BG
Q9C8Y9,40.0,6.0,Xylan,0.4557,10.6499,27.91,BG
Q9C8Y9,40.0,7.0,Xylan,0.4286,10.6499,27.91,BG
Q9C8Y9,40.0,8.0,Xylan,0.3387,10.6499,27.91,BG
Q9C8Y9,50.0,4.0,Xylan,0.3983,10.6499,27.91,BG
Q9C8Y9,50.0,5.0,Xylan,0.5078,10.6499,27.91,BG
Q9C8Y9,50.0,6.0,Xylan,0.5511,10.6499,27.91,BG
Q9C8Y9,50.0,7.0,Xylan,0.5221,10.6499,27.91,BG
Q9C8Y9,50.0,8.0,Xylan,0.4248,10.6499,27.91,BG
Q9C8Y9,60.0,4.0,Xylan,0.3842,10.6499,27.91,BG
Q9C8Y9,60.0,5.0,Xylan,0.4923,10.6499,27.91,BG
Q9C8Y9,60.0,6.0,Xylan,0.5352,10.6499,27.91,BG
Q9C8Y9,60.0,7.0,Xylan,0.5065,10.6499,27.91,BG
Q9C8Y9,60.0,8.0,Xylan,0.4102,10.6499,27.91,BG
Q9C8Y9,70.0,4.0,Xylan,0.2772,10.6499,27.91,BG
Q9C8Y9,70.0,5.0,Xylan,0.3726,10.6499,27.91,BG
Q9C8Y9,70.0,6.0,Xylan,0.4115,10.6499,27.91,BG
Q9C8Y9,70.0,7.0,Xylan,0.3854,10.6499,27.91,BG
Q9C8Y9,70.0,8.0,Xylan,0.2998,10.6499,27.91,BG
Q9C8Y9,30.0,4.0,Bagasse,0.4067,10.6499,27.91,BG
Q9C8Y9,30.0,5.0,Bagasse,0.517,10.6499,27.91,BG
Q9C8Y9,30.0,6.0,Bagasse,0.5605,10.6499,27.91,BG
Q9C8Y9,30.0,7.0,Bagasse,0.5314,10.6499,27.91,BG
Q9C8Y9,30.0,8.0,Bagasse,0.4334,10.6499,27.91,BG
Q9C8Y9,40.0,4.0,Bagasse,0.6129,10.6499,27.91,BG
Q9C8Y9,40.0,5.0,Bagasse,0.7346,10.6499,27.91,BG
Q9C8Y9,40.0,6.0,Bagasse,0.7804,10.6499,27.91,BG
Q9C8Y9,40.0,7.0,Bagasse,0.7499,10.6499,27.91,BG
Q9C8Y9,40.0,8.0,Bagasse,0.6431,10.6499,27.91,BG
Q9C8Y9,50.0,4.0,Bagasse,0.715,10.6499,27.91,BG
Q9C8Y9,50.0,5.0,Bagasse,0.836,10.6499,27.91,BG
Q9C8Y9,50.0,6.0,Bagasse,0.879,10.6499,27.91,BG
Q9C8Y9,50.0,7.0,Bagasse,0.8506,10.6499,27.91,BG
Q9C8Y9,50.0,8.0,Bagasse,0.7456,10.6499,27.91,BG
Q9C8Y9,60.0,4.0,Bagasse,0.6983,10.6499,27.91,BG
Q9C8Y9,60.0,5.0,Bagasse,0.8198,10.6499,27.91,BG
Q9C8Y9,60.0,6.0,Bagasse,0.8636,10.6499,27.91,BG
Q9C8Y9,60.0,7.0,Bagasse,0.8346,10.6499,27.91,BG
Q9C8Y9,60.0,8.0,Bagasse,0.7289,10.6499,27.91,BG
Q9C8Y9,70.0,4.0,Bagasse,0.5642,10.6499,27.91,BG
Q9C8Y9,70.0,5.0,Bagasse,0.6844,10.6499,27.91,BG
Q9C8Y9,70.0,6.0,Bagasse,0.7303,10.6499,27.91,BG
Q9C8Y9,70.0,7.0,Bagasse,0.6997,10.6499,27.91,BG
Q9C8Y9,70.0,8.0,Bagasse,0.5938,10.6499,27.91,BG
Q9FIW4,30.0,4.0,Cellulose,0.2761,7.3165,28.33,BG
Q9FIW4,30.0,5.0,Cellulose,0.4317,7.3165,28.33,BG
Q9FIW4,30.0,6.0,Cellulose,0.5374,7.3165,28.33,BG
Q9FIW4,30.0,7.0,Cellulose,0.5742,7.3165,28.33,BG
Q9FIW4,30.0,8.0,Cellulose,0.5374,7.3165,28.33,BG
Q9FIW4,40.0,4.0,Cellulose,0.4563,7.3165,28.33,BG
Q9FIW4,40.0,5.0,Cellulose,0.6388,7.3165,28.33,BG
Q9FIW4,40.0,6.0,Cellulose,0.7536,7.3165,28.33,BG
Q9FIW4,40.0,7.0,Cellulose,0.7917,7.3165,28.33,BG
Q9FIW4,40.0,8.0,Cellulose,0.7536,7.3165,28.33,BG
Q9FIW4,50.0,4.0,Cellulose,0.5489,7.3165,28.33,BG
Q9FIW4,50.0,5.0,Cellulose,0.7381,7.3165,28.33,BG
Q9FIW4,50.0,6.0,Cellulose,0.8509,7.3165,28.33,BG
Q9FIW4,50.0,7.0,Cellulose,0.8862,7.3165,28.33,BG
Q9FIW4,50.0,8.0,Cellulose,0.8509,7.3165,28.33,BG
Q9FIW4,60.0,4.0,Cellulose,0.5295,7.3165,28.33,BG
Q9FIW4,60.0,5.0,Cellulose,0.7177,7.3165,28.33,BG
Q9FIW4,60.0,6.0,Cellulose,0.8315,7.3165,28.33,BG
Q9FIW4,60.0,7.0,Cellulose,0.8677,7.3165,28.33,BG
Q9FIW4,60.0,8.0,Cellulose,0.8315,7.3165,28.33,BG
Q9FIW4,70.0,4.0,Cellulose,0.4024,7.3165,28.33,BG
Q9FIW4,70.0,5.0,Cellulose,0.5789,7.3165,28.33,BG
Q9FIW4,70.0,6.0,Cellulose,0.6925,7.3165,28.33,BG
Q9FIW4,70.0,7.0,Cellulose,0.7309,7.3165,28.33,BG
Q9FIW4,70.0,8.0,Cellulose,0.6925,7.3165,28.33,BG
Q9FIW4,30.0,4.0,Xylan,0.0694,7.3165,28.33,BG
Q9FIW4,30.0,5.0,Xylan,0.1476,7.3165,28.33,BG
Q9FIW4,30.0,6.0,Xylan,0.2141,7.3165,28.33,BG
Q9FIW4,30.0,7.0,Xylan,0.2394,7.3165,28.33,BG
Q9FIW4,30.0,8.0,Xylan,0.2141,7.3165,28.33,BG
Q9FIW4,40.0,4.0,Xylan,0.1622,7.3165,28.33,BG
Q9FIW4,40.0,5.0,Xylan,0.2862,7.3165,28.33,BG
Q9FIW4,40.0,6.0,Xylan,0.3773,7.3165,28.33,BG
Q9FIW4,40.0,7.0,Xylan,0.4101,7.3165,28.33,BG
Q9FIW4,40.0,8.0,Xylan,0.3773,7.3165,28.33,BG
Q9FIW4,50.0,4.0,Xylan,0.2218,7.3165,28.33,BG
Q9FIW4,50.0,5.0,Xylan,0.3644,7.3165,28.33,BG
Q9FIW4,50.0,6.0,Xylan,0.4643,7.3165,28.33,BG
Q9FIW4,50.0,7.0,Xylan,0.4996,7.3165,28.33,BG
Q9FIW4,50.0,8.0,Xylan,0.4643,7.3165,28.33,BG
Q9FIW4,60.0,4.0,Xylan,0.2087,7.3165,28.33,BG
Q9FIW4,60.0,5.0,Xylan,0.3477,7.3165,28.33,BG
Q9FIW4,60.0,6.0,Xylan,0.446,7.3165,28.33,BG
Q9FIW4,60.0,7.0,Xylan,0.4807,7.3165,28.33,BG
Q9FIW4,60.0,8.0,Xylan,0.446,7.3165,28.33,BG
Q9FIW4,70.0,4.0,Xylan,0.131,7.3165,28.33,BG
Q9FIW4,70.0,5.0,Xylan,0.2426,7.3165,28.33,BG
Q9FIW4,70.0,6.0,Xylan,0.3275,7.3165,28.33,BG
Q9FIW4,70.0,7.0,Xylan,0.3584,7.3165,28.33,BG
Q9FIW4,70.0,8.0,Xylan,0.3275,7.3165,28.33,BG
Q9FIW4,30.0,4.0,Bagasse,0.2331,7.3165,28.33,BG
Q9FIW4,30.0,5.0,Bagasse,0.3786,7.3165,28.33,BG
Q9FIW4,30.0,6.0,Bagasse,0.4799,7.3165,28.33,BG
Q9FIW4,30.0,7.0,Bagasse,0.5155,7.3165,28.33,BG
Q9FIW4,30.0,8.0,Bagasse,0.4799,7.3165,28.33,BG
Q9FIW4,40.0,4.0,Bagasse,0.402,7.3165,28.33,BG
Q9FIW4,40.0,5.0,Bagasse,0.5784,7.3165,28.33,BG
Q9FIW4,40.0,6.0,Bagasse,0.6921,7.3165,28.33,BG
Q9FIW4,40.0,7.0,Bagasse,0.7304,7.3165,28.33,BG
Q9FIW4,40.0,8.0,Bagasse,0.6921,7.3165,28.33,BG
Q9FIW4,50.0,4.0,Bagasse,0.4909,7.3165,28.33,BG
Q9FIW4,50.0,5.0,Bagasse,0.6765,7.3165,28.33,BG
Q9FIW4,50.0,6.0,Bagasse,0.7913,7.3165,28.33,BG
Q9FIW4,50.0,7.0,Bagasse,0.8288,7.3165,28.33,BG
Q9FIW4,50.0,8.0,Bagasse,0.7913,7.3165,28.33,BG
Q9FIW4,60.0,4.0,Bagasse,0.4722,7.3165,28.33,BG
Q9FIW4,60.0,5.0,Bagasse,0.6562,7.3165,28.33,BG
Q9FIW4,60.0,6.0,Bagasse,0.7711,7.3165,28.33,BG
Q9FIW4,60.0,7.0,Bagasse,0.809,7.3165,28.33,BG
Q9FIW4,60.0,8.0,Bagasse,0.7711,7.3165,28.33,BG
Q9FIW4,70.0,4.0,Bagasse,0.3508,7.3165,28.33,BG
Q9FIW4,70.0,5.0,Bagasse,0.52,7.3165,28.33,BG
Q9FIW4,70.0,6.0,Bagasse,0.6313,7.3165,28.33,BG
Q9FIW4,70.0,7.0,Bagasse,0.6693,7.3165,28.33,BG
Q9FIW4,70.0,8.0,Bagasse,0.6313,7.3165,28.33,BG
Q9LV33,30.0,4.0,Cellulose,0.4726,4.6238,28.18,BG
Q9LV33,30.0,5.0,Cellulose,0.4387,4.6238,28.18,BG
Q9LV33,30.0,6.0,Cellulose,0.3433,4.6238,28.18,BG
Q9LV33,30.0,7.0,Cellulose,0.2088,4.6238,28.18,BG
Q9LV33,30.0,8.0,Cellulose,0.0819,4.6238,28.18,BG
Q9LV33,40.0,4.0,Cellulose,0.6817,4.6238,28.18,BG
Q9LV33,40.0,5.0,Cellulose,0.6441,4.6238,28.18,BG
Q9LV33,40.0,6.0,Cellulose,0.5339,4.6238,28.18,BG
Q9LV33,40.0,7.0,Cellulose,0.3662,4.6238,28.18,BG
Q9LV33,40.0,8.0,Cellulose,0.1806,4.6238,28.18,BG
Q9LV33,50.0,4.0,Cellulose,0.7811,4.6238,28.18,BG
Q9LV33,50.0,5.0,Cellulose,0.7433,4.6238,28.18,BG
Q9LV33,50.0,6.0,Cellulose,0.63,4.6238,28.18,BG
Q9LV33,50.0,7.0,Cellulose,0.4513,4.6238,28.18,BG
Q9LV33,50.0,8.0,Cellulose,0.2424,4.6238,28.18,BG
Q9LV33,60.0,4.0,Cellulose,0.7623,4.6238,28.18,BG
Q9LV33,60.0,5.0,Cellulose,0.7244,4.6238,28.18,BG
Q9LV33,60.0,6.0,Cellulose,0.6114,4.6238,28.18,BG
Q9LV33,60.0,7.0,Cellulose,0.4345,4.6238,28.18,BG
Q9LV33,60.0,8.0,Cellulose,0.2298,4.6238,28.18,BG
Q9LV33,70.0,4.0,Cellulose,0.6254,4.6238,28.18,BG
Q9LV33,70.0,5.0,Cellulose,0.5884,4.6238,28.18,BG
Q9LV33,70.0,6.0,Cellulose,0.4812,4.6238,28.18,BG
Q9LV33,70.0,7.0,Cellulose,0.321,4.6238,28.18,BG
Q9LV33,70.0,8.0,Cellulose,0.15,4.6238,28.18,BG
Q9LV33,30.0,4.0,Xylan,0.1782,4.6238,28.18,BG
Q9LV33,30.0,5.0,Xylan,0.1576,4.6238,28.18,BG
Q9LV33,30.0,6.0,Xylan,0.1049,4.6238,28.18,BG
Q9LV33,30.0,7.0,Xylan,0.0466,4.6238,28.18,BG
Q9LV33,30.0,8.0,Xylan,0.0119,4.6238,28.18,BG
Q9LV33,40.0,4.0,Xylan,0.3251,4.6238,28.18,BG
Q9LV33,40.0,5.0,Xylan,0.2963,4.6238,28.18,BG
Q9LV33,40.0,6.0,Xylan,0.218,4.6238,28.18,BG
Q9LV33,40.0,7.0,Xylan,0.1168,4.6238,28.18,BG
Q9LV33,40.0,8.0,Xylan,0.0371,4.6238,28.18,BG
Q9LV33,50.0,4.0,Xylan,0.4063,4.6238,28.18,BG
Q9LV33,50.0,5.0,Xylan,0.3744,4.6238,28.18,BG
Q9LV33,50.0,6.0,Xylan,0.2858,4.6238,28.18,BG
Q9LV33,50.0,7.0,Xylan,0.1652,4.6238,28.18,BG
Q9LV33,50.0,8.0,Xylan,0.0592,4.6238,28.18,BG
Q9LV33,60.0,4.0,Xylan,0.3902,4.6238,28.18,BG
Q9LV33,60.0,5.0,Xylan,0.3589,4.6238,28.18,BG
Q9LV33,60.0,6.0,Xylan,0.2722,4.6238,28.18,BG
Q9LV33,60.0,7.0,Xylan,0.1551,4.6238,28.18,BG
Q9LV33,60.0,8.0,Xylan,0.0543,4.6238,28.18,BG
Q9LV33,70.0,4.0,Xylan,0.2824,4.6238,28.18,BG
Q9LV33,70.0,5.0,Xylan,0.2556,4.6238,28.18,BG
Q9LV33,70.0,6.0,Xylan,0.1836,4.6238,28.18,BG
Q9LV33,70.0,7.0,Xylan,0.0938,4.6238,28.18,BG
Q9LV33,70.0,8.0,Xylan,0.0279,4.6238,28.18,BG
Q9LV33,30.0,4.0,Bagasse,0.4187,4.6238,28.18,BG
Q9LV33,30.0,5.0,Bagasse,0.3864,4.6238,28.18,BG
Q9LV33,30.0,6.0,Bagasse,0.2965,4.6238,28.18,BG
Q9LV33,30.0,7.0,Bagasse,0.1731,4.6238,28.18,BG
Q9LV33,30.0,8.0,Bagasse,0.0631,4.6238,28.18,BG
Q9LV33,40.0,4.0,Bagasse,0.6215,4.6238,28.18,BG
Q9LV33,40.0,5.0,Bagasse,0.5845,4.6238,28.18,BG
Q9LV33,40.0,6.0,Bagasse,0.4776,4.6238,28.18,BG
Q9LV33,40.0,7.0,Bagasse,0.3179,4.6238,28.18,BG
Q9LV33,40.0,8.0,Bagasse,0.148,4.6238,28.18,BG
Q9LV33,50.0,4.0,Bagasse,0.7204,4.6238,28.18,BG
Q9LV33,50.0,5.0,Bagasse,0.6825,4.6238,28.18,BG
Q9LV33,50.0,6.0,Bagasse,0.5708,4.6238,28.18,BG
Q9LV33,50.0,7.0,Bagasse,0.3984,4.6238,28.18,BG
Q9LV33,50.0,8.0,Bagasse,0.2034,4.6238,28.18,BG
Q9LV33,60.0,4.0,Bagasse,0.7014,4.6238,28.18,BG
Q9LV33,60.0,5.0,Bagasse,0.6636,4.6238,28.18,BG
Q9LV33,60.0,6.0,Bagasse,0.5526,4.6238,28.18,BG
Q9LV33,60.0,7.0,Bagasse,0.3825,4.6238,28.18,BG
Q9LV33,60.0,8.0,Bagasse,0.1921,4.6238,28.18,BG
Q9LV33,70.0,4.0,Bagasse,0.5662,4.6238,28.18,BG
Q9LV33,70.0,5.0,Bagasse,0.5302,4.6238,28.18,BG
Q9LV33,70.0,6.0,Bagasse,0.4269,4.6238,28.18,BG
Q9LV33,70.0,7.0,Bagasse,0.2757,4.6238,28.18,BG
Q9LV33,70.0,8.0,Bagasse,0.121,4.6238,28.18,BG
A3BMZ5,30.0,4.0,Cellulose,0.3129,29.5055,27.56,BG
A3BMZ5,30.0,5.0,Cellulose,0.5262,29.5055,27.56,BG
A3BMZ5,30.0,6.0,Cellulose,0.6916,29.5055,27.56,BG
A3BMZ5,30.0,7.0,Cellulose,0.7838,29.5055,27.56,BG
A3BMZ5,30.0,8.0,Cellulose,0.799,29.5055,27.56,BG
A3BMZ5,40.0,4.0,Cellulose,0.5072,29.5055,27.56,BG
A3BMZ5,40.0,5.0,Cellulose,0.7484,29.5055,27.56,BG
A3BMZ5,40.0,6.0,Cellulose,0.909,29.5055,27.56,BG
A3BMZ5,40.0,7.0,Cellulose,0.9727,29.5055,27.56,BG
A3BMZ5,40.0,8.0,Cellulose,0.9797,29.5055,27.56,BG
A3BMZ5,50.0,4.0,Cellulose,0.6087,29.5055,27.56,BG
A3BMZ5,50.0,5.0,Cellulose,0.852,29.5055,27.56,BG
A3BMZ5,50.0,6.0,Cellulose,0.9789,29.5055,27.56,BG
A3BMZ5,50.0,7.0,Cellulose,0.9985,29.5055,27.56,BG
A3BMZ5,50.0,8.0,Cellulose,0.9992,29.5055,27.56,BG
A3BMZ5,60.0,4.0,Cellulose,0.5946,29.5055,27.56,BG
A3BMZ5,60.0,5.0,Cellulose,0.8382,29.5055,27.56,BG
A3BMZ5,60.0,6.0,Cellulose,0.9722,29.5055,27.56,BG
A3BMZ5,60.0,7.0,Cellulose,0.9974,29.5055,27.56,BG
A3BMZ5,60.0,8.0,Cellulose,0.9985,29.5055,27.56,BG
A3BMZ5,70.0,4.0,Cellulose,0.4673,29.5055,27.56,BG
A3BMZ5,70.0,5.0,Cellulose,0.7051,29.5055,27.56,BG
A3BMZ5,70.0,6.0,Cellulose,0.8708,29.5055,27.56,BG
A3BMZ5,70.0,7.0,Cellulose,0.9469,29.5055,27.56,BG
A3BMZ5,70.0,8.0,Cellulose,0.957,29.5055,27.56,BG
A3BMZ5,30.0,4.0,Xylan,0.0851,29.5055,27.56,BG
A3BMZ5,30.0,5.0,Xylan,0.2059,29.5055,27.56,BG
A3BMZ5,30.0,6.0,Xylan,0.326,29.5055,27.56,BG
A3BMZ5,30.0,7.0,Xylan,0.4022,29.5055,27.56,BG
A3BMZ5,30.0,8.0,Xylan,0.4155,29.5055,27.56,BG
A3BMZ5,40.0,4.0,Xylan,0.1935,29.5055,27.56,BG
A3BMZ5,40.0,5.0,Xylan,0.3721,29.5055,27.56,BG
A3BMZ5,40.0,6.0,Xylan,0.523,29.5055,27.56,BG
A3BMZ5,40.0,7.0,Xylan,0.612,29.5055,27.56,BG
A3BMZ5,40.0,8.0,Xylan,0.6271,29.5055,27.56,BG
A3BMZ5,50.0,4.0,Xylan,0.2632,29.5055,27.56,BG
A3BMZ5,50.0,5.0,Xylan,0.4643,29.5055,27.56,BG
A3BMZ5,50.0,6.0,Xylan,0.6252,29.5055,27.56,BG
A3BMZ5,50.0,7.0,Xylan,0.7171,29.5055,27.56,BG
A3BMZ5,50.0,8.0,Xylan,0.7325,29.5055,27.56,BG
A3BMZ5,60.0,4.0,Xylan,0.2531,29.5055,27.56,BG
A3BMZ5,60.0,5.0,Xylan,0.4513,29.5055,27.56,BG
A3BMZ5,60.0,6.0,Xylan,0.6111,29.5055,27.56,BG
A3BMZ5,60.0,7.0,Xylan,0.7027,29.5055,27.56,BG
A3BMZ5,60.0,8.0,Xylan,0.7181,29.5055,27.56,BG
A3BMZ5,70.0,4.0,Xylan,0.1683,29.5055,27.56,BG
A3BMZ5,70.0,5.0,Xylan,0.3367,29.5055,27.56,BG
A3BMZ5,70.0,6.0,Xylan,0.4828,29.5055,27.56,BG
A3BMZ5,70.0,7.0,Xylan,0.5699,29.5055,27.56,BG
A3BMZ5,70.0,8.0,Xylan,0.5848,29.5055,27.56,BG
A3BMZ5,30.0,4.0,Bagasse,0.2668,29.5055,27.56,BG
A3BMZ5,30.0,5.0,Bagasse,0.4689,29.5055,27.56,BG
A3BMZ5,30.0,6.0,Bagasse,0.6302,29.5055,27.56,BG
A3BMZ5,30.0,7.0,Bagasse,0.7222,29.5055,27.56,BG
A3BMZ5,30.0,8.0,Bagasse,0.7376,29.5055,27.56,BG
A3BMZ5,40.0,4.0,Bagasse,0.4507,29.5055,27.56,BG
A3BMZ5,40.0,5.0,Bagasse,0.6866,29.5055,27.56,BG
A3BMZ5,40.0,6.0,Bagasse,0.8536,29.5055,27.56,BG
A3BMZ5,40.0,7.0,Bagasse,0.9335,29.5055,27.56,BG
A3BMZ5,40.0,8.0,Bagasse,0.9447,29.5055,27.56,BG
A3BMZ5,50.0,4.0,Bagasse,0.5489,29.5055,27.56,BG
A3BMZ5,50.0,5.0,Bagasse,0.7922,29.5055,27.56,BG
A3BMZ5,50.0,6.0,Bagasse,0.9434,29.5055,27.56,BG
A3BMZ5,50.0,7.0,Bagasse,0.9894,29.5055,27.56,BG
A3BMZ5,50.0,8.0,Bagasse,0.9929,29.5055,27.56,BG
A3BMZ5,60.0,4.0,Bagasse,0.5351,29.5055,27.56,BG
A3BMZ5,60.0,5.0,Bagasse,0.7779,29.5055,27.56,BG
A3BMZ5,60.0,6.0,Bagasse,0.9328,29.5055,27.56,BG
A3BMZ5,60.0,7.0,Bagasse,0.985,29.5055,27.56,BG
A3BMZ5,60.0,8.0,Bagasse,0.9896,29.5055,27.56,BG
A3BMZ5,70.0,4.0,Bagasse,0.4124,29.5055,27.56,BG
A3BMZ5,70.0,5.0,Bagasse,0.6435,29.5055,27.56,BG
A3BMZ5,70.0,6.0,Bagasse,0.812,29.5055,27.56,BG
A3BMZ5,70.0,7.0,Bagasse,0.8982,29.5055,27.56,BG
A3BMZ5,70.0,8.0,Bagasse,0.9113,29.5055,27.56,BG
Q75I93,30.0,4.0,Cellulose,0.3976,4.6458,27.45,BG
Q75I93,30.0,5.0,Cellulose,0.4645,4.6458,27.45,BG
Q75I93,30.0,6.0,Cellulose,0.4645,4.6458,27.45,BG
Q75I93,30.0,7.0,Cellulose,0.3976,4.6458,27.45,BG
Q75I93,30.0,8.0,Cellulose,0.2773,4.6458,27.45,BG
Q75I93,40.0,4.0,Cellulose,0.6038,4.6458,27.45,BG
Q75I93,40.0,5.0,Cellulose,0.6792,4.6458,27.45,BG
Q75I93,40.0,6.0,Cellulose,0.6792,4.6458,27.45,BG
Q75I93,40.0,7.0,Cellulose,0.6038,4.6458,27.45,BG
Q75I93,40.0,8.0,Cellulose,0.4602,4.6458,27.45,BG
Q75I93,50.0,4.0,Cellulose,0.7078,4.6458,27.45,BG
Q75I93,50.0,5.0,Cellulose,0.7839,4.6458,27.45,BG
Q75I93,50.0,6.0,Cellulose,0.7839,4.6458,27.45,BG
Q75I93,50.0,7.0,Cellulose,0.7078,4.6458,27.45,BG
Q75I93,50.0,8.0,Cellulose,0.5577,4.6458,27.45,BG
Q75I93,60.0,4.0,Cellulose,0.6935,4.6458,27.45,BG
Q75I93,60.0,5.0,Cellulose,0.7697,4.6458,27.45,BG
Q75I93,60.0,6.0,Cellulose,0.7697,4.6458,27.45,BG
Q75I93,60.0,7.0,Cellulose,0.6935,4.6458,27.45,BG
Q75I93,60.0,8.0,Cellulose,0.5441,4.6458,27.45,BG
Q75I93,70.0,4.0,Cellulose,0.5623,4.6458,27.45,BG
Q75I93,70.0,5.0,Cellulose,0.6366,4.6458,27.45,BG
Q75I93,70.0,6.0,Cellulose,0.6366,4.6458,27.45,BG
Q75I93,70.0,7.0,Cellulose,0.5623,4.6458,27.45,BG
Q75I93,70.0,8.0,Cellulose,0.4223,4.6458,27.45,BG
Q75I93,30.0,4.0,Xylan,0.1317,4.6458,27.45,BG
Q75I93,30.0,5.0,Xylan,0.1708,4.6458,27.45,BG
Q75I93,30.0,6.0,Xylan,0.1708,4.6458,27.45,BG
Q75I93,30.0,7.0,Xylan,0.1317,4.6458,27.45,BG
Q75I93,30.0,8.0,Xylan,0.0722,4.6458,27.45,BG
Q75I93,40.0,4.0,Xylan,0.2641,4.6458,27.45,BG
Q75I93,40.0,5.0,Xylan,0.3205,4.6458,27.45,BG
Q75I93,40.0,6.0,Xylan,0.3205,4.6458,27.45,BG
Q75I93,40.0,7.0,Xylan,0.2641,4.6458,27.45,BG
Q75I93,40.0,8.0,Xylan,0.1682,4.6458,27.45,BG
Q75I93,50.0,4.0,Xylan,0.343,4.6458,27.45,BG
Q75I93,50.0,5.0,Xylan,0.4062,4.6458,27.45,BG
Q75I93,50.0,6.0,Xylan,0.4062,4.6458,27.45,BG
Q75I93,50.0,7.0,Xylan,0.343,4.6458,27.45,BG
Q75I93,50.0,8.0,Xylan,0.2316,4.6458,27.45,BG
Q75I93,60.0,4.0,Xylan,0.3317,4.6458,27.45,BG
Q75I93,60.0,5.0,Xylan,0.394,4.6458,27.45,BG
Q75I93,60.0,6.0,Xylan,0.394,4.6458,27.45,BG
Q75I93,60.0,7.0,Xylan,0.3317,4.6458,27.45,BG
Q75I93,60.0,8.0,Xylan,0.2223,4.6458,27.45,BG
Q75I93,70.0,4.0,Xylan,0.2347,4.6458,27.45,BG
Q75I93,70.0,5.0,Xylan,0.2881,4.6458,27.45,BG
Q75I93,70.0,6.0,Xylan,0.2881,4.6458,27.45,BG
Q75I93,70.0,7.0,Xylan,0.2347,4.6458,27.45,BG
Q75I93,70.0,8.0,Xylan,0.1456,4.6458,27.45,BG
Q75I93,30.0,4.0,Bagasse,0.3471,4.6458,27.45,BG
Q75I93,30.0,5.0,Bagasse,0.4105,4.6458,27.45,BG
Q75I93,30.0,6.0,Bagasse,0.4105,4.6458,27.45,BG
Q75I93,30.0,7.0,Bagasse,0.3471,4.6458,27.45,BG
Q75I93,30.0,8.0,Bagasse,0.2349,4.6458,27.45,BG
Q75I93,40.0,4.0,Bagasse,0.5448,4.6458,27.45,BG
Q75I93,40.0,5.0,Bagasse,0.6186,4.6458,27.45,BG
Q75I93,40.0,6.0,Bagasse,0.6186,4.6458,27.45,BG
Q75I93,40.0,7.0,Bagasse,0.5448,4.6458,27.45,BG
Q75I93,40.0,8.0,Bagasse,0.4064,4.6458,27.45,BG
Q75I93,50.0,4.0,Bagasse,0.6468,4.6458,27.45,BG
Q75I93,50.0,5.0,Bagasse,0.7228,4.6458,27.45,BG
Q75I93,50.0,6.0,Bagasse,0.7228,4.6458,27.45,BG
Q75I93,50.0,7.0,Bagasse,0.6468,4.6458,27.45,BG
Q75I93,50.0,8.0,Bagasse,0.5001,4.6458,27.45,BG
Q75I93,60.0,4.0,Bagasse,0.6326,4.6458,27.45,BG
Q75I93,60.0,5.0,Bagasse,0.7085,4.6458,27.45,BG
Q75I93,60.0,6.0,Bagasse,0.7085,4.6458,27.45,BG
Q75I93,60.0,7.0,Bagasse,0.6326,4.6458,27.45,BG
Q75I93,60.0,8.0,Bagasse,0.4869,4.6458,27.45,BG
Q75I93,70.0,4.0,Bagasse,0.5045,4.6458,27.45,BG
Q75I93,70.0,5.0,Bagasse,0.5768,4.6458,27.45,BG
Q75I93,70.0,6.0,Bagasse,0.5768,4.6458,27.45,BG
Q75I93,70.0,7.0,Bagasse,0.5045,4.6458,27.45,BG
Q75I93,70.0,8.0,Bagasse,0.3703,4.6458,27.45,BG
Q8L7J2,30.0,4.0,Cellulose,0.2941,14.7544,27.05,BG
Q8L7J2,30.0,5.0,Cellulose,0.4737,14.7544,27.05,BG
Q8L7J2,30.0,6.0,Cellulose,0.6047,14.7544,27.05,BG
Q8L7J2,30.0,7.0,Cellulose,0.6654,14.7544,27.05,BG
Q8L7J2,30.0,8.0,Cellulose,0.6501,14.7544,27.05,BG
Q8L7J2,40.0,4.0,Cellulose,0.4867,14.7544,27.05,BG
Q8L7J2,40.0,5.0,Cellulose,0.6948,14.7544,27.05,BG
Q8L7J2,40.0,6.0,Cellulose,0.832,14.7544,27.05,BG
Q8L7J2,40.0,7.0,Cellulose,0.8892,14.7544,27.05,BG
Q8L7J2,40.0,8.0,Cellulose,0.8754,14.7544,27.05,BG
Q8L7J2,50.0,4.0,Cellulose,0.5902,14.7544,27.05,BG
Q8L7J2,50.0,5.0,Cellulose,0.8037,14.7544,27.05,BG
Q8L7J2,50.0,6.0,Cellulose,0.9293,14.7544,27.05,BG
Q8L7J2,50.0,7.0,Cellulose,0.9699,14.7544,27.05,BG
Q8L7J2,50.0,8.0,Cellulose,0.9613,14.7544,27.05,BG
Q8L7J2,60.0,4.0,Cellulose,0.5797,14.7544,27.05,BG
Q8L7J2,60.0,5.0,Cellulose,0.793,14.7544,27.05,BG
Q8L7J2,60.0,6.0,Cellulose,0.9207,14.7544,27.05,BG
Q8L7J2,60.0,7.0,Cellulose,0.9639,14.7544,27.05,BG
Q8L7J2,60.0,8.0,Cellulose,0.9545,14.7544,27.05,BG
Q8L7J2,70.0,4.0,Cellulose,0.4572,14.7544,27.05,BG
Q8L7J2,70.0,5.0,Cellulose,0.6625,14.7544,27.05,BG
Q8L7J2,70.0,6.0,Cellulose,0.8003,14.7544,27.05,BG
Q8L7J2,70.0,7.0,Cellulose,0.8596,14.7544,27.05,BG
Q8L7J2,70.0,8.0,Cellulose,0.8451,14.7544,27.05,BG
Q8L7J2,30.0,4.0,Xylan,0.0775,14.7544,27.05,BG
Q8L7J2,30.0,5.0,Xylan,0.1735,14.7544,27.05,BG
Q8L7J2,30.0,6.0,Xylan,0.2616,14.7544,27.05,BG
Q8L7J2,30.0,7.0,Xylan,0.3068,14.7544,27.05,BG
Q8L7J2,30.0,8.0,Xylan,0.2952,14.7544,27.05,BG
Q8L7J2,40.0,4.0,Xylan,0.1816,14.7544,27.05,BG
Q8L7J2,40.0,5.0,Xylan,0.3297,14.7544,27.05,BG
Q8L7J2,40.0,6.0,Xylan,0.4462,14.7544,27.05,BG
Q8L7J2,40.0,7.0,Xylan,0.5022,14.7544,27.05,BG
Q8L7J2,40.0,8.0,Xylan,0.488,14.7544,27.05,BG
Q8L7J2,50.0,4.0,Xylan,0.2512,14.7544,27.05,BG
Q8L7J2,50.0,5.0,Xylan,0.4206,14.7544,27.05,BG
Q8L7J2,50.0,6.0,Xylan,0.5472,14.7544,27.05,BG
Q8L7J2,50.0,7.0,Xylan,0.6066,14.7544,27.05,BG
Q8L7J2,50.0,8.0,Xylan,0.5916,14.7544,27.05,BG
Q8L7J2,60.0,4.0,Xylan,0.2438,14.7544,27.05,BG
Q8L7J2,60.0,5.0,Xylan,0.4112,14.7544,27.05,BG
Q8L7J2,60.0,6.0,Xylan,0.5369,14.7544,27.05,BG
Q8L7J2,60.0,7.0,Xylan,0.5961,14.7544,27.05,BG
Q8L7J2,60.0,8.0,Xylan,0.5811,14.7544,27.05,BG
Q8L7J2,70.0,4.0,Xylan,0.1634,14.7544,27.05,BG
Q8L7J2,70.0,5.0,Xylan,0.3046,14.7544,27.05,BG
Q8L7J2,70.0,6.0,Xylan,0.4177,14.7544,27.05,BG
Q8L7J2,70.0,7.0,Xylan,0.4724,14.7544,27.05,BG
Q8L7J2,70.0,8.0,Xylan,0.4585,14.7544,27.05,BG
Q8L7J2,30.0,4.0,Bagasse,0.2497,14.7544,27.05,BG
Q8L7J2,30.0,5.0,Bagasse,0.4187,14.7544,27.05,BG
Q8L7J2,30.0,6.0,Bagasse,0.5452,14.7544,27.05,BG
Q8L7J2,30.0,7.0,Bagasse,0.6045,14.7544,27.05,BG
Q8L7J2,30.0,8.0,Bagasse,0.5895,14.7544,27.05,BG
Q8L7J2,40.0,4.0,Bagasse,0.4311,14.7544,27.05,BG
Q8L7J2,40.0,5.0,Bagasse,0.6335,14.7544,27.05,BG
Q8L7J2,40.0,6.0,Bagasse,0.7714,14.7544,27.05,BG
Q8L7J2,40.0,7.0,Bagasse,0.8318,14.7544,27.05,BG
Q8L7J2,40.0,8.0,Bagasse,0.8169,14.7544,27.05,BG
Q8L7J2,50.0,4.0,Bagasse,0.531,14.7544,27.05,BG
Q8L7J2,50.0,5.0,Bagasse,0.7424,14.7544,27.05,BG
Q8L7J2,50.0,6.0,Bagasse,0.8767,14.7544,27.05,BG
Q8L7J2,50.0,7.0,Bagasse,0.9291,14.7544,27.05,BG
Q8L7J2,50.0,8.0,Bagasse,0.9169,14.7544,27.05,BG
Q8L7J2,60.0,4.0,Bagasse,0.5209,14.7544,27.05,BG
Q8L7J2,60.0,5.0,Bagasse,0.7316,14.7544,27.05,BG
Q8L7J2,60.0,6.0,Bagasse,0.8668,14.7544,27.05,BG
Q8L7J2,60.0,7.0,Bagasse,0.9206,14.7544,27.05,BG
Q8L7J2,60.0,8.0,Bagasse,0.9078,14.7544,27.05,BG
Q8L7J2,70.0,4.0,Bagasse,0.403,14.7544,27.05,BG
Q8L7J2,70.0,5.0,Bagasse,0.6017,14.7544,27.05,BG
Q8L7J2,70.0,6.0,Bagasse,0.7391,14.7544,27.05,BG
Q8L7J2,70.0,7.0,Bagasse,0.8002,14.7544,27.05,BG
Q8L7J2,70.0,8.0,Bagasse,0.785,14.7544,27.05,BG
Q9C525,30.0,4.0,Cellulose,0.5746,9.0937,27.86,BG
Q9C525,30.0,5.0,Cellulose,0.5528,9.0937,27.86,BG
Q9C525,30.0,6.0,Cellulose,0.4614,9.0937,27.86,BG
Q9C525,30.0,7.0,Cellulose,0.3158,9.0937,27.86,BG
Q9C525,30.0,8.0,Cellulose,0.1542,9.0937,27.86,BG
Q9C525,40.0,4.0,Cellulose,0.793,9.0937,27.86,BG
Q9C525,40.0,5.0,Cellulose,0.7704,9.0937,27.86,BG
Q9C525,40.0,6.0,Cellulose,0.6719,9.0937,27.86,BG
Q9C525,40.0,7.0,Cellulose,0.5033,9.0937,27.86,BG
Q9C525,40.0,8.0,Cellulose,0.2933,9.0937,27.86,BG
Q9C525,50.0,4.0,Cellulose,0.8899,9.0937,27.86,BG
Q9C525,50.0,5.0,Cellulose,0.8693,9.0937,27.86,BG
Q9C525,50.0,6.0,Cellulose,0.7737,9.0937,27.86,BG
Q9C525,50.0,7.0,Cellulose,0.6003,9.0937,27.86,BG
Q9C525,50.0,8.0,Cellulose,0.3731,9.0937,27.86,BG
Q9C525,60.0,4.0,Cellulose,0.8749,9.0937,27.86,BG
Q9C525,60.0,5.0,Cellulose,0.8537,9.0937,27.86,BG
Q9C525,60.0,6.0,Cellulose,0.7572,9.0937,27.86,BG
Q9C525,60.0,7.0,Cellulose,0.5842,9.0937,27.86,BG
Q9C525,60.0,8.0,Cellulose,0.3595,9.0937,27.86,BG
Q9C525,70.0,4.0,Cellulose,0.7435,9.0937,27.86,BG
Q9C525,70.0,5.0,Cellulose,0.7207,9.0937,27.86,BG
Q9C525,70.0,6.0,Cellulose,0.6226,9.0937,27.86,BG
Q9C525,70.0,7.0,Cellulose,0.458,9.0937,27.86,BG
Q9C525,70.0,8.0,Cellulose,0.2577,9.0937,27.86,BG
Q9C525,30.0,4.0,Xylan,0.2458,9.0937,27.86,BG
Q9C525,30.0,5.0,Xylan,0.2306,9.0937,27.86,BG
Q9C525,30.0,6.0,Xylan,0.1712,9.0937,27.86,BG
Q9C525,30.0,7.0,Xylan,0.0913,9.0937,27.86,BG
Q9C525,30.0,8.0,Xylan,0.0291,9.0937,27.86,BG
Q9C525,40.0,4.0,Xylan,0.4163,9.0937,27.86,BG
Q9C525,40.0,5.0,Xylan,0.3969,9.0937,27.86,BG
Q9C525,40.0,6.0,Xylan,0.3173,9.0937,27.86,BG
Q9C525,40.0,7.0,Xylan,0.1977,9.0937,27.86,BG
Q9C525,40.0,8.0,Xylan,0.0808,9.0937,27.86,BG
Q9C525,50.0,4.0,Xylan,0.5078,9.0937,27.86,BG
Q9C525,50.0,5.0,Xylan,0.4868,9.0937,27.86,BG
Q9C525,50.0,6.0,Xylan,0.3997,9.0937,27.86,BG
Q9C525,50.0,7.0,Xylan,0.264,9.0937,27.86,BG
Q9C525,50.0,8.0,Xylan,0.1203,9.0937,27.86,BG
Q9C525,60.0,4.0,Xylan,0.4924,9.0937,27.86,BG
Q9C525,60.0,5.0,Xylan,0.4717,9.0937,27.86,BG
Q9C525,60.0,6.0,Xylan,0.3857,9.0937,27.86,BG
Q9C525,60.0,7.0,Xylan,0.2525,9.0937,27.86,BG
Q9C525,60.0,8.0,Xylan,0.1132,9.0937,27.86,BG
Q9C525,70.0,4.0,Xylan,0.3743,9.0937,27.86,BG
Q9C525,70.0,5.0,Xylan,0.3557,9.0937,27.86,BG
Q9C525,70.0,6.0,Xylan,0.2802,9.0937,27.86,BG
Q9C525,70.0,7.0,Xylan,0.1691,9.0937,27.86,BG
Q9C525,70.0,8.0,Xylan,0.0653,9.0937,27.86,BG
Q9C525,30.0,4.0,Bagasse,0.5168,9.0937,27.86,BG
Q9C525,30.0,5.0,Bagasse,0.4957,9.0937,27.86,BG
Q9C525,30.0,6.0,Bagasse,0.408,9.0937,27.86,BG
Q9C525,30.0,7.0,Bagasse,0.2709,9.0937,27.86,BG
Q9C525,30.0,8.0,Bagasse,0.1247,9.0937,27.86,BG
Q9C525,40.0,4.0,Bagasse,0.7324,9.0937,27.86,BG
Q9C525,40.0,5.0,Bagasse,0.7096,9.0937,27.86,BG
Q9C525,40.0,6.0,Bagasse,0.6117,9.0937,27.86,BG
Q9C525,40.0,7.0,Bagasse,0.4481,9.0937,27.86,BG
Q9C525,40.0,8.0,Bagasse,0.2501,9.0937,27.86,BG
Q9C525,50.0,4.0,Bagasse,0.8332,9.0937,27.86,BG
Q9C525,50.0,5.0,Bagasse,0.811,9.0937,27.86,BG
Q9C525,50.0,6.0,Bagasse,0.7129,9.0937,27.86,BG
Q9C525,50.0,7.0,Bagasse,0.5418,9.0937,27.86,BG
Q9C525,50.0,8.0,Bagasse,0.3244,9.0937,27.86,BG
Q9C525,60.0,4.0,Bagasse,0.8171,9.0937,27.86,BG
Q9C525,60.0,5.0,Bagasse,0.7947,9.0937,27.86,BG
Q9C525,60.0,6.0,Bagasse,0.6963,9.0937,27.86,BG
Q9C525,60.0,7.0,Bagasse,0.5262,9.0937,27.86,BG
Q9C525,60.0,8.0,Bagasse,0.3117,9.0937,27.86,BG
Q9C525,70.0,4.0,Bagasse,0.6826,9.0937,27.86,BG
Q9C525,70.0,5.0,Bagasse,0.6599,9.0937,27.86,BG
Q9C525,70.0,6.0,Bagasse,0.5635,9.0937,27.86,BG
Q9C525,70.0,7.0,Bagasse,0.4048,9.0937,27.86,BG
Q9C525,70.0,8.0,Bagasse,0.2174,9.0937,27.86,BG
Q1XH05,30.0,4.0,Cellulose,0.8091,40.3709,28.41,BG
Q1XH05,30.0,5.0,Cellulose,0.8459,40.3709,28.41,BG
Q1XH05,30.0,6.0,Cellulose,0.8091,40.3709,28.41,BG
Q1XH05,30.0,7.0,Cellulose,0.6955,40.3709,28.41,BG
Q1XH05,30.0,8.0,Cellulose,0.5104,40.3709,28.41,BG
Q1XH05,40.0,4.0,Cellulose,0.9803,40.3709,28.41,BG
Q1XH05,40.0,5.0,Cellulose,0.992,40.3709,28.41,BG
Q1XH05,40.0,6.0,Cellulose,0.9803,40.3709,28.41,BG
Q1XH05,40.0,7.0,Cellulose,0.9052,40.3709,28.41,BG
Q1XH05,40.0,8.0,Cellulose,0.7228,40.3709,28.41,BG
Q1XH05,50.0,4.0,Cellulose,0.9989,40.3709,28.41,BG
Q1XH05,50.0,5.0,Cellulose,0.9998,40.3709,28.41,BG
Q1XH05,50.0,6.0,Cellulose,0.9989,40.3709,28.41,BG
Q1XH05,50.0,7.0,Cellulose,0.9735,40.3709,28.41,BG
Q1XH05,50.0,8.0,Cellulose,0.8207,40.3709,28.41,BG
Q1XH05,60.0,4.0,Cellulose,0.9977,40.3709,28.41,BG
Q1XH05,60.0,5.0,Cellulose,0.9995,40.3709,28.41,BG
Q1XH05,60.0,6.0,Cellulose,0.9977,40.3709,28.41,BG
Q1XH05,60.0,7.0,Cellulose,0.9627,40.3709,28.41,BG
Q1XH05,60.0,8.0,Cellulose,0.8009,40.3709,28.41,BG
Q1XH05,70.0,4.0,Cellulose,0.9468,40.3709,28.41,BG
Q1XH05,70.0,5.0,Cellulose,0.9699,40.3709,28.41,BG
Q1XH05,70.0,6.0,Cellulose,0.9468,40.3709,28.41,BG
Q1XH05,70.0,7.0,Cellulose,0.8504,40.3709,28.41,BG
Q1XH05,70.0,8.0,Cellulose,0.6623,40.3709,28.41,BG
Q1XH05,30.0,4.0,Xylan,0.429,40.3709,28.41,BG
Q1XH05,30.0,5.0,Xylan,0.4628,40.3709,28.41,BG
Q1XH05,30.0,6.0,Xylan,0.429,40.3709,28.41,BG
Q1XH05,30.0,7.0,Xylan,0.3337,40.3709,28.41,BG
Q1XH05,30.0,8.0,Xylan,0.2001,40.3709,28.41,BG
Q1XH05,40.0,4.0,Xylan,0.6333,40.3709,28.41,BG
Q1XH05,40.0,5.0,Xylan,0.671,40.3709,28.41,BG
Q1XH05,40.0,6.0,Xylan,0.6333,40.3709,28.41,BG
Q1XH05,40.0,7.0,Xylan,0.5231,40.3709,28.41,BG
Q1XH05,40.0,8.0,Xylan,0.3556,40.3709,28.41,BG
Q1XH05,50.0,4.0,Xylan,0.7317,40.3709,28.41,BG
Q1XH05,50.0,5.0,Xylan,0.7697,40.3709,28.41,BG
Q1XH05,50.0,6.0,Xylan,0.7317,40.3709,28.41,BG
Q1XH05,50.0,7.0,Xylan,0.6181,40.3709,28.41,BG
Q1XH05,50.0,8.0,Xylan,0.4395,40.3709,28.41,BG
Q1XH05,60.0,4.0,Xylan,0.7114,40.3709,28.41,BG
Q1XH05,60.0,5.0,Xylan,0.7495,40.3709,28.41,BG
Q1XH05,60.0,6.0,Xylan,0.7114,40.3709,28.41,BG
Q1XH05,60.0,7.0,Xylan,0.5983,40.3709,28.41,BG
Q1XH05,60.0,8.0,Xylan,0.4217,40.3709,28.41,BG
Q1XH05,70.0,4.0,Xylan,0.5741,40.3709,28.41,BG
Q1XH05,70.0,5.0,Xylan,0.6111,40.3709,28.41,BG
Q1XH05,70.0,6.0,Xylan,0.5741,40.3709,28.41,BG
Q1XH05,70.0,7.0,Xylan,0.4671,40.3709,28.41,BG
Q1XH05,70.0,8.0,Xylan,0.3079,40.3709,28.41,BG
Q1XH05,30.0,4.0,Bagasse,0.7486,40.3709,28.41,BG
Q1XH05,30.0,5.0,Bagasse,0.7864,40.3709,28.41,BG
Q1XH05,30.0,6.0,Bagasse,0.7486,40.3709,28.41,BG
Q1XH05,30.0,7.0,Bagasse,0.6347,40.3709,28.41,BG
Q1XH05,30.0,8.0,Bagasse,0.4545,40.3709,28.41,BG
Q1XH05,40.0,4.0,Bagasse,0.9465,40.3709,28.41,BG
Q1XH05,40.0,5.0,Bagasse,0.9697,40.3709,28.41,BG
Q1XH05,40.0,6.0,Bagasse,0.9465,40.3709,28.41,BG
Q1XH05,40.0,7.0,Bagasse,0.85,40.3709,28.41,BG
Q1XH05,40.0,8.0,Bagasse,0.6618,40.3709,28.41,BG
Q1XH05,50.0,4.0,Bagasse,0.9919,40.3709,28.41,BG
Q1XH05,50.0,5.0,Bagasse,0.9975,40.3709,28.41,BG
Q1XH05,50.0,6.0,Bagasse,0.9919,40.3709,28.41,BG
Q1XH05,50.0,7.0,Bagasse,0.9354,40.3709,28.41,BG
Q1XH05,50.0,8.0,Bagasse,0.7604,40.3709,28.41,BG
Q1XH05,60.0,4.0,Bagasse,0.9866,40.3709,28.41,BG
Q1XH05,60.0,5.0,Bagasse,0.9952,40.3709,28.41,BG
Q1XH05,60.0,6.0,Bagasse,0.9866,40.3709,28.41,BG
Q1XH05,60.0,7.0,Bagasse,0.9196,40.3709,28.41,BG
Q1XH05,60.0,8.0,Bagasse,0.7402,40.3709,28.41,BG
Q1XH05,70.0,4.0,Bagasse,0.8987,40.3709,28.41,BG
Q1XH05,70.0,5.0,Bagasse,0.93,40.3709,28.41,BG
Q1XH05,70.0,6.0,Bagasse,0.8987,40.3709,28.41,BG
Q1XH05,70.0,7.0,Bagasse,0.7911,40.3709,28.41,BG
Q1XH05,70.0,8.0,Bagasse,0.602,40.3709,28.41,BG
B9K7M5,30.0,4.0,Cellulose,0.9988,246.0946,27.85,BG
B9K7M5,30.0,5.0,Cellulose,0.9995,246.0946,27.85,BG
B9K7M5,30.0,6.0,Cellulose,0.9963,246.0946,27.85,BG
B9K7M5,30.0,7.0,Cellulose,0.9429,246.0946,27.85,BG
B9K7M5,30.0,8.0,Cellulose,0.7553,246.0946,27.85,BG
B9K7M5,40.0,4.0,Cellulose,1.0,246.0946,27.85,BG
B9K7M5,40.0,5.0,Cellulose,1.0,246.0946,27.85,BG
B9K7M5,40.0,6.0,Cellulose,1.0,246.0946,27.85,BG
B9K7M5,40.0,7.0,Cellulose,0.9999,246.0946,27.85,BG
B9K7M5,40.0,8.0,Cellulose,0.9536,246.0946,27.85,BG
B9K7M5,50.0,4.0,Cellulose,1.0,246.0946,27.85,BG
B9K7M5,50.0,5.0,Cellulose,1.0,246.0946,27.85,BG
B9K7M5,50.0,6.0,Cellulose,1.0,246.0946,27.85,BG
B9K7M5,50.0,7.0,Cellulose,1.0,246.0946,27.85,BG
B9K7M5,50.0,8.0,Cellulose,0.9947,246.0946,27.85,BG
B9K7M5,60.0,4.0,Cellulose,1.0,246.0946,27.85,BG
B9K7M5,60.0,5.0,Cellulose,1.0,246.0946,27.85,BG
B9K7M5,60.0,6.0,Cellulose,1.0,246.0946,27.85,BG
B9K7M5,60.0,7.0,Cellulose,1.0,246.0946,27.85,BG
B9K7M5,60.0,8.0,Cellulose,0.9915,246.0946,27.85,BG
B9K7M5,70.0,4.0,Cellulose,1.0,246.0946,27.85,BG
B9K7M5,70.0,5.0,Cellulose,1.0,246.0946,27.85,BG
B9K7M5,70.0,6.0,Cellulose,1.0,246.0946,27.85,BG
B9K7M5,70.0,7.0,Cellulose,0.9992,246.0946,27.85,BG
B9K7M5,70.0,8.0,Cellulose,0.9166,246.0946,27.85,BG
B9K7M5,30.0,4.0,Xylan,0.7263,246.0946,27.85,BG
B9K7M5,30.0,5.0,Xylan,0.7491,246.0946,27.85,BG
B9K7M5,30.0,6.0,Xylan,0.6959,246.0946,27.85,BG
B9K7M5,30.0,7.0,Xylan,0.5686,246.0946,27.85,BG
B9K7M5,30.0,8.0,Xylan,0.383,246.0946,27.85,BG
B9K7M5,40.0,4.0,Xylan,0.9331,246.0946,27.85,BG
B9K7M5,40.0,5.0,Xylan,0.9496,246.0946,27.85,BG
B9K7M5,40.0,6.0,Xylan,0.9087,246.0946,27.85,BG
B9K7M5,40.0,7.0,Xylan,0.7875,246.0946,27.85,BG
B9K7M5,40.0,8.0,Xylan,0.5838,246.0946,27.85,BG
B9K7M5,50.0,4.0,Xylan,0.9883,246.0946,27.85,BG
B9K7M5,50.0,5.0,Xylan,0.9936,246.0946,27.85,BG
B9K7M5,50.0,6.0,Xylan,0.9772,246.0946,27.85,BG
B9K7M5,50.0,7.0,Xylan,0.885,246.0946,27.85,BG
B9K7M5,50.0,8.0,Xylan,0.6845,246.0946,27.85,BG
B9K7M5,60.0,4.0,Xylan,0.9829,246.0946,27.85,BG
B9K7M5,60.0,5.0,Xylan,0.99,246.0946,27.85,BG
B9K7M5,60.0,6.0,Xylan,0.9691,246.0946,27.85,BG
B9K7M5,60.0,7.0,Xylan,0.8699,246.0946,27.85,BG
B9K7M5,60.0,8.0,Xylan,0.6679,246.0946,27.85,BG
B9K7M5,70.0,4.0,Xylan,0.8918,246.0946,27.85,BG
B9K7M5,70.0,5.0,Xylan,0.9115,246.0946,27.85,BG
B9K7M5,70.0,6.0,Xylan,0.8642,246.0946,27.85,BG
B9K7M5,70.0,7.0,Xylan,0.7377,246.0946,27.85,BG
B9K7M5,70.0,8.0,Xylan,0.536,246.0946,27.85,BG
B9K7M5,30.0,4.0,Bagasse,0.9909,246.0946,27.85,BG
B9K7M5,30.0,5.0,Bagasse,0.9953,246.0946,27.85,BG
B9K7M5,30.0,6.0,Bagasse,0.9813,246.0946,27.85,BG
B9K7M5,30.0,7.0,Bagasse,0.8937,246.0946,27.85,BG
B9K7M5,30.0,8.0,Bagasse,0.6942,246.0946,27.85,BG
B9K7M5,40.0,4.0,Bagasse,1.0,246.0946,27.85,BG
B9K7M5,40.0,5.0,Bagasse,1.0,246.0946,27.85,BG
B9K7M5,40.0,6.0,Bagasse,1.0,246.0946,27.85,BG
B9K7M5,40.0,7.0,Bagasse,0.9988,246.0946,27.85,BG
B9K7M5,40.0,8.0,Bagasse,0.9073,246.0946,27.85,BG
B9K7M5,50.0,4.0,Bagasse,1.0,246.0946,27.85,BG
B9K7M5,50.0,5.0,Bagasse,1.0,246.0946,27.85,BG
B9K7M5,50.0,6.0,Bagasse,1.0,246.0946,27.85,BG
B9K7M5,50.0,7.0,Bagasse,1.0,246.0946,27.85,BG
B9K7M5,50.0,8.0,Bagasse,0.9765,246.0946,27.85,BG
B9K7M5,60.0,4.0,Bagasse,1.0,246.0946,27.85,BG
B9K7M5,60.0,5.0,Bagasse,1.0,246.0946,27.85,BG
B9K7M5,60.0,6.0,Bagasse,1.0,246.0946,27.85,BG
B9K7M5,60.0,7.0,Bagasse,1.0,246.0946,27.85,BG
B9K7M5,60.0,8.0,Bagasse,0.9683,246.0946,27.85,BG
B9K7M5,70.0,4.0,Bagasse,1.0,246.0946,27.85,BG
B9K7M5,70.0,5.0,Bagasse,1.0,246.0946,27.85,BG
B9K7M5,70.0,6.0,Bagasse,1.0,246.0946,27.85,BG
B9K7M5,70.0,7.0,Bagasse,0.9933,246.0946,27.85,BG
B9K7M5,70.0,8.0,Bagasse,0.8626,246.0946,27.85,BG
E4Q361,30.0,4.0,Cellulose,0.5239,47.3107,27.92,BG
E4Q361,30.0,5.0,Cellulose,0.7194,47.3107,27.92,BG
E4Q361,30.0,6.0,Cellulose,0.8406,47.3107,27.92,BG
E4Q361,30.0,7.0,Cellulose,0.8834,47.3107,27.92,BG
E4Q361,30.0,8.0,Cellulose,0.8552,47.3107,27.92,BG
E4Q361,40.0,4.0,Cellulose,0.7418,47.3107,27.92,BG
E4Q361,40.0,5.0,Cellulose,0.9281,47.3107,27.92,BG
E4Q361,40.0,6.0,Cellulose,0.9918,47.3107,27.92,BG
E4Q361,40.0,7.0,Cellulose,0.9981,47.3107,27.92,BG
E4Q361,40.0,8.0,Cellulose,0.9947,47.3107,27.92,BG
E4Q361,50.0,4.0,Cellulose,0.842,47.3107,27.92,BG
E4Q361,50.0,5.0,Cellulose,0.9861,47.3107,27.92,BG
E4Q361,50.0,6.0,Cellulose,0.9998,47.3107,27.92,BG
E4Q361,50.0,7.0,Cellulose,1.0,47.3107,27.92,BG
E4Q361,50.0,8.0,Cellulose,0.9999,47.3107,27.92,BG
E4Q361,60.0,4.0,Cellulose,0.8247,47.3107,27.92,BG
E4Q361,60.0,5.0,Cellulose,0.9795,47.3107,27.92,BG
E4Q361,60.0,6.0,Cellulose,0.9996,47.3107,27.92,BG
E4Q361,60.0,7.0,Cellulose,1.0,47.3107,27.92,BG
E4Q361,60.0,8.0,Cellulose,0.9998,47.3107,27.92,BG
E4Q361,70.0,4.0,Cellulose,0.6878,47.3107,27.92,BG
E4Q361,70.0,5.0,Cellulose,0.8826,47.3107,27.92,BG
E4Q361,70.0,6.0,Cellulose,0.9727,47.3107,27.92,BG
E4Q361,70.0,7.0,Cellulose,0.9899,47.3107,27.92,BG
E4Q361,70.0,8.0,Cellulose,0.9796,47.3107,27.92,BG
E4Q361,30.0,4.0,Xylan,0.2052,47.3107,27.92,BG
E4Q361,30.0,5.0,Xylan,0.3492,47.3107,27.92,BG
E4Q361,30.0,6.0,Xylan,0.4545,47.3107,27.92,BG
E4Q361,30.0,7.0,Xylan,0.4965,47.3107,27.92,BG
E4Q361,30.0,8.0,Xylan,0.4683,47.3107,27.92,BG
E4Q361,40.0,4.0,Xylan,0.3675,47.3107,27.92,BG
E4Q361,40.0,5.0,Xylan,0.5464,47.3107,27.92,BG
E4Q361,40.0,6.0,Xylan,0.6665,47.3107,27.92,BG
E4Q361,40.0,7.0,Xylan,0.7125,47.3107,27.92,BG
E4Q361,40.0,8.0,Xylan,0.6818,47.3107,27.92,BG
E4Q361,50.0,4.0,Xylan,0.4558,47.3107,27.92,BG
E4Q361,50.0,5.0,Xylan,0.6458,47.3107,27.92,BG
E4Q361,50.0,6.0,Xylan,0.7684,47.3107,27.92,BG
E4Q361,50.0,7.0,Xylan,0.8138,47.3107,27.92,BG
E4Q361,50.0,8.0,Xylan,0.7836,47.3107,27.92,BG
E4Q361,60.0,4.0,Xylan,0.4397,47.3107,27.92,BG
E4Q361,60.0,5.0,Xylan,0.628,47.3107,27.92,BG
E4Q361,60.0,6.0,Xylan,0.7504,47.3107,27.92,BG
E4Q361,60.0,7.0,Xylan,0.7961,47.3107,27.92,BG
E4Q361,60.0,8.0,Xylan,0.7657,47.3107,27.92,BG
E4Q361,70.0,4.0,Xylan,0.3239,47.3107,27.92,BG
E4Q361,70.0,5.0,Xylan,0.4957,47.3107,27.92,BG
E4Q361,70.0,6.0,Xylan,0.6131,47.3107,27.92,BG
E4Q361,70.0,7.0,Xylan,0.6586,47.3107,27.92,BG
E4Q361,70.0,8.0,Xylan,0.6282,47.3107,27.92,BG
E4Q361,30.0,4.0,Bagasse,0.4668,47.3107,27.92,BG
E4Q361,30.0,5.0,Bagasse,0.6579,47.3107,27.92,BG
E4Q361,30.0,6.0,Bagasse,0.7805,47.3107,27.92,BG
E4Q361,30.0,7.0,Bagasse,0.8257,47.3107,27.92,BG
E4Q361,30.0,8.0,Bagasse,0.7957,47.3107,27.92,BG
E4Q361,40.0,4.0,Bagasse,0.6802,47.3107,27.92,BG
E4Q361,40.0,5.0,Bagasse,0.8757,47.3107,27.92,BG
E4Q361,40.0,6.0,Bagasse,0.9688,47.3107,27.92,BG
E4Q361,40.0,7.0,Bagasse,0.9878,47.3107,27.92,BG
E4Q361,40.0,8.0,Bagasse,0.9763,47.3107,27.92,BG
E4Q361,50.0,4.0,Bagasse,0.7819,47.3107,27.92,BG
E4Q361,50.0,5.0,Bagasse,0.9566,47.3107,27.92,BG
E4Q361,50.0,6.0,Bagasse,0.9976,47.3107,27.92,BG
E4Q361,50.0,7.0,Bagasse,0.9996,47.3107,27.92,BG
E4Q361,50.0,8.0,Bagasse,0.9987,47.3107,27.92,BG
E4Q361,60.0,4.0,Bagasse,0.7641,47.3107,27.92,BG
E4Q361,60.0,5.0,Bagasse,0.9447,47.3107,27.92,BG
E4Q361,60.0,6.0,Bagasse,0.9957,47.3107,27.92,BG
E4Q361,60.0,7.0,Bagasse,0.9992,47.3107,27.92,BG
E4Q361,60.0,8.0,Bagasse,0.9974,47.3107,27.92,BG
E4Q361,70.0,4.0,Bagasse,0.6266,47.3107,27.92,BG
E4Q361,70.0,5.0,Bagasse,0.8248,47.3107,27.92,BG
E4Q361,70.0,6.0,Bagasse,0.9337,47.3107,27.92,BG
E4Q361,70.0,7.0,Bagasse,0.9644,47.3107,27.92,BG
E4Q361,70.0,8.0,Bagasse,0.9448,47.3107,27.92,BG
P94248,30.0,4.0,Cellulose,0.4212,5.2441,27.33,BG
P94248,30.0,5.0,Cellulose,0.4824,5.2441,27.33,BG
P94248,30.0,6.0,Cellulose,0.4754,5.2441,27.33,BG
P94248,30.0,7.0,Cellulose,0.4015,5.2441,27.33,BG
P94248,30.0,8.0,Cellulose,0.2753,5.2441,27.33,BG
P94248,40.0,4.0,Cellulose,0.6316,5.2441,27.33,BG
P94248,40.0,5.0,Cellulose,0.6998,5.2441,27.33,BG
P94248,40.0,6.0,Cellulose,0.6922,5.2441,27.33,BG
P94248,40.0,7.0,Cellulose,0.6091,5.2441,27.33,BG
P94248,40.0,8.0,Cellulose,0.4584,5.2441,27.33,BG
P94248,50.0,4.0,Cellulose,0.7372,5.2441,27.33,BG
P94248,50.0,5.0,Cellulose,0.8054,5.2441,27.33,BG
P94248,50.0,6.0,Cellulose,0.7979,5.2441,27.33,BG
P94248,50.0,7.0,Cellulose,0.7143,5.2441,27.33,BG
P94248,50.0,8.0,Cellulose,0.5568,5.2441,27.33,BG
P94248,60.0,4.0,Cellulose,0.7241,5.2441,27.33,BG
P94248,60.0,5.0,Cellulose,0.7925,5.2441,27.33,BG
P94248,60.0,6.0,Cellulose,0.785,5.2441,27.33,BG
P94248,60.0,7.0,Cellulose,0.7012,5.2441,27.33,BG
P94248,60.0,8.0,Cellulose,0.5443,5.2441,27.33,BG
P94248,70.0,4.0,Cellulose,0.5931,5.2441,27.33,BG
P94248,70.0,5.0,Cellulose,0.6606,5.2441,27.33,BG
P94248,70.0,6.0,Cellulose,0.653,5.2441,27.33,BG
P94248,70.0,7.0,Cellulose,0.571,5.2441,27.33,BG
P94248,70.0,8.0,Cellulose,0.4237,5.2441,27.33,BG
P94248,30.0,4.0,Xylan,0.1454,5.2441,27.33,BG
P94248,30.0,5.0,Xylan,0.1823,5.2441,27.33,BG
P94248,30.0,6.0,Xylan,0.178,5.2441,27.33,BG
P94248,30.0,7.0,Xylan,0.1342,5.2441,27.33,BG
P94248,30.0,8.0,Xylan,0.0716,5.2441,27.33,BG
P94248,40.0,4.0,Xylan,0.2848,5.2441,27.33,BG
P94248,40.0,5.0,Xylan,0.3371,5.2441,27.33,BG
P94248,40.0,6.0,Xylan,0.3311,5.2441,27.33,BG
P94248,40.0,7.0,Xylan,0.2684,5.2441,27.33,BG
P94248,40.0,8.0,Xylan,0.1675,5.2441,27.33,BG
P94248,50.0,4.0,Xylan,0.3672,5.2441,27.33,BG
P94248,50.0,5.0,Xylan,0.4254,5.2441,27.33,BG
P94248,50.0,6.0,Xylan,0.4187,5.2441,27.33,BG
P94248,50.0,7.0,Xylan,0.3486,5.2441,27.33,BG
P94248,50.0,8.0,Xylan,0.2314,5.2441,27.33,BG
P94248,60.0,4.0,Xylan,0.3565,5.2441,27.33,BG
P94248,60.0,5.0,Xylan,0.414,5.2441,27.33,BG
P94248,60.0,6.0,Xylan,0.4074,5.2441,27.33,BG
P94248,60.0,7.0,Xylan,0.3382,5.2441,27.33,BG
P94248,60.0,8.0,Xylan,0.2229,5.2441,27.33,BG
P94248,70.0,4.0,Xylan,0.2568,5.2441,27.33,BG
P94248,70.0,5.0,Xylan,0.3066,5.2441,27.33,BG
P94248,70.0,6.0,Xylan,0.3009,5.2441,27.33,BG
P94248,70.0,7.0,Xylan,0.2412,5.2441,27.33,BG
P94248,70.0,8.0,Xylan,0.1468,5.2441,27.33,BG
P94248,30.0,4.0,Bagasse,0.3694,5.2441,27.33,BG
P94248,30.0,5.0,Bagasse,0.4277,5.2441,27.33,BG
P94248,30.0,6.0,Bagasse,0.421,5.2441,27.33,BG
P94248,30.0,7.0,Bagasse,0.3508,5.2441,27.33,BG
P94248,30.0,8.0,Bagasse,0.2331,5.2441,27.33,BG
P94248,40.0,4.0,Bagasse,0.5719,5.2441,27.33,BG
P94248,40.0,5.0,Bagasse,0.6389,5.2441,27.33,BG
P94248,40.0,6.0,Bagasse,0.6314,5.2441,27.33,BG
P94248,40.0,7.0,Bagasse,0.55,5.2441,27.33,BG
P94248,40.0,8.0,Bagasse,0.4048,5.2441,27.33,BG
P94248,50.0,4.0,Bagasse,0.6761,5.2441,27.33,BG
P94248,50.0,5.0,Bagasse,0.7447,5.2441,27.33,BG
P94248,50.0,6.0,Bagasse,0.737,5.2441,27.33,BG
P94248,50.0,7.0,Bagasse,0.6533,5.2441,27.33,BG
P94248,50.0,8.0,Bagasse,0.4993,5.2441,27.33,BG
P94248,60.0,4.0,Bagasse,0.663,5.2441,27.33,BG
P94248,60.0,5.0,Bagasse,0.7316,5.2441,27.33,BG
P94248,60.0,6.0,Bagasse,0.7239,5.2441,27.33,BG
P94248,60.0,7.0,Bagasse,0.6403,5.2441,27.33,BG
P94248,60.0,8.0,Bagasse,0.4872,5.2441,27.33,BG
P94248,70.0,4.0,Bagasse,0.5344,5.2441,27.33,BG
P94248,70.0,5.0,Bagasse,0.6003,5.2441,27.33,BG
P94248,70.0,6.0,Bagasse,0.5929,5.2441,27.33,BG
P94248,70.0,7.0,Bagasse,0.513,5.2441,27.33,BG
P94248,70.0,8.0,Bagasse,0.3717,5.2441,27.33,BG
Q1XH04,30.0,4.0,Cellulose,0.9289,73.6516,28.49,BG
Q1XH04,30.0,5.0,Cellulose,0.9168,73.6516,28.49,BG
Q1XH04,30.0,6.0,Cellulose,0.8346,73.6516,28.49,BG
Q1XH04,30.0,7.0,Cellulose,0.669,73.6516,28.49,BG
Q1XH04,30.0,8.0,Cellulose,0.4387,73.6516,28.49,BG
Q1XH04,40.0,4.0,Cellulose,0.9997,73.6516,28.49,BG
Q1XH04,40.0,5.0,Cellulose,0.9995,73.6516,28.49,BG
Q1XH04,40.0,6.0,Cellulose,0.9887,73.6516,28.49,BG
Q1XH04,40.0,7.0,Cellulose,0.8803,73.6516,28.49,BG
Q1XH04,40.0,8.0,Cellulose,0.6421,73.6516,28.49,BG
Q1XH04,50.0,4.0,Cellulose,1.0,73.6516,28.49,BG
Q1XH04,50.0,5.0,Cellulose,1.0,73.6516,28.49,BG
Q1XH04,50.0,6.0,Cellulose,0.9996,73.6516,28.49,BG
Q1XH04,50.0,7.0,Cellulose,0.957,73.6516,28.49,BG
Q1XH04,50.0,8.0,Cellulose,0.7391,73.6516,28.49,BG
Q1XH04,60.0,4.0,Cellulose,1.0,73.6516,28.49,BG
Q1XH04,60.0,5.0,Cellulose,1.0,73.6516,28.49,BG
Q1XH04,60.0,6.0,Cellulose,0.999,73.6516,28.49,BG
Q1XH04,60.0,7.0,Cellulose,0.9427,73.6516,28.49,BG
Q1XH04,60.0,8.0,Cellulose,0.7178,73.6516,28.49,BG
Q1XH04,70.0,4.0,Cellulose,0.9966,73.6516,28.49,BG
Q1XH04,70.0,5.0,Cellulose,0.9946,73.6516,28.49,BG
Q1XH04,70.0,6.0,Cellulose,0.9605,73.6516,28.49,BG
Q1XH04,70.0,7.0,Cellulose,0.8199,73.6516,28.49,BG
Q1XH04,70.0,8.0,Cellulose,0.5795,73.6516,28.49,BG
Q1XH04,30.0,4.0,Xylan,0.5518,73.6516,28.49,BG
Q1XH04,30.0,5.0,Xylan,0.5373,73.6516,28.49,BG
Q1XH04,30.0,6.0,Xylan,0.4535,73.6516,28.49,BG
Q1XH04,30.0,7.0,Xylan,0.3145,73.6516,28.49,BG
Q1XH04,30.0,8.0,Xylan,0.1568,73.6516,28.49,BG
Q1XH04,40.0,4.0,Xylan,0.7647,73.6516,28.49,BG
Q1XH04,40.0,5.0,Xylan,0.7496,73.6516,28.49,BG
Q1XH04,40.0,6.0,Xylan,0.6586,73.6516,28.49,BG
Q1XH04,40.0,7.0,Xylan,0.4979,73.6516,28.49,BG
Q1XH04,40.0,8.0,Xylan,0.2941,73.6516,28.49,BG
Q1XH04,50.0,4.0,Xylan,0.8594,73.6516,28.49,BG
Q1XH04,50.0,5.0,Xylan,0.8451,73.6516,28.49,BG
Q1XH04,50.0,6.0,Xylan,0.7557,73.6516,28.49,BG
Q1XH04,50.0,7.0,Xylan,0.5901,73.6516,28.49,BG
Q1XH04,50.0,8.0,Xylan,0.3703,73.6516,28.49,BG
Q1XH04,60.0,4.0,Xylan,0.8392,73.6516,28.49,BG
Q1XH04,60.0,5.0,Xylan,0.8246,73.6516,28.49,BG
Q1XH04,60.0,6.0,Xylan,0.7344,73.6516,28.49,BG
Q1XH04,60.0,7.0,Xylan,0.5695,73.6516,28.49,BG
Q1XH04,60.0,8.0,Xylan,0.3529,73.6516,28.49,BG
Q1XH04,70.0,4.0,Xylan,0.7007,73.6516,28.49,BG
Q1XH04,70.0,5.0,Xylan,0.6856,73.6516,28.49,BG
Q1XH04,70.0,6.0,Xylan,0.5956,73.6516,28.49,BG
Q1XH04,70.0,7.0,Xylan,0.44,73.6516,28.49,BG
Q1XH04,70.0,8.0,Xylan,0.2486,73.6516,28.49,BG
Q1XH04,30.0,4.0,Bagasse,0.8771,73.6516,28.49,BG
Q1XH04,30.0,5.0,Bagasse,0.8632,73.6516,28.49,BG
Q1XH04,30.0,6.0,Bagasse,0.7749,73.6516,28.49,BG
Q1XH04,30.0,7.0,Bagasse,0.6088,73.6516,28.49,BG
Q1XH04,30.0,8.0,Bagasse,0.3863,73.6516,28.49,BG
Q1XH04,40.0,4.0,Bagasse,0.997,73.6516,28.49,BG
Q1XH04,40.0,5.0,Bagasse,0.9951,73.6516,28.49,BG
Q1XH04,40.0,6.0,Bagasse,0.9623,73.6516,28.49,BG
Q1XH04,40.0,7.0,Bagasse,0.823,73.6516,28.49,BG
Q1XH04,40.0,8.0,Bagasse,0.5825,73.6516,28.49,BG
Q1XH04,50.0,4.0,Bagasse,1.0,73.6516,28.49,BG
Q1XH04,50.0,5.0,Bagasse,0.9999,73.6516,28.49,BG
Q1XH04,50.0,6.0,Bagasse,0.9959,73.6516,28.49,BG
Q1XH04,50.0,7.0,Bagasse,0.912,73.6516,28.49,BG
Q1XH04,50.0,8.0,Bagasse,0.6782,73.6516,28.49,BG
Q1XH04,60.0,4.0,Bagasse,0.9999,73.6516,28.49,BG
Q1XH04,60.0,5.0,Bagasse,0.9997,73.6516,28.49,BG
Q1XH04,60.0,6.0,Bagasse,0.9923,73.6516,28.49,BG
Q1XH04,60.0,7.0,Bagasse,0.8937,73.6516,28.49,BG
Q1XH04,60.0,8.0,Bagasse,0.657,73.6516,28.49,BG
Q1XH04,70.0,4.0,Bagasse,0.9826,73.6516,28.49,BG
Q1XH04,70.0,5.0,Bagasse,0.9764,73.6516,28.49,BG
Q1XH04,70.0,6.0,Bagasse,0.9166,73.6516,28.49,BG
Q1XH04,70.0,7.0,Bagasse,0.7598,73.6516,28.49,BG
Q1XH04,70.0,8.0,Bagasse,0.5215,73.6516,28.49,BG
Q5RF65,30.0,4.0,Cellulose,0.3501,5.731,27.58,BG
Q5RF65,30.0,5.0,Cellulose,0.4615,5.731,27.58,BG
Q5RF65,30.0,6.0,Cellulose,0.5107,5.731,27.58,BG
Q5RF65,30.0,7.0,Cellulose,0.4894,5.731,27.58,BG
Q5RF65,30.0,8.0,Cellulose,0.401,5.731,27.58,BG
Q5RF65,40.0,4.0,Cellulose,0.5495,5.731,27.58,BG
Q5RF65,40.0,5.0,Cellulose,0.6768,5.731,27.58,BG
Q5RF65,40.0,6.0,Cellulose,0.7303,5.731,27.58,BG
Q5RF65,40.0,7.0,Cellulose,0.7073,5.731,27.58,BG
Q5RF65,40.0,8.0,Cellulose,0.6087,5.731,27.58,BG
Q5RF65,50.0,4.0,Cellulose,0.652,5.731,27.58,BG
Q5RF65,50.0,5.0,Cellulose,0.7818,5.731,27.58,BG
Q5RF65,50.0,6.0,Cellulose,0.8342,5.731,27.58,BG
Q5RF65,50.0,7.0,Cellulose,0.8119,5.731,27.58,BG
Q5RF65,50.0,8.0,Cellulose,0.7131,5.731,27.58,BG
Q5RF65,60.0,4.0,Cellulose,0.6378,5.731,27.58,BG
Q5RF65,60.0,5.0,Cellulose,0.7675,5.731,27.58,BG
Q5RF65,60.0,6.0,Cellulose,0.8203,5.731,27.58,BG
Q5RF65,60.0,7.0,Cellulose,0.7979,5.731,27.58,BG
Q5RF65,60.0,8.0,Cellulose,0.6987,5.731,27.58,BG
Q5RF65,70.0,4.0,Cellulose,0.5089,5.731,27.58,BG
Q5RF65,70.0,5.0,Cellulose,0.6341,5.731,27.58,BG
Q5RF65,70.0,6.0,Cellulose,0.6873,5.731,27.58,BG
Q5RF65,70.0,7.0,Cellulose,0.6644,5.731,27.58,BG
Q5RF65,70.0,8.0,Cellulose,0.5669,5.731,27.58,BG
Q5RF65,30.0,4.0,Xylan,0.1052,5.731,27.58,BG
Q5RF65,30.0,5.0,Xylan,0.1675,5.731,27.58,BG
Q5RF65,30.0,6.0,Xylan,0.1986,5.731,27.58,BG
Q5RF65,30.0,7.0,Xylan,0.1849,5.731,27.58,BG
Q5RF65,30.0,8.0,Xylan,0.1322,5.731,27.58,BG
Q5RF65,40.0,4.0,Xylan,0.2245,5.731,27.58,BG
Q5RF65,40.0,5.0,Xylan,0.3172,5.731,27.58,BG
Q5RF65,40.0,6.0,Xylan,0.3598,5.731,27.58,BG
Q5RF65,40.0,7.0,Xylan,0.3413,5.731,27.58,BG
Q5RF65,40.0,8.0,Xylan,0.2661,5.731,27.58,BG
Q5RF65,50.0,4.0,Xylan,0.2983,5.731,27.58,BG
Q5RF65,50.0,5.0,Xylan,0.4031,5.731,27.58,BG
Q5RF65,50.0,6.0,Xylan,0.45,5.731,27.58,BG
Q5RF65,50.0,7.0,Xylan,0.4296,5.731,27.58,BG
Q5RF65,50.0,8.0,Xylan,0.3459,5.731,27.58,BG
Q5RF65,60.0,4.0,Xylan,0.2876,5.731,27.58,BG
Q5RF65,60.0,5.0,Xylan,0.3909,5.731,27.58,BG
Q5RF65,60.0,6.0,Xylan,0.4372,5.731,27.58,BG
Q5RF65,60.0,7.0,Xylan,0.4171,5.731,27.58,BG
Q5RF65,60.0,8.0,Xylan,0.3344,5.731,27.58,BG
Q5RF65,70.0,4.0,Xylan,0.1974,5.731,27.58,BG
Q5RF65,70.0,5.0,Xylan,0.2848,5.731,27.58,BG
Q5RF65,70.0,6.0,Xylan,0.3254,5.731,27.58,BG
Q5RF65,70.0,7.0,Xylan,0.3077,5.731,27.58,BG
Q5RF65,70.0,8.0,Xylan,0.2365,5.731,27.58,BG
Q5RF65,30.0,4.0,Bagasse,0.3021,5.731,27.58,BG
Q5RF65,30.0,5.0,Bagasse,0.4074,5.731,27.58,BG
Q5RF65,30.0,6.0,Bagasse,0.4545,5.731,27.58,BG
Q5RF65,30.0,7.0,Bagasse,0.4341,5.731,27.58,BG
Q5RF65,30.0,8.0,Bagasse,0.3499,5.731,27.58,BG
Q5RF65,40.0,4.0,Bagasse,0.4919,5.731,27.58,BG
Q5RF65,40.0,5.0,Bagasse,0.616,5.731,27.58,BG
Q5RF65,40.0,6.0,Bagasse,0.6689,5.731,27.58,BG
Q5RF65,40.0,7.0,Bagasse,0.6462,5.731,27.58,BG
Q5RF65,40.0,8.0,Bagasse,0.5493,5.731,27.58,BG
Q5RF65,50.0,4.0,Bagasse,0.5917,5.731,27.58,BG
Q5RF65,50.0,5.0,Bagasse,0.7205,5.731,27.58,BG
Q5RF65,50.0,6.0,Bagasse,0.774,5.731,27.58,BG
Q5RF65,50.0,7.0,Bagasse,0.7511,5.731,27.58,BG
Q5RF65,50.0,8.0,Bagasse,0.6518,5.731,27.58,BG
Q5RF65,60.0,4.0,Bagasse,0.5778,5.731,27.58,BG
Q5RF65,60.0,5.0,Bagasse,0.7062,5.731,27.58,BG
Q5RF65,60.0,6.0,Bagasse,0.7597,5.731,27.58,BG
Q5RF65,60.0,7.0,Bagasse,0.7368,5.731,27.58,BG
Q5RF65,60.0,8.0,Bagasse,0.6376,5.731,27.58,BG
Q5RF65,70.0,4.0,Bagasse,0.4528,5.731,27.58,BG
Q5RF65,70.0,5.0,Bagasse,0.5741,5.731,27.58,BG
Q5RF65,70.0,6.0,Bagasse,0.6263,5.731,27.58,BG
Q5RF65,70.0,7.0,Bagasse,0.6038,5.731,27.58,BG
Q5RF65,70.0,8.0,Bagasse,0.5087,5.731,27.58,BG
Q9FYS3,30.0,4.0,Cellulose,0.8489,73.7576,28.46,BG
Q9FYS3,30.0,5.0,Cellulose,0.929,73.7576,28.46,BG
Q9FYS3,30.0,6.0,Cellulose,0.9404,73.7576,28.46,BG
Q9FYS3,30.0,7.0,Cellulose,0.8909,73.7576,28.46,BG
Q9FYS3,30.0,8.0,Cellulose,0.7593,73.7576,28.46,BG
Q9FYS3,40.0,4.0,Cellulose,0.9925,73.7576,28.46,BG
Q9FYS3,40.0,5.0,Cellulose,0.9998,73.7576,28.46,BG
Q9FYS3,40.0,6.0,Cellulose,0.9999,73.7576,28.46,BG
Q9FYS3,40.0,7.0,Cellulose,0.9983,73.7576,28.46,BG
Q9FYS3,40.0,8.0,Cellulose,0.9532,73.7576,28.46,BG
Q9FYS3,50.0,4.0,Cellulose,0.9998,73.7576,28.46,BG
Q9FYS3,50.0,5.0,Cellulose,1.0,73.7576,28.46,BG
Q9FYS3,50.0,6.0,Cellulose,1.0,73.7576,28.46,BG
Q9FYS3,50.0,7.0,Cellulose,1.0,73.7576,28.46,BG
Q9FYS3,50.0,8.0,Cellulose,0.9937,73.7576,28.46,BG
Q9FYS3,60.0,4.0,Cellulose,0.9995,73.7576,28.46,BG
Q9FYS3,60.0,5.0,Cellulose,1.0,73.7576,28.46,BG
Q9FYS3,60.0,6.0,Cellulose,1.0,73.7576,28.46,BG
Q9FYS3,60.0,7.0,Cellulose,1.0,73.7576,28.46,BG
Q9FYS3,60.0,8.0,Cellulose,0.9888,73.7576,28.46,BG
Q9FYS3,70.0,4.0,Cellulose,0.9692,73.7576,28.46,BG
Q9FYS3,70.0,5.0,Cellulose,0.9967,73.7576,28.46,BG
Q9FYS3,70.0,6.0,Cellulose,0.998,73.7576,28.46,BG
Q9FYS3,70.0,7.0,Cellulose,0.9879,73.7576,28.46,BG
Q9FYS3,70.0,8.0,Cellulose,0.9041,73.7576,28.46,BG
Q9FYS3,30.0,4.0,Xylan,0.4645,73.7576,28.46,BG
Q9FYS3,30.0,5.0,Xylan,0.5498,73.7576,28.46,BG
Q9FYS3,30.0,6.0,Xylan,0.5644,73.7576,28.46,BG
Q9FYS3,30.0,7.0,Xylan,0.5066,73.7576,28.46,BG
Q9FYS3,30.0,8.0,Xylan,0.3845,73.7576,28.46,BG
Q9FYS3,40.0,4.0,Xylan,0.6726,73.7576,28.46,BG
Q9FYS3,40.0,5.0,Xylan,0.7641,73.7576,28.46,BG
Q9FYS3,40.0,6.0,Xylan,0.7793,73.7576,28.46,BG
Q9FYS3,40.0,7.0,Xylan,0.7183,73.7576,28.46,BG
Q9FYS3,40.0,8.0,Xylan,0.5824,73.7576,28.46,BG
Q9FYS3,50.0,4.0,Xylan,0.7703,73.7576,28.46,BG
Q9FYS3,50.0,5.0,Xylan,0.8592,73.7576,28.46,BG
Q9FYS3,50.0,6.0,Xylan,0.8733,73.7576,28.46,BG
Q9FYS3,50.0,7.0,Xylan,0.8154,73.7576,28.46,BG
Q9FYS3,50.0,8.0,Xylan,0.6788,73.7576,28.46,BG
Q9FYS3,60.0,4.0,Xylan,0.7489,73.7576,28.46,BG
Q9FYS3,60.0,5.0,Xylan,0.8389,73.7576,28.46,BG
Q9FYS3,60.0,6.0,Xylan,0.8534,73.7576,28.46,BG
Q9FYS3,60.0,7.0,Xylan,0.7944,73.7576,28.46,BG
Q9FYS3,60.0,8.0,Xylan,0.6574,73.7576,28.46,BG
Q9FYS3,70.0,4.0,Xylan,0.6089,73.7576,28.46,BG
Q9FYS3,70.0,5.0,Xylan,0.6997,73.7576,28.46,BG
Q9FYS3,70.0,6.0,Xylan,0.715,73.7576,28.46,BG
Q9FYS3,70.0,7.0,Xylan,0.6541,73.7576,28.46,BG
Q9FYS3,70.0,8.0,Xylan,0.5209,73.7576,28.46,BG
Q9FYS3,30.0,4.0,Bagasse,0.7894,73.7576,28.46,BG
Q9FYS3,30.0,5.0,Bagasse,0.877,73.7576,28.46,BG
Q9FYS3,30.0,6.0,Bagasse,0.8907,73.7576,28.46,BG
Q9FYS3,30.0,7.0,Bagasse,0.8341,73.7576,28.46,BG
Q9FYS3,30.0,8.0,Bagasse,0.6981,73.7576,28.46,BG
Q9FYS3,40.0,4.0,Bagasse,0.9708,73.7576,28.46,BG
Q9FYS3,40.0,5.0,Bagasse,0.997,73.7576,28.46,BG
Q9FYS3,40.0,6.0,Bagasse,0.9983,73.7576,28.46,BG
Q9FYS3,40.0,7.0,Bagasse,0.9888,73.7576,28.46,BG
Q9FYS3,40.0,8.0,Bagasse,0.9068,73.7576,28.46,BG
Q9FYS3,50.0,4.0,Bagasse,0.9976,73.7576,28.46,BG
Q9FYS3,50.0,5.0,Bagasse,1.0,73.7576,28.46,BG
Q9FYS3,50.0,6.0,Bagasse,1.0,73.7576,28.46,BG
Q9FYS3,50.0,7.0,Bagasse,0.9996,73.7576,28.46,BG
Q9FYS3,50.0,8.0,Bagasse,0.9739,73.7576,28.46,BG
Q9FYS3,60.0,4.0,Bagasse,0.9951,73.7576,28.46,BG
Q9FYS3,60.0,5.0,Bagasse,0.9999,73.7576,28.46,BG
Q9FYS3,60.0,6.0,Bagasse,1.0,73.7576,28.46,BG
Q9FYS3,60.0,7.0,Bagasse,0.999,73.7576,28.46,BG
Q9FYS3,60.0,8.0,Bagasse,0.9625,73.7576,28.46,BG
Q9FYS3,70.0,4.0,Bagasse,0.9288,73.7576,28.46,BG
Q9FYS3,70.0,5.0,Bagasse,0.9828,73.7576,28.46,BG
Q9FYS3,70.0,6.0,Bagasse,0.9878,73.7576,28.46,BG
Q9FYS3,70.0,7.0,Bagasse,0.9605,73.7576,28.46,BG
Q9FYS3,70.0,8.0,Bagasse,0.8487,73.7576,28.46,BG
D5MTF8,30.0,4.0,Cellulose,0.7872,45.411,28.38,BG
D5MTF8,30.0,5.0,Cellulose,0.8609,45.411,28.38,BG
D5MTF8,30.0,6.0,Cellulose,0.8609,45.411,28.38,BG
D5MTF8,30.0,7.0,Cellulose,0.7872,45.411,28.38,BG
D5MTF8,30.0,8.0,Cellulose,0.6352,45.411,28.38,BG
D5MTF8,40.0,4.0,Cellulose,0.9703,45.411,28.38,BG
D5MTF8,40.0,5.0,Cellulose,0.995,45.411,28.38,BG
D5MTF8,40.0,6.0,Cellulose,0.995,45.411,28.38,BG
D5MTF8,40.0,7.0,Cellulose,0.9703,45.411,28.38,BG
D5MTF8,40.0,8.0,Cellulose,0.8508,45.411,28.38,BG
D5MTF8,50.0,4.0,Cellulose,0.9976,45.411,28.38,BG
D5MTF8,50.0,5.0,Cellulose,0.9999,45.411,28.38,BG
D5MTF8,50.0,6.0,Cellulose,0.9999,45.411,28.38,BG
D5MTF8,50.0,7.0,Cellulose,0.9976,45.411,28.38,BG
D5MTF8,50.0,8.0,Cellulose,0.9362,45.411,28.38,BG
D5MTF8,60.0,4.0,Cellulose,0.9953,45.411,28.38,BG
D5MTF8,60.0,5.0,Cellulose,0.9998,45.411,28.38,BG
D5MTF8,60.0,6.0,Cellulose,0.9998,45.411,28.38,BG
D5MTF8,60.0,7.0,Cellulose,0.9953,45.411,28.38,BG
D5MTF8,60.0,8.0,Cellulose,0.9205,45.411,28.38,BG
D5MTF8,70.0,4.0,Cellulose,0.9308,45.411,28.38,BG
D5MTF8,70.0,5.0,Cellulose,0.9777,45.411,28.38,BG
D5MTF8,70.0,6.0,Cellulose,0.9777,45.411,28.38,BG
D5MTF8,70.0,7.0,Cellulose,0.9308,45.411,28.38,BG
D5MTF8,70.0,8.0,Cellulose,0.7919,45.411,28.38,BG
D5MTF8,30.0,4.0,Xylan,0.4087,45.411,28.38,BG
D5MTF8,30.0,5.0,Xylan,0.4765,45.411,28.38,BG
D5MTF8,30.0,6.0,Xylan,0.4765,45.411,28.38,BG
D5MTF8,30.0,7.0,Xylan,0.4087,45.411,28.38,BG
D5MTF8,30.0,8.0,Xylan,0.2864,45.411,28.38,BG
D5MTF8,40.0,4.0,Xylan,0.6111,45.411,28.38,BG
D5MTF8,40.0,5.0,Xylan,0.6866,45.411,28.38,BG
D5MTF8,40.0,6.0,Xylan,0.6866,45.411,28.38,BG
D5MTF8,40.0,7.0,Xylan,0.6111,45.411,28.38,BG
D5MTF8,40.0,8.0,Xylan,0.4667,45.411,28.38,BG
D5MTF8,50.0,4.0,Xylan,0.7093,45.411,28.38,BG
D5MTF8,50.0,5.0,Xylan,0.7854,45.411,28.38,BG
D5MTF8,50.0,6.0,Xylan,0.7854,45.411,28.38,BG
D5MTF8,50.0,7.0,Xylan,0.7093,45.411,28.38,BG
D5MTF8,50.0,8.0,Xylan,0.5591,45.411,28.38,BG
D5MTF8,60.0,4.0,Xylan,0.689,45.411,28.38,BG
D5MTF8,60.0,5.0,Xylan,0.7652,45.411,28.38,BG
D5MTF8,60.0,6.0,Xylan,0.7652,45.411,28.38,BG
D5MTF8,60.0,7.0,Xylan,0.689,45.411,28.38,BG
D5MTF8,60.0,8.0,Xylan,0.5397,45.411,28.38,BG
D5MTF8,70.0,4.0,Xylan,0.5522,45.411,28.38,BG
D5MTF8,70.0,5.0,Xylan,0.6263,45.411,28.38,BG
D5MTF8,70.0,6.0,Xylan,0.6263,45.411,28.38,BG
D5MTF8,70.0,7.0,Xylan,0.5522,45.411,28.38,BG
D5MTF8,70.0,8.0,Xylan,0.4129,45.411,28.38,BG
D5MTF8,30.0,4.0,Bagasse,0.7262,45.411,28.38,BG
D5MTF8,30.0,5.0,Bagasse,0.8021,45.411,28.38,BG
D5MTF8,30.0,6.0,Bagasse,0.8021,45.411,28.38,BG
D5MTF8,30.0,7.0,Bagasse,0.7262,45.411,28.38,BG
D5MTF8,30.0,8.0,Bagasse,0.5754,45.411,28.38,BG
D5MTF8,40.0,4.0,Bagasse,0.9305,45.411,28.38,BG
D5MTF8,40.0,5.0,Bagasse,0.9775,45.411,28.38,BG
D5MTF8,40.0,6.0,Bagasse,0.9775,45.411,28.38,BG
D5MTF8,40.0,7.0,Bagasse,0.9305,45.411,28.38,BG
D5MTF8,40.0,8.0,Bagasse,0.7915,45.411,28.38,BG
D5MTF8,50.0,4.0,Bagasse,0.9861,45.411,28.38,BG
D5MTF8,50.0,5.0,Bagasse,0.9986,45.411,28.38,BG
D5MTF8,50.0,6.0,Bagasse,0.9986,45.411,28.38,BG
D5MTF8,50.0,7.0,Bagasse,0.9861,45.411,28.38,BG
D5MTF8,50.0,8.0,Bagasse,0.8856,45.411,28.38,BG
D5MTF8,60.0,4.0,Bagasse,0.9785,45.411,28.38,BG
D5MTF8,60.0,5.0,Bagasse,0.9971,45.411,28.38,BG
D5MTF8,60.0,6.0,Bagasse,0.9971,45.411,28.38,BG
D5MTF8,60.0,7.0,Bagasse,0.9785,45.411,28.38,BG
D5MTF8,60.0,8.0,Bagasse,0.8672,45.411,28.38,BG
D5MTF8,70.0,4.0,Bagasse,0.8792,45.411,28.38,BG
D5MTF8,70.0,5.0,Bagasse,0.9419,45.411,28.38,BG
D5MTF8,70.0,6.0,Bagasse,0.9419,45.411,28.38,BG
D5MTF8,70.0,7.0,Bagasse,0.8792,45.411,28.38,BG
D5MTF8,70.0,8.0,Bagasse,0.731,45.411,28.38,BG
P49235,30.0,4.0,Cellulose,0.8799,176.7677,28.61,BG
P49235,30.0,5.0,Cellulose,0.984,176.7677,28.61,BG
P49235,30.0,6.0,Cellulose,0.9983,176.7677,28.61,BG
P49235,30.0,7.0,Cellulose,0.9983,176.7677,28.61,BG
P49235,30.0,8.0,Cellulose,0.984,176.7677,28.61,BG
P49235,40.0,4.0,Cellulose,0.9972,176.7677,28.61,BG
P49235,40.0,5.0,Cellulose,1.0,176.7677,28.61,BG
P49235,40.0,6.0,Cellulose,1.0,176.7677,28.61,BG
P49235,40.0,7.0,Cellulose,1.0,176.7677,28.61,BG
P49235,40.0,8.0,Cellulose,1.0,176.7677,28.61,BG
P49235,50.0,4.0,Cellulose,1.0,176.7677,28.61,BG
P49235,50.0,5.0,Cellulose,1.0,176.7677,28.61,BG
P49235,50.0,6.0,Cellulose,1.0,176.7677,28.61,BG
P49235,50.0,7.0,Cellulose,1.0,176.7677,28.61,BG
P49235,50.0,8.0,Cellulose,1.0,176.7677,28.61,BG
P49235,60.0,4.0,Cellulose,0.9999,176.7677,28.61,BG
P49235,60.0,5.0,Cellulose,1.0,176.7677,28.61,BG
P49235,60.0,6.0,Cellulose,1.0,176.7677,28.61,BG
P49235,60.0,7.0,Cellulose,1.0,176.7677,28.61,BG
P49235,60.0,8.0,Cellulose,1.0,176.7677,28.61,BG
P49235,70.0,4.0,Cellulose,0.9822,176.7677,28.61,BG
P49235,70.0,5.0,Cellulose,0.9999,176.7677,28.61,BG
P49235,70.0,6.0,Cellulose,1.0,176.7677,28.61,BG
P49235,70.0,7.0,Cellulose,1.0,176.7677,28.61,BG
P49235,70.0,8.0,Cellulose,0.9999,176.7677,28.61,BG
P49235,30.0,4.0,Xylan,0.4938,176.7677,28.61,BG
P49235,30.0,5.0,Xylan,0.6412,176.7677,28.61,BG
P49235,30.0,6.0,Xylan,0.7175,176.7677,28.61,BG
P49235,30.0,7.0,Xylan,0.7175,176.7677,28.61,BG
P49235,30.0,8.0,Xylan,0.6412,176.7677,28.61,BG
P49235,40.0,4.0,Xylan,0.7044,176.7677,28.61,BG
P49235,40.0,5.0,Xylan,0.855,176.7677,28.61,BG
P49235,40.0,6.0,Xylan,0.9222,176.7677,28.61,BG
P49235,40.0,7.0,Xylan,0.9222,176.7677,28.61,BG
P49235,40.0,8.0,Xylan,0.855,176.7677,28.61,BG
P49235,50.0,4.0,Xylan,0.8009,176.7677,28.61,BG
P49235,50.0,5.0,Xylan,0.9378,176.7677,28.61,BG
P49235,50.0,6.0,Xylan,0.9815,176.7677,28.61,BG
P49235,50.0,7.0,Xylan,0.9815,176.7677,28.61,BG
P49235,50.0,8.0,Xylan,0.9378,176.7677,28.61,BG
P49235,60.0,4.0,Xylan,0.7784,176.7677,28.61,BG
P49235,60.0,5.0,Xylan,0.9203,176.7677,28.61,BG
P49235,60.0,6.0,Xylan,0.9714,176.7677,28.61,BG
P49235,60.0,7.0,Xylan,0.9714,176.7677,28.61,BG
P49235,60.0,8.0,Xylan,0.9203,176.7677,28.61,BG
P49235,70.0,4.0,Xylan,0.6364,176.7677,28.61,BG
P49235,70.0,5.0,Xylan,0.7891,176.7677,28.61,BG
P49235,70.0,6.0,Xylan,0.8628,176.7677,28.61,BG
P49235,70.0,7.0,Xylan,0.8628,176.7677,28.61,BG
P49235,70.0,8.0,Xylan,0.7891,176.7677,28.61,BG
P49235,30.0,4.0,Bagasse,0.8221,176.7677,28.61,BG
P49235,30.0,5.0,Bagasse,0.9529,176.7677,28.61,BG
P49235,30.0,6.0,Bagasse,0.9887,176.7677,28.61,BG
P49235,30.0,7.0,Bagasse,0.9887,176.7677,28.61,BG
P49235,30.0,8.0,Bagasse,0.9529,176.7677,28.61,BG
P49235,40.0,4.0,Bagasse,0.9846,176.7677,28.61,BG
P49235,40.0,5.0,Bagasse,1.0,176.7677,28.61,BG
P49235,40.0,6.0,Bagasse,1.0,176.7677,28.61,BG
P49235,40.0,7.0,Bagasse,1.0,176.7677,28.61,BG
P49235,40.0,8.0,Bagasse,1.0,176.7677,28.61,BG
P49235,50.0,4.0,Bagasse,0.9993,176.7677,28.61,BG
P49235,50.0,5.0,Bagasse,1.0,176.7677,28.61,BG
P49235,50.0,6.0,Bagasse,1.0,176.7677,28.61,BG
P49235,50.0,7.0,Bagasse,1.0,176.7677,28.61,BG
P49235,50.0,8.0,Bagasse,1.0,176.7677,28.61,BG
P49235,60.0,4.0,Bagasse,0.9982,176.7677,28.61,BG
P49235,60.0,5.0,Bagasse,1.0,176.7677,28.61,BG
P49235,60.0,6.0,Bagasse,1.0,176.7677,28.61,BG
P49235,60.0,7.0,Bagasse,1.0,176.7677,28.61,BG
P49235,60.0,8.0,Bagasse,1.0,176.7677,28.61,BG
P49235,70.0,4.0,Bagasse,0.9497,176.7677,28.61,BG
P49235,70.0,5.0,Bagasse,0.9988,176.7677,28.61,BG
P49235,70.0,6.0,Bagasse,1.0,176.7677,28.61,BG
P49235,70.0,7.0,Bagasse,1.0,176.7677,28.61,BG
P49235,70.0,8.0,Bagasse,0.9988,176.7677,28.61,BG
P97265,30.0,4.0,Cellulose,0.2169,4.1922,27.72,BG
P97265,30.0,5.0,Cellulose,0.3513,4.1922,27.72,BG
P97265,30.0,6.0,Cellulose,0.4429,4.1922,27.72,BG
P97265,30.0,7.0,Cellulose,0.4705,4.1922,27.72,BG
P97265,30.0,8.0,Cellulose,0.4293,4.1922,27.72,BG
P97265,40.0,4.0,Cellulose,0.3845,4.1922,27.72,BG
P97265,40.0,5.0,Cellulose,0.5509,4.1922,27.72,BG
P97265,40.0,6.0,Cellulose,0.6558,4.1922,27.72,BG
P97265,40.0,7.0,Cellulose,0.6864,4.1922,27.72,BG
P97265,40.0,8.0,Cellulose,0.6406,4.1922,27.72,BG
P97265,50.0,4.0,Cellulose,0.4762,4.1922,27.72,BG
P97265,50.0,5.0,Cellulose,0.6527,4.1922,27.72,BG
P97265,50.0,6.0,Cellulose,0.76,4.1922,27.72,BG
P97265,50.0,7.0,Cellulose,0.7905,4.1922,27.72,BG
P97265,50.0,8.0,Cellulose,0.7447,4.1922,27.72,BG
P97265,60.0,4.0,Cellulose,0.4621,4.1922,27.72,BG
P97265,60.0,5.0,Cellulose,0.6373,4.1922,27.72,BG
P97265,60.0,6.0,Cellulose,0.7444,4.1922,27.72,BG
P97265,60.0,7.0,Cellulose,0.775,4.1922,27.72,BG
P97265,60.0,8.0,Cellulose,0.7291,4.1922,27.72,BG
P97265,70.0,4.0,Cellulose,0.3459,4.1922,27.72,BG
P97265,70.0,5.0,Cellulose,0.5068,4.1922,27.72,BG
P97265,70.0,6.0,Cellulose,0.6097,4.1922,27.72,BG
P97265,70.0,7.0,Cellulose,0.6399,4.1922,27.72,BG
P97265,70.0,8.0,Cellulose,0.5947,4.1922,27.72,BG
P97265,30.0,4.0,Xylan,0.0471,4.1922,27.72,BG
P97265,30.0,5.0,Xylan,0.1045,4.1922,27.72,BG
P97265,30.0,6.0,Xylan,0.1548,4.1922,27.72,BG
P97265,30.0,7.0,Xylan,0.1716,4.1922,27.72,BG
P97265,30.0,8.0,Xylan,0.1469,4.1922,27.72,BG
P97265,40.0,4.0,Xylan,0.1218,4.1922,27.72,BG
P97265,40.0,5.0,Xylan,0.2239,4.1922,27.72,BG
P97265,40.0,6.0,Xylan,0.2996,4.1922,27.72,BG
P97265,40.0,7.0,Xylan,0.3232,4.1922,27.72,BG
P97265,40.0,8.0,Xylan,0.2881,4.1922,27.72,BG
P97265,50.0,4.0,Xylan,0.1751,4.1922,27.72,BG
P97265,50.0,5.0,Xylan,0.2973,4.1922,27.72,BG
P97265,50.0,6.0,Xylan,0.3831,4.1922,27.72,BG
P97265,50.0,7.0,Xylan,0.4093,4.1922,27.72,BG
P97265,50.0,8.0,Xylan,0.3703,4.1922,27.72,BG
P97265,60.0,4.0,Xylan,0.1664,4.1922,27.72,BG
P97265,60.0,5.0,Xylan,0.2857,4.1922,27.72,BG
P97265,60.0,6.0,Xylan,0.3701,4.1922,27.72,BG
P97265,60.0,7.0,Xylan,0.3959,4.1922,27.72,BG
P97265,60.0,8.0,Xylan,0.3574,4.1922,27.72,BG
P97265,70.0,4.0,Xylan,0.1018,4.1922,27.72,BG
P97265,70.0,5.0,Xylan,0.1945,4.1922,27.72,BG
P97265,70.0,6.0,Xylan,0.2653,4.1922,27.72,BG
P97265,70.0,7.0,Xylan,0.2876,4.1922,27.72,BG
P97265,70.0,8.0,Xylan,0.2545,4.1922,27.72,BG
P97265,30.0,4.0,Bagasse,0.1793,4.1922,27.72,BG
P97265,30.0,5.0,Bagasse,0.3029,4.1922,27.72,BG
P97265,30.0,6.0,Bagasse,0.3894,4.1922,27.72,BG
P97265,30.0,7.0,Bagasse,0.4157,4.1922,27.72,BG
P97265,30.0,8.0,Bagasse,0.3765,4.1922,27.72,BG
P97265,40.0,4.0,Bagasse,0.334,4.1922,27.72,BG
P97265,40.0,5.0,Bagasse,0.493,4.1922,27.72,BG
P97265,40.0,6.0,Bagasse,0.5952,4.1922,27.72,BG
P97265,40.0,7.0,Bagasse,0.6253,4.1922,27.72,BG
P97265,40.0,8.0,Bagasse,0.5803,4.1922,27.72,BG
P97265,50.0,4.0,Bagasse,0.4212,4.1922,27.72,BG
P97265,50.0,5.0,Bagasse,0.5922,4.1922,27.72,BG
P97265,50.0,6.0,Bagasse,0.6984,4.1922,27.72,BG
P97265,50.0,7.0,Bagasse,0.7291,4.1922,27.72,BG
P97265,50.0,8.0,Bagasse,0.6831,4.1922,27.72,BG
P97265,60.0,4.0,Bagasse,0.4076,4.1922,27.72,BG
P97265,60.0,5.0,Bagasse,0.577,4.1922,27.72,BG
P97265,60.0,6.0,Bagasse,0.6829,4.1922,27.72,BG
P97265,60.0,7.0,Bagasse,0.7135,4.1922,27.72,BG
P97265,60.0,8.0,Bagasse,0.6676,4.1922,27.72,BG
P97265,70.0,4.0,Bagasse,0.2978,4.1922,27.72,BG
P97265,70.0,5.0,Bagasse,0.4505,4.1922,27.72,BG
P97265,70.0,6.0,Bagasse,0.5501,4.1922,27.72,BG
P97265,70.0,7.0,Bagasse,0.5796,4.1922,27.72,BG
P97265,70.0,8.0,Bagasse,0.5355,4.1922,27.72,BG
Q1XIR9,30.0,4.0,Cellulose,0.5005,15.5713,28.4,BG
Q1XIR9,30.0,5.0,Cellulose,0.633,15.5713,28.4,BG
Q1XIR9,30.0,6.0,Cellulose,0.6938,15.5713,28.4,BG
Q1XIR9,30.0,7.0,Cellulose,0.6785,15.5713,28.4,BG
Q1XIR9,30.0,8.0,Cellulose,0.5879,15.5713,28.4,BG
Q1XIR9,40.0,4.0,Cellulose,0.7137,15.5713,28.4,BG
Q1XIR9,40.0,5.0,Cellulose,0.8493,15.5713,28.4,BG
Q1XIR9,40.0,6.0,Cellulose,0.9047,15.5713,28.4,BG
Q1XIR9,40.0,7.0,Cellulose,0.8914,15.5713,28.4,BG
Q1XIR9,40.0,8.0,Cellulose,0.805,15.5713,28.4,BG
Q1XIR9,50.0,4.0,Cellulose,0.8123,15.5713,28.4,BG
Q1XIR9,50.0,5.0,Cellulose,0.9351,15.5713,28.4,BG
Q1XIR9,50.0,6.0,Cellulose,0.9733,15.5713,28.4,BG
Q1XIR9,50.0,7.0,Cellulose,0.9654,15.5713,28.4,BG
Q1XIR9,50.0,8.0,Cellulose,0.8979,15.5713,28.4,BG
Q1XIR9,60.0,4.0,Cellulose,0.7923,15.5713,28.4,BG
Q1XIR9,60.0,5.0,Cellulose,0.9193,15.5713,28.4,BG
Q1XIR9,60.0,6.0,Cellulose,0.9625,15.5713,28.4,BG
Q1XIR9,60.0,7.0,Cellulose,0.953,15.5713,28.4,BG
Q1XIR9,60.0,8.0,Cellulose,0.8799,15.5713,28.4,BG
Q1XIR9,70.0,4.0,Cellulose,0.6528,15.5713,28.4,BG
Q1XIR9,70.0,5.0,Cellulose,0.7902,15.5713,28.4,BG
Q1XIR9,70.0,6.0,Cellulose,0.8496,15.5713,28.4,BG
Q1XIR9,70.0,7.0,Cellulose,0.835,15.5713,28.4,BG
Q1XIR9,70.0,8.0,Cellulose,0.7445,15.5713,28.4,BG
Q1XIR9,30.0,4.0,Xylan,0.191,15.5713,28.4,BG
Q1XIR9,30.0,5.0,Xylan,0.2831,15.5713,28.4,BG
Q1XIR9,30.0,6.0,Xylan,0.3298,15.5713,28.4,BG
Q1XIR9,30.0,7.0,Xylan,0.3178,15.5713,28.4,BG
Q1XIR9,30.0,8.0,Xylan,0.2503,15.5713,28.4,BG
Q1XIR9,40.0,4.0,Xylan,0.3457,15.5713,28.4,BG
Q1XIR9,40.0,5.0,Xylan,0.4639,15.5713,28.4,BG
Q1XIR9,40.0,6.0,Xylan,0.5204,15.5713,28.4,BG
Q1XIR9,40.0,7.0,Xylan,0.5061,15.5713,28.4,BG
Q1XIR9,40.0,8.0,Xylan,0.423,15.5713,28.4,BG
Q1XIR9,50.0,4.0,Xylan,0.4295,15.5713,28.4,BG
Q1XIR9,50.0,5.0,Xylan,0.5566,15.5713,28.4,BG
Q1XIR9,50.0,6.0,Xylan,0.616,15.5713,28.4,BG
Q1XIR9,50.0,7.0,Xylan,0.601,15.5713,28.4,BG
Q1XIR9,50.0,8.0,Xylan,0.513,15.5713,28.4,BG
Q1XIR9,60.0,4.0,Xylan,0.4117,15.5713,28.4,BG
Q1XIR9,60.0,5.0,Xylan,0.5372,15.5713,28.4,BG
Q1XIR9,60.0,6.0,Xylan,0.5961,15.5713,28.4,BG
Q1XIR9,60.0,7.0,Xylan,0.5812,15.5713,28.4,BG
Q1XIR9,60.0,8.0,Xylan,0.4941,15.5713,28.4,BG
Q1XIR9,70.0,4.0,Xylan,0.2981,15.5713,28.4,BG
Q1XIR9,70.0,5.0,Xylan,0.4099,15.5713,28.4,BG
Q1XIR9,70.0,6.0,Xylan,0.4641,15.5713,28.4,BG
Q1XIR9,70.0,7.0,Xylan,0.4503,15.5713,28.4,BG
Q1XIR9,70.0,8.0,Xylan,0.3709,15.5713,28.4,BG
Q1XIR9,30.0,4.0,Bagasse,0.4446,15.5713,28.4,BG
Q1XIR9,30.0,5.0,Bagasse,0.5729,15.5713,28.4,BG
Q1XIR9,30.0,6.0,Bagasse,0.6328,15.5713,28.4,BG
Q1XIR9,30.0,7.0,Bagasse,0.6177,15.5713,28.4,BG
Q1XIR9,30.0,8.0,Bagasse,0.529,15.5713,28.4,BG
Q1XIR9,40.0,4.0,Bagasse,0.6524,15.5713,28.4,BG
Q1XIR9,40.0,5.0,Bagasse,0.7898,15.5713,28.4,BG
Q1XIR9,40.0,6.0,Bagasse,0.8492,15.5713,28.4,BG
Q1XIR9,40.0,7.0,Bagasse,0.8346,15.5713,28.4,BG
Q1XIR9,40.0,8.0,Bagasse,0.7441,15.5713,28.4,BG
Q1XIR9,50.0,4.0,Bagasse,0.7515,15.5713,28.4,BG
Q1XIR9,50.0,5.0,Bagasse,0.8842,15.5713,28.4,BG
Q1XIR9,50.0,6.0,Bagasse,0.935,15.5713,28.4,BG
Q1XIR9,50.0,7.0,Bagasse,0.9232,15.5713,28.4,BG
Q1XIR9,50.0,8.0,Bagasse,0.8417,15.5713,28.4,BG
Q1XIR9,60.0,4.0,Bagasse,0.7312,15.5713,28.4,BG
Q1XIR9,60.0,5.0,Bagasse,0.8657,15.5713,28.4,BG
Q1XIR9,60.0,6.0,Bagasse,0.9192,15.5713,28.4,BG
Q1XIR9,60.0,7.0,Bagasse,0.9065,15.5713,28.4,BG
Q1XIR9,60.0,8.0,Bagasse,0.8221,15.5713,28.4,BG
Q1XIR9,70.0,4.0,Bagasse,0.5924,15.5713,28.4,BG
Q1XIR9,70.0,5.0,Bagasse,0.729,15.5713,28.4,BG
Q1XIR9,70.0,6.0,Bagasse,0.79,15.5713,28.4,BG
Q1XIR9,70.0,7.0,Bagasse,0.7748,15.5713,28.4,BG
Q1XIR9,70.0,8.0,Bagasse,0.6831,15.5713,28.4,BG
Q25BW5,30.0,4.0,Cellulose,0.4845,6.9096,28.46,BG
Q25BW5,30.0,5.0,Cellulose,0.5487,6.9096,28.46,BG
Q25BW5,30.0,6.0,Cellulose,0.5415,6.9096,28.46,BG
Q25BW5,30.0,7.0,Cellulose,0.4637,6.9096,28.46,BG
Q25BW5,30.0,8.0,Cellulose,0.3281,6.9096,28.46,BG
Q25BW5,40.0,4.0,Cellulose,0.6941,6.9096,28.46,BG
Q25BW5,40.0,5.0,Cellulose,0.7627,6.9096,28.46,BG
Q25BW5,40.0,6.0,Cellulose,0.7551,6.9096,28.46,BG
Q25BW5,40.0,7.0,Cellulose,0.6713,6.9096,28.46,BG
Q25BW5,40.0,8.0,Cellulose,0.5158,6.9096,28.46,BG
Q25BW5,50.0,4.0,Cellulose,0.7915,6.9096,28.46,BG
Q25BW5,50.0,5.0,Cellulose,0.8578,6.9096,28.46,BG
Q25BW5,50.0,6.0,Cellulose,0.8506,6.9096,28.46,BG
Q25BW5,50.0,7.0,Cellulose,0.7688,6.9096,28.46,BG
Q25BW5,50.0,8.0,Cellulose,0.6096,6.9096,28.46,BG
Q25BW5,60.0,4.0,Cellulose,0.7703,6.9096,28.46,BG
Q25BW5,60.0,5.0,Cellulose,0.8375,6.9096,28.46,BG
Q25BW5,60.0,6.0,Cellulose,0.8302,6.9096,28.46,BG
Q25BW5,60.0,7.0,Cellulose,0.7475,6.9096,28.46,BG
Q25BW5,60.0,8.0,Cellulose,0.5886,6.9096,28.46,BG
Q25BW5,70.0,4.0,Cellulose,0.6302,6.9096,28.46,BG
Q25BW5,70.0,5.0,Cellulose,0.6984,6.9096,28.46,BG
Q25BW5,70.0,6.0,Cellulose,0.6908,6.9096,28.46,BG
Q25BW5,70.0,7.0,Cellulose,0.6077,6.9096,28.46,BG
Q25BW5,70.0,8.0,Cellulose,0.4568,6.9096,28.46,BG
Q25BW5,30.0,4.0,Xylan,0.1827,6.9096,28.46,BG
Q25BW5,30.0,5.0,Xylan,0.2249,6.9096,28.46,BG
Q25BW5,30.0,6.0,Xylan,0.2199,6.9096,28.46,BG
Q25BW5,30.0,7.0,Xylan,0.1697,6.9096,28.46,BG
Q25BW5,30.0,8.0,Xylan,0.0949,6.9096,28.46,BG
Q25BW5,40.0,4.0,Xylan,0.3318,6.9096,28.46,BG
Q25BW5,40.0,5.0,Xylan,0.3879,6.9096,28.46,BG
Q25BW5,40.0,6.0,Xylan,0.3815,6.9096,28.46,BG
Q25BW5,40.0,7.0,Xylan,0.314,6.9096,28.46,BG
Q25BW5,40.0,8.0,Xylan,0.2029,6.9096,28.46,BG
Q25BW5,50.0,4.0,Xylan,0.4127,6.9096,28.46,BG
Q25BW5,50.0,5.0,Xylan,0.4736,6.9096,28.46,BG
Q25BW5,50.0,6.0,Xylan,0.4667,6.9096,28.46,BG
Q25BW5,50.0,7.0,Xylan,0.3931,6.9096,28.46,BG
Q25BW5,50.0,8.0,Xylan,0.2678,6.9096,28.46,BG
Q25BW5,60.0,4.0,Xylan,0.3943,6.9096,28.46,BG
Q25BW5,60.0,5.0,Xylan,0.4543,6.9096,28.46,BG
Q25BW5,60.0,6.0,Xylan,0.4474,6.9096,28.46,BG
Q25BW5,60.0,7.0,Xylan,0.3751,6.9096,28.46,BG
Q25BW5,60.0,8.0,Xylan,0.2527,6.9096,28.46,BG
Q25BW5,70.0,4.0,Xylan,0.2829,6.9096,28.46,BG
Q25BW5,70.0,5.0,Xylan,0.3352,6.9096,28.46,BG
Q25BW5,70.0,6.0,Xylan,0.3292,6.9096,28.46,BG
Q25BW5,70.0,7.0,Xylan,0.2664,6.9096,28.46,BG
Q25BW5,70.0,8.0,Xylan,0.1655,6.9096,28.46,BG
Q25BW5,30.0,4.0,Bagasse,0.4295,6.9096,28.46,BG
Q25BW5,30.0,5.0,Bagasse,0.4913,6.9096,28.46,BG
Q25BW5,30.0,6.0,Bagasse,0.4843,6.9096,28.46,BG
Q25BW5,30.0,7.0,Bagasse,0.4096,6.9096,28.46,BG
Q25BW5,30.0,8.0,Bagasse,0.2817,6.9096,28.46,BG
Q25BW5,40.0,4.0,Bagasse,0.6333,6.9096,28.46,BG
Q25BW5,40.0,5.0,Bagasse,0.7015,6.9096,28.46,BG
Q25BW5,40.0,6.0,Bagasse,0.6939,6.9096,28.46,BG
Q25BW5,40.0,7.0,Bagasse,0.6108,6.9096,28.46,BG
Q25BW5,40.0,8.0,Bagasse,0.4596,6.9096,28.46,BG
Q25BW5,50.0,4.0,Bagasse,0.7306,6.9096,28.46,BG
Q25BW5,50.0,5.0,Bagasse,0.7988,6.9096,28.46,BG
Q25BW5,50.0,6.0,Bagasse,0.7913,6.9096,28.46,BG
Q25BW5,50.0,7.0,Bagasse,0.7077,6.9096,28.46,BG
Q25BW5,50.0,8.0,Bagasse,0.5504,6.9096,28.46,BG
Q25BW5,60.0,4.0,Bagasse,0.7091,6.9096,28.46,BG
Q25BW5,60.0,5.0,Bagasse,0.7777,6.9096,28.46,BG
Q25BW5,60.0,6.0,Bagasse,0.7701,6.9096,28.46,BG
Q25BW5,60.0,7.0,Bagasse,0.6863,6.9096,28.46,BG
Q25BW5,60.0,8.0,Bagasse,0.53,6.9096,28.46,BG
Q25BW5,70.0,4.0,Bagasse,0.5705,6.9096,28.46,BG
Q25BW5,70.0,5.0,Bagasse,0.6375,6.9096,28.46,BG
Q25BW5,70.0,6.0,Bagasse,0.63,6.9096,28.46,BG
Q25BW5,70.0,7.0,Bagasse,0.5485,6.9096,28.46,BG
Q25BW5,70.0,8.0,Bagasse,0.4031,6.9096,28.46,BG
Q41761,30.0,4.0,Cellulose,0.3199,11.6767,28.36,BG
Q41761,30.0,5.0,Cellulose,0.4911,11.6767,28.36,BG
Q41761,30.0,6.0,Cellulose,0.6084,11.6767,28.36,BG
Q41761,30.0,7.0,Cellulose,0.6539,11.6767,28.36,BG
Q41761,30.0,8.0,Cellulose,0.6235,11.6767,28.36,BG
Q41761,40.0,4.0,Cellulose,0.5097,11.6767,28.36,BG
Q41761,40.0,5.0,Cellulose,0.7044,11.6767,28.36,BG
Q41761,40.0,6.0,Cellulose,0.8261,11.6767,28.36,BG
Q41761,40.0,7.0,Cellulose,0.8697,11.6767,28.36,BG
Q41761,40.0,8.0,Cellulose,0.8409,11.6767,28.36,BG
Q41761,50.0,4.0,Cellulose,0.6051,11.6767,28.36,BG
Q41761,50.0,5.0,Cellulose,0.8035,11.6767,28.36,BG
Q41761,50.0,6.0,Cellulose,0.9163,11.6767,28.36,BG
Q41761,50.0,7.0,Cellulose,0.9507,11.6767,28.36,BG
Q41761,50.0,8.0,Cellulose,0.9285,11.6767,28.36,BG
Q41761,60.0,4.0,Cellulose,0.5853,11.6767,28.36,BG
Q41761,60.0,5.0,Cellulose,0.7834,11.6767,28.36,BG
Q41761,60.0,6.0,Cellulose,0.8992,11.6767,28.36,BG
Q41761,60.0,7.0,Cellulose,0.9363,11.6767,28.36,BG
Q41761,60.0,8.0,Cellulose,0.9122,11.6767,28.36,BG
Q41761,70.0,4.0,Cellulose,0.4535,11.6767,28.36,BG
Q41761,70.0,5.0,Cellulose,0.6434,11.6767,28.36,BG
Q41761,70.0,6.0,Cellulose,0.766,11.6767,28.36,BG
Q41761,70.0,7.0,Cellulose,0.8115,11.6767,28.36,BG
Q41761,70.0,8.0,Cellulose,0.7812,11.6767,28.36,BG
Q41761,30.0,4.0,Xylan,0.0886,11.6767,28.36,BG
Q41761,30.0,5.0,Xylan,0.1836,11.6767,28.36,BG
Q41761,30.0,6.0,Xylan,0.2636,11.6767,28.36,BG
Q41761,30.0,7.0,Xylan,0.2974,11.6767,28.36,BG
Q41761,30.0,8.0,Xylan,0.2746,11.6767,28.36,BG
Q41761,40.0,4.0,Xylan,0.1955,11.6767,28.36,BG
Q41761,40.0,5.0,Xylan,0.3368,11.6767,28.36,BG
Q41761,40.0,6.0,Xylan,0.4408,11.6767,28.36,BG
Q41761,40.0,7.0,Xylan,0.4826,11.6767,28.36,BG
Q41761,40.0,8.0,Xylan,0.4546,11.6767,28.36,BG
Q41761,50.0,4.0,Xylan,0.2612,11.6767,28.36,BG
Q41761,50.0,5.0,Xylan,0.4203,11.6767,28.36,BG
Q41761,50.0,6.0,Xylan,0.5325,11.6767,28.36,BG
Q41761,50.0,7.0,Xylan,0.5767,11.6767,28.36,BG
Q41761,50.0,8.0,Xylan,0.5471,11.6767,28.36,BG
Q41761,60.0,4.0,Xylan,0.2469,11.6767,28.36,BG
Q41761,60.0,5.0,Xylan,0.4026,11.6767,28.36,BG
Q41761,60.0,6.0,Xylan,0.5133,11.6767,28.36,BG
Q41761,60.0,7.0,Xylan,0.557,11.6767,28.36,BG
Q41761,60.0,8.0,Xylan,0.5278,11.6767,28.36,BG
Q41761,70.0,4.0,Xylan,0.1603,11.6767,28.36,BG
Q41761,70.0,5.0,Xylan,0.2895,11.6767,28.36,BG
Q41761,70.0,6.0,Xylan,0.3876,11.6767,28.36,BG
Q41761,70.0,7.0,Xylan,0.4275,11.6767,28.36,BG
Q41761,70.0,8.0,Xylan,0.4007,11.6767,28.36,BG
Q41761,30.0,4.0,Bagasse,0.2734,11.6767,28.36,BG
Q41761,30.0,5.0,Bagasse,0.4353,11.6767,28.36,BG
Q41761,30.0,6.0,Bagasse,0.5488,11.6767,28.36,BG
Q41761,30.0,7.0,Bagasse,0.5932,11.6767,28.36,BG
Q41761,30.0,8.0,Bagasse,0.5635,11.6767,28.36,BG
Q41761,40.0,4.0,Bagasse,0.4531,11.6767,28.36,BG
Q41761,40.0,5.0,Bagasse,0.643,11.6767,28.36,BG
Q41761,40.0,6.0,Bagasse,0.7656,11.6767,28.36,BG
Q41761,40.0,7.0,Bagasse,0.811,11.6767,28.36,BG
Q41761,40.0,8.0,Bagasse,0.7808,11.6767,28.36,BG
Q41761,50.0,4.0,Bagasse,0.5455,11.6767,28.36,BG
Q41761,50.0,5.0,Bagasse,0.7424,11.6767,28.36,BG
Q41761,50.0,6.0,Bagasse,0.8622,11.6767,28.36,BG
Q41761,50.0,7.0,Bagasse,0.9034,11.6767,28.36,BG
Q41761,50.0,8.0,Bagasse,0.8763,11.6767,28.36,BG
Q41761,60.0,4.0,Bagasse,0.5262,11.6767,28.36,BG
Q41761,60.0,5.0,Bagasse,0.722,11.6767,28.36,BG
Q41761,60.0,6.0,Bagasse,0.843,11.6767,28.36,BG
Q41761,60.0,7.0,Bagasse,0.8856,11.6767,28.36,BG
Q41761,60.0,8.0,Bagasse,0.8575,11.6767,28.36,BG
Q41761,70.0,4.0,Bagasse,0.3993,11.6767,28.36,BG
Q41761,70.0,5.0,Bagasse,0.583,11.6767,28.36,BG
Q41761,70.0,6.0,Bagasse,0.7044,11.6767,28.36,BG
Q41761,70.0,7.0,Bagasse,0.7505,11.6767,28.36,BG
Q41761,70.0,8.0,Bagasse,0.7198,11.6767,28.36,BG
O80690,30.0,4.0,Cellulose,0.5164,10.056,27.56,BG
O80690,30.0,5.0,Cellulose,0.5891,10.056,27.56,BG
O80690,30.0,6.0,Cellulose,0.5891,10.056,27.56,BG
O80690,30.0,7.0,Cellulose,0.5164,10.056,27.56,BG
O80690,30.0,8.0,Cellulose,0.3809,10.056,27.56,BG
O80690,40.0,4.0,Cellulose,0.7356,10.056,27.56,BG
O80690,40.0,5.0,Cellulose,0.8113,10.056,27.56,BG
O80690,40.0,6.0,Cellulose,0.8113,10.056,27.56,BG
O80690,40.0,7.0,Cellulose,0.7356,10.056,27.56,BG
O80690,40.0,8.0,Cellulose,0.5845,10.056,27.56,BG
O80690,50.0,4.0,Cellulose,0.8391,10.056,27.56,BG
O80690,50.0,5.0,Cellulose,0.9085,10.056,27.56,BG
O80690,50.0,6.0,Cellulose,0.9085,10.056,27.56,BG
O80690,50.0,7.0,Cellulose,0.8391,10.056,27.56,BG
O80690,50.0,8.0,Cellulose,0.6879,10.056,27.56,BG
O80690,60.0,4.0,Cellulose,0.8253,10.056,27.56,BG
O80690,60.0,5.0,Cellulose,0.8962,10.056,27.56,BG
O80690,60.0,6.0,Cellulose,0.8962,10.056,27.56,BG
O80690,60.0,7.0,Cellulose,0.8253,10.056,27.56,BG
O80690,60.0,8.0,Cellulose,0.6737,10.056,27.56,BG
O80690,70.0,4.0,Cellulose,0.6927,10.056,27.56,BG
O80690,70.0,5.0,Cellulose,0.7689,10.056,27.56,BG
O80690,70.0,6.0,Cellulose,0.7689,10.056,27.56,BG
O80690,70.0,7.0,Cellulose,0.6927,10.056,27.56,BG
O80690,70.0,8.0,Cellulose,0.5433,10.056,27.56,BG
O80690,30.0,4.0,Xylan,0.2037,10.056,27.56,BG
O80690,30.0,5.0,Xylan,0.2535,10.056,27.56,BG
O80690,30.0,6.0,Xylan,0.2535,10.056,27.56,BG
O80690,30.0,7.0,Xylan,0.2037,10.056,27.56,BG
O80690,30.0,8.0,Xylan,0.1224,10.056,27.56,BG
O80690,40.0,4.0,Xylan,0.3655,10.056,27.56,BG
O80690,40.0,5.0,Xylan,0.4303,10.056,27.56,BG
O80690,40.0,6.0,Xylan,0.4303,10.056,27.56,BG
O80690,40.0,7.0,Xylan,0.3655,10.056,27.56,BG
O80690,40.0,8.0,Xylan,0.2503,10.056,27.56,BG
O80690,50.0,4.0,Xylan,0.4557,10.056,27.56,BG
O80690,50.0,5.0,Xylan,0.5258,10.056,27.56,BG
O80690,50.0,6.0,Xylan,0.5258,10.056,27.56,BG
O80690,50.0,7.0,Xylan,0.4557,10.056,27.56,BG
O80690,50.0,8.0,Xylan,0.3273,10.056,27.56,BG
O80690,60.0,4.0,Xylan,0.4429,10.056,27.56,BG
O80690,60.0,5.0,Xylan,0.5124,10.056,27.56,BG
O80690,60.0,6.0,Xylan,0.5124,10.056,27.56,BG
O80690,60.0,7.0,Xylan,0.4429,10.056,27.56,BG
O80690,60.0,8.0,Xylan,0.3162,10.056,27.56,BG
O80690,70.0,4.0,Xylan,0.3311,10.056,27.56,BG
O80690,70.0,5.0,Xylan,0.3934,10.056,27.56,BG
O80690,70.0,6.0,Xylan,0.3934,10.056,27.56,BG
O80690,70.0,7.0,Xylan,0.3311,10.056,27.56,BG
O80690,70.0,8.0,Xylan,0.2217,10.056,27.56,BG
O80690,30.0,4.0,Bagasse,0.4602,10.056,27.56,BG
O80690,30.0,5.0,Bagasse,0.5305,10.056,27.56,BG
O80690,30.0,6.0,Bagasse,0.5305,10.056,27.56,BG
O80690,30.0,7.0,Bagasse,0.4602,10.056,27.56,BG
O80690,30.0,8.0,Bagasse,0.3313,10.056,27.56,BG
O80690,40.0,4.0,Bagasse,0.6744,10.056,27.56,BG
O80690,40.0,5.0,Bagasse,0.7507,10.056,27.56,BG
O80690,40.0,6.0,Bagasse,0.7507,10.056,27.56,BG
O80690,40.0,7.0,Bagasse,0.6744,10.056,27.56,BG
O80690,40.0,8.0,Bagasse,0.526,10.056,27.56,BG
O80690,50.0,4.0,Bagasse,0.7792,10.056,27.56,BG
O80690,50.0,5.0,Bagasse,0.8534,10.056,27.56,BG
O80690,50.0,6.0,Bagasse,0.8534,10.056,27.56,BG
O80690,50.0,7.0,Bagasse,0.7792,10.056,27.56,BG
O80690,50.0,8.0,Bagasse,0.6272,10.056,27.56,BG
O80690,60.0,4.0,Bagasse,0.7649,10.056,27.56,BG
O80690,60.0,5.0,Bagasse,0.8398,10.056,27.56,BG
O80690,60.0,6.0,Bagasse,0.8398,10.056,27.56,BG
O80690,60.0,7.0,Bagasse,0.7649,10.056,27.56,BG
O80690,60.0,8.0,Bagasse,0.6131,10.056,27.56,BG
O80690,70.0,4.0,Bagasse,0.6319,10.056,27.56,BG
O80690,70.0,5.0,Bagasse,0.7077,10.056,27.56,BG
O80690,70.0,6.0,Bagasse,0.7077,10.056,27.56,BG
O80690,70.0,7.0,Bagasse,0.6319,10.056,27.56,BG
O80690,70.0,8.0,Bagasse,0.4862,10.056,27.56,BG
Q23892,30.0,4.0,Cellulose,0.5958,15.2886,25.45,BG
Q23892,30.0,5.0,Cellulose,0.6181,15.2886,25.45,BG
Q23892,30.0,6.0,Cellulose,0.5665,15.2886,25.45,BG
Q23892,30.0,7.0,Cellulose,0.4473,15.2886,25.45,BG
Q23892,30.0,8.0,Cellulose,0.2819,15.2886,25.45,BG
Q23892,40.0,4.0,Cellulose,0.8315,15.2886,25.45,BG
Q23892,40.0,5.0,Cellulose,0.8535,15.2886,25.45,BG
Q23892,40.0,6.0,Cellulose,0.8017,15.2886,25.45,BG
Q23892,40.0,7.0,Cellulose,0.6726,15.2886,25.45,BG
Q23892,40.0,8.0,Cellulose,0.4762,15.2886,25.45,BG
Q23892,50.0,4.0,Cellulose,0.9373,15.2886,25.45,BG
Q23892,50.0,5.0,Cellulose,0.9535,15.2886,25.45,BG
Q23892,50.0,6.0,Cellulose,0.9129,15.2886,25.45,BG
Q23892,50.0,7.0,Cellulose,0.7913,15.2886,25.45,BG
Q23892,50.0,8.0,Cellulose,0.5876,15.2886,25.45,BG
Q23892,60.0,4.0,Cellulose,0.9373,15.2886,25.45,BG
Q23892,60.0,5.0,Cellulose,0.9535,15.2886,25.45,BG
Q23892,60.0,6.0,Cellulose,0.9129,15.2886,25.45,BG
Q23892,60.0,7.0,Cellulose,0.7913,15.2886,25.45,BG
Q23892,60.0,8.0,Cellulose,0.5876,15.2886,25.45,BG
Q23892,70.0,4.0,Cellulose,0.8315,15.2886,25.45,BG
Q23892,70.0,5.0,Cellulose,0.8535,15.2886,25.45,BG
Q23892,70.0,6.0,Cellulose,0.8017,15.2886,25.45,BG
Q23892,70.0,7.0,Cellulose,0.6726,15.2886,25.45,BG
Q23892,70.0,8.0,Cellulose,0.4762,15.2886,25.45,BG
Q23892,30.0,4.0,Xylan,0.2615,15.2886,25.45,BG
Q23892,30.0,5.0,Xylan,0.2775,15.2886,25.45,BG
Q23892,30.0,6.0,Xylan,0.2409,15.2886,25.45,BG
Q23892,30.0,7.0,Xylan,0.1635,15.2886,25.45,BG
Q23892,30.0,8.0,Xylan,0.0764,15.2886,25.45,BG
Q23892,40.0,4.0,Xylan,0.4502,15.2886,25.45,BG
Q23892,40.0,5.0,Xylan,0.4706,15.2886,25.45,BG
Q23892,40.0,6.0,Xylan,0.4236,15.2886,25.45,BG
Q23892,40.0,7.0,Xylan,0.3182,15.2886,25.45,BG
Q23892,40.0,8.0,Xylan,0.1813,15.2886,25.45,BG
Q23892,50.0,4.0,Xylan,0.5597,15.2886,25.45,BG
Q23892,50.0,5.0,Xylan,0.5816,15.2886,25.45,BG
Q23892,50.0,6.0,Xylan,0.5309,15.2886,25.45,BG
Q23892,50.0,7.0,Xylan,0.4146,15.2886,25.45,BG
Q23892,50.0,8.0,Xylan,0.2556,15.2886,25.45,BG
Q23892,60.0,4.0,Xylan,0.5597,15.2886,25.45,BG
Q23892,60.0,5.0,Xylan,0.5816,15.2886,25.45,BG
Q23892,60.0,6.0,Xylan,0.5309,15.2886,25.45,BG
Q23892,60.0,7.0,Xylan,0.4146,15.2886,25.45,BG
Q23892,60.0,8.0,Xylan,0.2556,15.2886,25.45,BG
Q23892,70.0,4.0,Xylan,0.4502,15.2886,25.45,BG
Q23892,70.0,5.0,Xylan,0.4706,15.2886,25.45,BG
Q23892,70.0,6.0,Xylan,0.4236,15.2886,25.45,BG
Q23892,70.0,7.0,Xylan,0.3182,15.2886,25.45,BG
Q23892,70.0,8.0,Xylan,0.1813,15.2886,25.45,BG
Q23892,30.0,4.0,Bagasse,0.5374,15.2886,25.45,BG
Q23892,30.0,5.0,Bagasse,0.5591,15.2886,25.45,BG
Q23892,30.0,6.0,Bagasse,0.509,15.2886,25.45,BG
Q23892,30.0,7.0,Bagasse,0.3947,15.2886,25.45,BG
Q23892,30.0,8.0,Bagasse,0.2398,15.2886,25.45,BG
Q23892,40.0,4.0,Bagasse,0.7713,15.2886,25.45,BG
Q23892,40.0,5.0,Bagasse,0.794,15.2886,25.45,BG
Q23892,40.0,6.0,Bagasse,0.7408,15.2886,25.45,BG
Q23892,40.0,7.0,Bagasse,0.6123,15.2886,25.45,BG
Q23892,40.0,8.0,Bagasse,0.4222,15.2886,25.45,BG
Q23892,50.0,4.0,Bagasse,0.886,15.2886,25.45,BG
Q23892,50.0,5.0,Bagasse,0.9062,15.2886,25.45,BG
Q23892,50.0,6.0,Bagasse,0.8578,15.2886,25.45,BG
Q23892,50.0,7.0,Bagasse,0.7303,15.2886,25.45,BG
Q23892,50.0,8.0,Bagasse,0.5294,15.2886,25.45,BG
Q23892,60.0,4.0,Bagasse,0.886,15.2886,25.45,BG
Q23892,60.0,5.0,Bagasse,0.9062,15.2886,25.45,BG
Q23892,60.0,6.0,Bagasse,0.8578,15.2886,25.45,BG
Q23892,60.0,7.0,Bagasse,0.7303,15.2886,25.45,BG
Q23892,60.0,8.0,Bagasse,0.5294,15.2886,25.45,BG
Q23892,70.0,4.0,Bagasse,0.7713,15.2886,25.45,BG
Q23892,70.0,5.0,Bagasse,0.794,15.2886,25.45,BG
Q23892,70.0,6.0,Bagasse,0.7408,15.2886,25.45,BG
Q23892,70.0,7.0,Bagasse,0.6123,15.2886,25.45,BG
Q23892,70.0,8.0,Bagasse,0.4222,15.2886,25.45,BG
P33363,30.0,4.0,Cellulose,0.4623,5.212,26.94,BG
P33363,30.0,5.0,Cellulose,0.4691,5.212,26.94,BG
P33363,30.0,6.0,Cellulose,0.4089,5.212,26.94,BG
P33363,30.0,7.0,Cellulose,0.2936,5.212,26.94,BG
P33363,30.0,8.0,Cellulose,0.1546,5.212,26.94,BG
P33363,40.0,4.0,Cellulose,0.679,5.212,26.94,BG
P33363,40.0,5.0,Cellulose,0.6866,5.212,26.94,BG
P33363,40.0,6.0,Cellulose,0.6188,5.212,26.94,BG
P33363,40.0,7.0,Cellulose,0.4818,5.212,26.94,BG
P33363,40.0,8.0,Cellulose,0.2983,5.212,26.94,BG
P33363,50.0,4.0,Cellulose,0.787,5.212,26.94,BG
P33363,50.0,5.0,Cellulose,0.7945,5.212,26.94,BG
P33363,50.0,6.0,Cellulose,0.7263,5.212,26.94,BG
P33363,50.0,7.0,Cellulose,0.5834,5.212,26.94,BG
P33363,50.0,8.0,Cellulose,0.3837,5.212,26.94,BG
P33363,60.0,4.0,Cellulose,0.7764,5.212,26.94,BG
P33363,60.0,5.0,Cellulose,0.7839,5.212,26.94,BG
P33363,60.0,6.0,Cellulose,0.7156,5.212,26.94,BG
P33363,60.0,7.0,Cellulose,0.5731,5.212,26.94,BG
P33363,60.0,8.0,Cellulose,0.3748,5.212,26.94,BG
P33363,70.0,4.0,Cellulose,0.6472,5.212,26.94,BG
P33363,70.0,5.0,Cellulose,0.6547,5.212,26.94,BG
P33363,70.0,6.0,Cellulose,0.5876,5.212,26.94,BG
P33363,70.0,7.0,Cellulose,0.4529,5.212,26.94,BG
P33363,70.0,8.0,Cellulose,0.275,5.212,26.94,BG
P33363,30.0,4.0,Xylan,0.1716,5.212,26.94,BG
P33363,30.0,5.0,Xylan,0.1758,5.212,26.94,BG
P33363,30.0,6.0,Xylan,0.14,5.212,26.94,BG
P33363,30.0,7.0,Xylan,0.0808,5.212,26.94,BG
P33363,30.0,8.0,Xylan,0.0292,5.212,26.94,BG
P33363,40.0,4.0,Xylan,0.3225,5.212,26.94,BG
P33363,40.0,5.0,Xylan,0.3283,5.212,26.94,BG
P33363,40.0,6.0,Xylan,0.2772,5.212,26.94,BG
P33363,40.0,7.0,Xylan,0.1838,5.212,26.94,BG
P33363,40.0,8.0,Xylan,0.083,5.212,26.94,BG
P33363,50.0,4.0,Xylan,0.4106,5.212,26.94,BG
P33363,50.0,5.0,Xylan,0.4171,5.212,26.94,BG
P33363,50.0,6.0,Xylan,0.3599,5.212,26.94,BG
P33363,50.0,7.0,Xylan,0.2518,5.212,26.94,BG
P33363,50.0,8.0,Xylan,0.126,5.212,26.94,BG
P33363,60.0,4.0,Xylan,0.4015,5.212,26.94,BG
P33363,60.0,5.0,Xylan,0.4079,5.212,26.94,BG
P33363,60.0,6.0,Xylan,0.3512,5.212,26.94,BG
P33363,60.0,7.0,Xylan,0.2445,5.212,26.94,BG
P33363,60.0,8.0,Xylan,0.1212,5.212,26.94,BG
P33363,70.0,4.0,Xylan,0.2982,5.212,26.94,BG
P33363,70.0,5.0,Xylan,0.3039,5.212,26.94,BG
P33363,70.0,6.0,Xylan,0.2547,5.212,26.94,BG
P33363,70.0,7.0,Xylan,0.1659,5.212,26.94,BG
P33363,70.0,8.0,Xylan,0.0726,5.212,26.94,BG
P33363,30.0,4.0,Bagasse,0.4088,5.212,26.94,BG
P33363,30.0,5.0,Bagasse,0.4153,5.212,26.94,BG
P33363,30.0,6.0,Bagasse,0.3581,5.212,26.94,BG
P33363,30.0,7.0,Bagasse,0.2503,5.212,26.94,BG
P33363,30.0,8.0,Bagasse,0.125,5.212,26.94,BG
P33363,40.0,4.0,Bagasse,0.6187,5.212,26.94,BG
P33363,40.0,5.0,Bagasse,0.6261,5.212,26.94,BG
P33363,40.0,6.0,Bagasse,0.5597,5.212,26.94,BG
P33363,40.0,7.0,Bagasse,0.4274,5.212,26.94,BG
P33363,40.0,8.0,Bagasse,0.2547,5.212,26.94,BG
P33363,50.0,4.0,Bagasse,0.7261,5.212,26.94,BG
P33363,50.0,5.0,Bagasse,0.7337,5.212,26.94,BG
P33363,50.0,6.0,Bagasse,0.6653,5.212,26.94,BG
P33363,50.0,7.0,Bagasse,0.5253,5.212,26.94,BG
P33363,50.0,8.0,Bagasse,0.3343,5.212,26.94,BG
P33363,60.0,4.0,Bagasse,0.7154,5.212,26.94,BG
P33363,60.0,5.0,Bagasse,0.723,5.212,26.94,BG
P33363,60.0,6.0,Bagasse,0.6547,5.212,26.94,BG
P33363,60.0,7.0,Bagasse,0.5153,5.212,26.94,BG
P33363,60.0,8.0,Bagasse,0.326,5.212,26.94,BG
P33363,70.0,4.0,Bagasse,0.5874,5.212,26.94,BG
P33363,70.0,5.0,Bagasse,0.5948,5.212,26.94,BG
P33363,70.0,6.0,Bagasse,0.5293,5.212,26.94,BG
P33363,70.0,7.0,Bagasse,0.3999,5.212,26.94,BG
P33363,70.0,8.0,Bagasse,0.2332,5.212,26.94,BG
O80689,30.0,4.0,Cellulose,0.2438,1.4859,27.85,BG
O80689,30.0,5.0,Cellulose,0.304,1.4859,27.85,BG
O80689,30.0,6.0,Cellulose,0.3098,1.4859,27.85,BG
O80689,30.0,7.0,Cellulose,0.2595,1.4859,27.85,BG
O80689,30.0,8.0,Cellulose,0.1686,1.4859,27.85,BG
O80689,40.0,4.0,Cellulose,0.4161,1.4859,27.85,BG
O80689,40.0,5.0,Cellulose,0.4912,1.4859,27.85,BG
O80689,40.0,6.0,Cellulose,0.4983,1.4859,27.85,BG
O80689,40.0,7.0,Cellulose,0.4362,1.4859,27.85,BG
O80689,40.0,8.0,Cellulose,0.316,1.4859,27.85,BG
O80689,50.0,4.0,Cellulose,0.5084,1.4859,27.85,BG
O80689,50.0,5.0,Cellulose,0.5884,1.4859,27.85,BG
O80689,50.0,6.0,Cellulose,0.5958,1.4859,27.85,BG
O80689,50.0,7.0,Cellulose,0.5299,1.4859,27.85,BG
O80689,50.0,8.0,Cellulose,0.3993,1.4859,27.85,BG
O80689,60.0,4.0,Cellulose,0.493,1.4859,27.85,BG
O80689,60.0,5.0,Cellulose,0.5722,1.4859,27.85,BG
O80689,60.0,6.0,Cellulose,0.5796,1.4859,27.85,BG
O80689,60.0,7.0,Cellulose,0.5142,1.4859,27.85,BG
O80689,60.0,8.0,Cellulose,0.3852,1.4859,27.85,BG
O80689,70.0,4.0,Cellulose,0.3737,1.4859,27.85,BG
O80689,70.0,5.0,Cellulose,0.4459,1.4859,27.85,BG
O80689,70.0,6.0,Cellulose,0.4527,1.4859,27.85,BG
O80689,70.0,7.0,Cellulose,0.3929,1.4859,27.85,BG
O80689,70.0,8.0,Cellulose,0.2786,1.4859,27.85,BG
O80689,30.0,4.0,Xylan,0.0582,1.4859,27.85,BG
O80689,30.0,5.0,Xylan,0.0837,1.4859,27.85,BG
O80689,30.0,6.0,Xylan,0.0864,1.4859,27.85,BG
O80689,30.0,7.0,Xylan,0.0644,1.4859,27.85,BG
O80689,30.0,8.0,Xylan,0.0325,1.4859,27.85,BG
O80689,40.0,4.0,Xylan,0.1417,1.4859,27.85,BG
O80689,40.0,5.0,Xylan,0.1871,1.4859,27.85,BG
O80689,40.0,6.0,Xylan,0.1916,1.4859,27.85,BG
O80689,40.0,7.0,Xylan,0.1533,1.4859,27.85,BG
O80689,40.0,8.0,Xylan,0.0893,1.4859,27.85,BG
O80689,50.0,4.0,Xylan,0.1982,1.4859,27.85,BG
O80689,50.0,5.0,Xylan,0.2526,1.4859,27.85,BG
O80689,50.0,6.0,Xylan,0.2579,1.4859,27.85,BG
O80689,50.0,7.0,Xylan,0.2123,1.4859,27.85,BG
O80689,50.0,8.0,Xylan,0.1322,1.4859,27.85,BG
O80689,60.0,4.0,Xylan,0.1882,1.4859,27.85,BG
O80689,60.0,5.0,Xylan,0.2412,1.4859,27.85,BG
O80689,60.0,6.0,Xylan,0.2464,1.4859,27.85,BG
O80689,60.0,7.0,Xylan,0.2019,1.4859,27.85,BG
O80689,60.0,8.0,Xylan,0.1244,1.4859,27.85,BG
O80689,70.0,4.0,Xylan,0.1182,1.4859,27.85,BG
O80689,70.0,5.0,Xylan,0.1591,1.4859,27.85,BG
O80689,70.0,6.0,Xylan,0.1632,1.4859,27.85,BG
O80689,70.0,7.0,Xylan,0.1286,1.4859,27.85,BG
O80689,70.0,8.0,Xylan,0.0724,1.4859,27.85,BG
O80689,30.0,4.0,Bagasse,0.2041,1.4859,27.85,BG
O80689,30.0,5.0,Bagasse,0.2594,1.4859,27.85,BG
O80689,30.0,6.0,Bagasse,0.2648,1.4859,27.85,BG
O80689,30.0,7.0,Bagasse,0.2185,1.4859,27.85,BG
O80689,30.0,8.0,Bagasse,0.1369,1.4859,27.85,BG
O80689,40.0,4.0,Bagasse,0.3645,1.4859,27.85,BG
O80689,40.0,5.0,Bagasse,0.436,1.4859,27.85,BG
O80689,40.0,6.0,Bagasse,0.4427,1.4859,27.85,BG
O80689,40.0,7.0,Bagasse,0.3834,1.4859,27.85,BG
O80689,40.0,8.0,Bagasse,0.2705,1.4859,27.85,BG
O80689,50.0,4.0,Bagasse,0.4525,1.4859,27.85,BG
O80689,50.0,5.0,Bagasse,0.5297,1.4859,27.85,BG
O80689,50.0,6.0,Bagasse,0.5369,1.4859,27.85,BG
O80689,50.0,7.0,Bagasse,0.4732,1.4859,27.85,BG
O80689,50.0,8.0,Bagasse,0.3486,1.4859,27.85,BG
O80689,60.0,4.0,Bagasse,0.4377,1.4859,27.85,BG
O80689,60.0,5.0,Bagasse,0.514,1.4859,27.85,BG
O80689,60.0,6.0,Bagasse,0.5212,1.4859,27.85,BG
O80689,60.0,7.0,Bagasse,0.4581,1.4859,27.85,BG
O80689,60.0,8.0,Bagasse,0.3352,1.4859,27.85,BG
O80689,70.0,4.0,Bagasse,0.3244,1.4859,27.85,BG
O80689,70.0,5.0,Bagasse,0.3927,1.4859,27.85,BG
O80689,70.0,6.0,Bagasse,0.3992,1.4859,27.85,BG
O80689,70.0,7.0,Bagasse,0.3424,1.4859,27.85,BG
O80689,70.0,8.0,Bagasse,0.2359,1.4859,27.85,BG
A7LXU3,30.0,4.0,Cellulose,0.4354,8.9939,27.18,BG
A7LXU3,30.0,5.0,Cellulose,0.5405,8.9939,27.18,BG
A7LXU3,30.0,6.0,Cellulose,0.577,8.9939,27.18,BG
A7LXU3,30.0,7.0,Cellulose,0.5405,8.9939,27.18,BG
A7LXU3,30.0,8.0,Cellulose,0.4354,8.9939,27.18,BG
A7LXU3,40.0,4.0,Cellulose,0.6495,8.9939,27.18,BG
A7LXU3,40.0,5.0,Cellulose,0.764,8.9939,27.18,BG
A7LXU3,40.0,6.0,Cellulose,0.8019,8.9939,27.18,BG
A7LXU3,40.0,7.0,Cellulose,0.764,8.9939,27.18,BG
A7LXU3,40.0,8.0,Cellulose,0.6495,8.9939,27.18,BG
A7LXU3,50.0,4.0,Cellulose,0.7568,8.9939,27.18,BG
A7LXU3,50.0,5.0,Cellulose,0.8684,8.9939,27.18,BG
A7LXU3,50.0,6.0,Cellulose,0.9026,8.9939,27.18,BG
A7LXU3,50.0,7.0,Cellulose,0.8684,8.9939,27.18,BG
A7LXU3,50.0,8.0,Cellulose,0.7568,8.9939,27.18,BG
A7LXU3,60.0,4.0,Cellulose,0.7449,8.9939,27.18,BG
A7LXU3,60.0,5.0,Cellulose,0.8572,8.9939,27.18,BG
A7LXU3,60.0,6.0,Cellulose,0.8922,8.9939,27.18,BG
A7LXU3,60.0,7.0,Cellulose,0.8572,8.9939,27.18,BG
A7LXU3,60.0,8.0,Cellulose,0.7449,8.9939,27.18,BG
A7LXU3,70.0,4.0,Cellulose,0.6142,8.9939,27.18,BG
A7LXU3,70.0,5.0,Cellulose,0.7282,8.9939,27.18,BG
A7LXU3,70.0,6.0,Cellulose,0.7664,8.9939,27.18,BG
A7LXU3,70.0,7.0,Cellulose,0.7282,8.9939,27.18,BG
A7LXU3,70.0,8.0,Cellulose,0.6142,8.9939,27.18,BG
A7LXU3,30.0,4.0,Xylan,0.1527,8.9939,27.18,BG
A7LXU3,30.0,5.0,Xylan,0.2192,8.9939,27.18,BG
A7LXU3,30.0,6.0,Xylan,0.2444,8.9939,27.18,BG
A7LXU3,30.0,7.0,Xylan,0.2192,8.9939,27.18,BG
A7LXU3,30.0,8.0,Xylan,0.1527,8.9939,27.18,BG
A7LXU3,40.0,4.0,Xylan,0.2972,8.9939,27.18,BG
A7LXU3,40.0,5.0,Xylan,0.3885,8.9939,27.18,BG
A7LXU3,40.0,6.0,Xylan,0.4212,8.9939,27.18,BG
A7LXU3,40.0,7.0,Xylan,0.3885,8.9939,27.18,BG
A7LXU3,40.0,8.0,Xylan,0.2972,8.9939,27.18,BG
A7LXU3,50.0,4.0,Xylan,0.3825,8.9939,27.18,BG
A7LXU3,50.0,5.0,Xylan,0.4831,8.9939,27.18,BG
A7LXU3,50.0,6.0,Xylan,0.5184,8.9939,27.18,BG
A7LXU3,50.0,7.0,Xylan,0.4831,8.9939,27.18,BG
A7LXU3,50.0,8.0,Xylan,0.3825,8.9939,27.18,BG
A7LXU3,60.0,4.0,Xylan,0.3725,8.9939,27.18,BG
A7LXU3,60.0,5.0,Xylan,0.4722,8.9939,27.18,BG
A7LXU3,60.0,6.0,Xylan,0.5073,8.9939,27.18,BG
A7LXU3,60.0,7.0,Xylan,0.4722,8.9939,27.18,BG
A7LXU3,60.0,8.0,Xylan,0.3725,8.9939,27.18,BG
A7LXU3,70.0,4.0,Xylan,0.271,8.9939,27.18,BG
A7LXU3,70.0,5.0,Xylan,0.3588,8.9939,27.18,BG
A7LXU3,70.0,6.0,Xylan,0.3905,8.9939,27.18,BG
A7LXU3,70.0,7.0,Xylan,0.3588,8.9939,27.18,BG
A7LXU3,70.0,8.0,Xylan,0.271,8.9939,27.18,BG
A7LXU3,30.0,4.0,Bagasse,0.3827,8.9939,27.18,BG
A7LXU3,30.0,5.0,Bagasse,0.4833,8.9939,27.18,BG
A7LXU3,30.0,6.0,Bagasse,0.5187,8.9939,27.18,BG
A7LXU3,30.0,7.0,Bagasse,0.4833,8.9939,27.18,BG
A7LXU3,30.0,8.0,Bagasse,0.3827,8.9939,27.18,BG
A7LXU3,40.0,4.0,Bagasse,0.5893,8.9939,27.18,BG
A7LXU3,40.0,5.0,Bagasse,0.7026,8.9939,27.18,BG
A7LXU3,40.0,6.0,Bagasse,0.7409,8.9939,27.18,BG
A7LXU3,40.0,7.0,Bagasse,0.7026,8.9939,27.18,BG
A7LXU3,40.0,8.0,Bagasse,0.5893,8.9939,27.18,BG
A7LXU3,50.0,4.0,Bagasse,0.6955,8.9939,27.18,BG
A7LXU3,50.0,5.0,Bagasse,0.8097,8.9939,27.18,BG
A7LXU3,50.0,6.0,Bagasse,0.8466,8.9939,27.18,BG
A7LXU3,50.0,7.0,Bagasse,0.8097,8.9939,27.18,BG
A7LXU3,50.0,8.0,Bagasse,0.6955,8.9939,27.18,BG
A7LXU3,60.0,4.0,Bagasse,0.6836,8.9939,27.18,BG
A7LXU3,60.0,5.0,Bagasse,0.7979,8.9939,27.18,BG
A7LXU3,60.0,6.0,Bagasse,0.8352,8.9939,27.18,BG
A7LXU3,60.0,7.0,Bagasse,0.7979,8.9939,27.18,BG
A7LXU3,60.0,8.0,Bagasse,0.6836,8.9939,27.18,BG
A7LXU3,70.0,4.0,Bagasse,0.5548,8.9939,27.18,BG
A7LXU3,70.0,5.0,Bagasse,0.6669,8.9939,27.18,BG
A7LXU3,70.0,6.0,Bagasse,0.705,8.9939,27.18,BG
A7LXU3,70.0,7.0,Bagasse,0.6669,8.9939,27.18,BG
A7LXU3,70.0,8.0,Bagasse,0.5548,8.9939,27.18,BG
Q5AUW5,30.0,4.0,Cellulose,0.3654,4.6658,26.72,BG
Q5AUW5,30.0,5.0,Cellulose,0.4436,4.6658,26.72,BG
Q5AUW5,30.0,6.0,Cellulose,0.4572,4.6658,26.72,BG
Q5AUW5,30.0,7.0,Cellulose,0.4037,4.6658,26.72,BG
Q5AUW5,30.0,8.0,Cellulose,0.2938,4.6658,26.72,BG
Q5AUW5,40.0,4.0,Cellulose,0.5721,4.6658,26.72,BG
Q5AUW5,40.0,5.0,Cellulose,0.6619,4.6658,26.72,BG
Q5AUW5,40.0,6.0,Cellulose,0.6771,4.6658,26.72,BG
Q5AUW5,40.0,7.0,Cellulose,0.6166,4.6658,26.72,BG
Q5AUW5,40.0,8.0,Cellulose,0.4859,4.6658,26.72,BG
Q5AUW5,50.0,4.0,Cellulose,0.6811,4.6658,26.72,BG
Q5AUW5,50.0,5.0,Cellulose,0.7727,4.6658,26.72,BG
Q5AUW5,50.0,6.0,Cellulose,0.7879,4.6658,26.72,BG
Q5AUW5,50.0,7.0,Cellulose,0.7269,4.6658,26.72,BG
Q5AUW5,50.0,8.0,Cellulose,0.5908,4.6658,26.72,BG
Q5AUW5,60.0,4.0,Cellulose,0.6728,4.6658,26.72,BG
Q5AUW5,60.0,5.0,Cellulose,0.7644,4.6658,26.72,BG
Q5AUW5,60.0,6.0,Cellulose,0.7796,4.6658,26.72,BG
Q5AUW5,60.0,7.0,Cellulose,0.7185,4.6658,26.72,BG
Q5AUW5,60.0,8.0,Cellulose,0.5827,4.6658,26.72,BG
Q5AUW5,70.0,4.0,Cellulose,0.5481,4.6658,26.72,BG
Q5AUW5,70.0,5.0,Cellulose,0.637,4.6658,26.72,BG
Q5AUW5,70.0,6.0,Cellulose,0.6522,4.6658,26.72,BG
Q5AUW5,70.0,7.0,Cellulose,0.5922,4.6658,26.72,BG
Q5AUW5,70.0,8.0,Cellulose,0.4632,4.6658,26.72,BG
Q5AUW5,30.0,4.0,Xylan,0.1144,4.6658,26.72,BG
Q5AUW5,30.0,5.0,Xylan,0.1583,4.6658,26.72,BG
Q5AUW5,30.0,6.0,Xylan,0.1665,4.6658,26.72,BG
Q5AUW5,30.0,7.0,Xylan,0.1353,4.6658,26.72,BG
Q5AUW5,30.0,8.0,Xylan,0.0796,4.6658,26.72,BG
Q5AUW5,40.0,4.0,Xylan,0.2417,4.6658,26.72,BG
Q5AUW5,40.0,5.0,Xylan,0.3073,4.6658,26.72,BG
Q5AUW5,40.0,6.0,Xylan,0.3189,4.6658,26.72,BG
Q5AUW5,40.0,7.0,Xylan,0.2735,4.6658,26.72,BG
Q5AUW5,40.0,8.0,Xylan,0.1844,4.6658,26.72,BG
Q5AUW5,50.0,4.0,Xylan,0.3221,4.6658,26.72,BG
Q5AUW5,50.0,5.0,Xylan,0.3965,4.6658,26.72,BG
Q5AUW5,50.0,6.0,Xylan,0.4095,4.6658,26.72,BG
Q5AUW5,50.0,7.0,Xylan,0.3584,4.6658,26.72,BG
Q5AUW5,50.0,8.0,Xylan,0.2549,4.6658,26.72,BG
Q5AUW5,60.0,4.0,Xylan,0.3156,4.6658,26.72,BG
Q5AUW5,60.0,5.0,Xylan,0.3894,4.6658,26.72,BG
Q5AUW5,60.0,6.0,Xylan,0.4023,4.6658,26.72,BG
Q5AUW5,60.0,7.0,Xylan,0.3517,4.6658,26.72,BG
Q5AUW5,60.0,8.0,Xylan,0.2492,4.6658,26.72,BG
Q5AUW5,70.0,4.0,Xylan,0.2252,4.6658,26.72,BG
Q5AUW5,70.0,5.0,Xylan,0.2886,4.6658,26.72,BG
Q5AUW5,70.0,6.0,Xylan,0.2999,4.6658,26.72,BG
Q5AUW5,70.0,7.0,Xylan,0.2559,4.6658,26.72,BG
Q5AUW5,70.0,8.0,Xylan,0.1702,4.6658,26.72,BG
Q5AUW5,30.0,4.0,Bagasse,0.3168,4.6658,26.72,BG
Q5AUW5,30.0,5.0,Bagasse,0.3906,4.6658,26.72,BG
Q5AUW5,30.0,6.0,Bagasse,0.4036,4.6658,26.72,BG
Q5AUW5,30.0,7.0,Bagasse,0.3528,4.6658,26.72,BG
Q5AUW5,30.0,8.0,Bagasse,0.2501,4.6658,26.72,BG
Q5AUW5,40.0,4.0,Bagasse,0.514,4.6658,26.72,BG
Q5AUW5,40.0,5.0,Bagasse,0.6015,4.6658,26.72,BG
Q5AUW5,40.0,6.0,Bagasse,0.6164,4.6658,26.72,BG
Q5AUW5,40.0,7.0,Bagasse,0.5573,4.6658,26.72,BG
Q5AUW5,40.0,8.0,Bagasse,0.431,4.6658,26.72,BG
Q5AUW5,50.0,4.0,Bagasse,0.6204,4.6658,26.72,BG
Q5AUW5,50.0,5.0,Bagasse,0.7114,4.6658,26.72,BG
Q5AUW5,50.0,6.0,Bagasse,0.7267,4.6658,26.72,BG
Q5AUW5,50.0,7.0,Bagasse,0.6657,4.6658,26.72,BG
Q5AUW5,50.0,8.0,Bagasse,0.5321,4.6658,26.72,BG
Q5AUW5,60.0,4.0,Bagasse,0.6122,4.6658,26.72,BG
Q5AUW5,60.0,5.0,Bagasse,0.7031,4.6658,26.72,BG
Q5AUW5,60.0,6.0,Bagasse,0.7184,4.6658,26.72,BG
Q5AUW5,60.0,7.0,Bagasse,0.6574,4.6658,26.72,BG
Q5AUW5,60.0,8.0,Bagasse,0.5243,4.6658,26.72,BG
Q5AUW5,70.0,4.0,Bagasse,0.4908,4.6658,26.72,BG
Q5AUW5,70.0,5.0,Bagasse,0.5772,4.6658,26.72,BG
Q5AUW5,70.0,6.0,Bagasse,0.592,4.6658,26.72,BG
Q5AUW5,70.0,7.0,Bagasse,0.5335,4.6658,26.72,BG
Q5AUW5,70.0,8.0,Bagasse,0.4093,4.6658,26.72,BG
Q5BFG8,30.0,4.0,Cellulose,0.5301,8.4475,26.93,BG
Q5BFG8,30.0,5.0,Cellulose,0.5517,8.4475,26.93,BG
Q5BFG8,30.0,6.0,Cellulose,0.5017,8.4475,26.93,BG
Q5BFG8,30.0,7.0,Cellulose,0.3876,8.4475,26.93,BG
Q5BFG8,30.0,8.0,Cellulose,0.2333,8.4475,26.93,BG
Q5BFG8,40.0,4.0,Cellulose,0.753,8.4475,26.93,BG
Q5BFG8,40.0,5.0,Cellulose,0.7758,8.4475,26.93,BG
Q5BFG8,40.0,6.0,Cellulose,0.7225,8.4475,26.93,BG
Q5BFG8,40.0,7.0,Cellulose,0.5945,8.4475,26.93,BG
Q5BFG8,40.0,8.0,Cellulose,0.4058,8.4475,26.93,BG
Q5BFG8,50.0,4.0,Cellulose,0.8589,8.4475,26.93,BG
Q5BFG8,50.0,5.0,Cellulose,0.88,8.4475,26.93,BG
Q5BFG8,50.0,6.0,Cellulose,0.8298,8.4475,26.93,BG
Q5BFG8,50.0,7.0,Cellulose,0.7014,8.4475,26.93,BG
Q5BFG8,50.0,8.0,Cellulose,0.5021,8.4475,26.93,BG
Q5BFG8,60.0,4.0,Cellulose,0.8488,8.4475,26.93,BG
Q5BFG8,60.0,5.0,Cellulose,0.8702,8.4475,26.93,BG
Q5BFG8,60.0,6.0,Cellulose,0.8194,8.4475,26.93,BG
Q5BFG8,60.0,7.0,Cellulose,0.6907,8.4475,26.93,BG
Q5BFG8,60.0,8.0,Cellulose,0.4923,8.4475,26.93,BG
Q5BFG8,70.0,4.0,Cellulose,0.7209,8.4475,26.93,BG
Q5BFG8,70.0,5.0,Cellulose,0.7437,8.4475,26.93,BG
Q5BFG8,70.0,6.0,Cellulose,0.6904,8.4475,26.93,BG
Q5BFG8,70.0,7.0,Cellulose,0.5635,8.4475,26.93,BG
Q5BFG8,70.0,8.0,Cellulose,0.3788,8.4475,26.93,BG
Q5BFG8,30.0,4.0,Xylan,0.2147,8.4475,26.93,BG
Q5BFG8,30.0,5.0,Xylan,0.2293,8.4475,26.93,BG
Q5BFG8,30.0,6.0,Xylan,0.1961,8.4475,26.93,BG
Q5BFG8,30.0,7.0,Xylan,0.1277,8.4475,26.93,BG
Q5BFG8,30.0,8.0,Xylan,0.0554,8.4475,26.93,BG
Q5BFG8,40.0,4.0,Xylan,0.3814,8.4475,26.93,BG
Q5BFG8,40.0,5.0,Xylan,0.4006,8.4475,26.93,BG
Q5BFG8,40.0,6.0,Xylan,0.3565,8.4475,26.93,BG
Q5BFG8,40.0,7.0,Xylan,0.2592,8.4475,26.93,BG
Q5BFG8,40.0,8.0,Xylan,0.1379,8.4475,26.93,BG
Q5BFG8,50.0,4.0,Xylan,0.4756,8.4475,26.93,BG
Q5BFG8,50.0,5.0,Xylan,0.4965,8.4475,26.93,BG
Q5BFG8,50.0,6.0,Xylan,0.4483,8.4475,26.93,BG
Q5BFG8,50.0,7.0,Xylan,0.3396,8.4475,26.93,BG
Q5BFG8,50.0,8.0,Xylan,0.1964,8.4475,26.93,BG
Q5BFG8,60.0,4.0,Xylan,0.466,8.4475,26.93,BG
Q5BFG8,60.0,5.0,Xylan,0.4867,8.4475,26.93,BG
Q5BFG8,60.0,6.0,Xylan,0.4389,8.4475,26.93,BG
Q5BFG8,60.0,7.0,Xylan,0.3312,8.4475,26.93,BG
Q5BFG8,60.0,8.0,Xylan,0.19,8.4475,26.93,BG
Q5BFG8,70.0,4.0,Xylan,0.3551,8.4475,26.93,BG
Q5BFG8,70.0,5.0,Xylan,0.3738,8.4475,26.93,BG
Q5BFG8,70.0,6.0,Xylan,0.331,8.4475,26.93,BG
Q5BFG8,70.0,7.0,Xylan,0.2374,8.4475,26.93,BG
Q5BFG8,70.0,8.0,Xylan,0.123,8.4475,26.93,BG
Q5BFG8,30.0,4.0,Bagasse,0.4737,8.4475,26.93,BG
Q5BFG8,30.0,5.0,Bagasse,0.4945,8.4475,26.93,BG
Q5BFG8,30.0,6.0,Bagasse,0.4464,8.4475,26.93,BG
Q5BFG8,30.0,7.0,Bagasse,0.3379,8.4475,26.93,BG
Q5BFG8,30.0,8.0,Bagasse,0.1951,8.4475,26.93,BG
Q5BFG8,40.0,4.0,Bagasse,0.6919,8.4475,26.93,BG
Q5BFG8,40.0,5.0,Bagasse,0.7147,8.4475,26.93,BG
Q5BFG8,40.0,6.0,Bagasse,0.6616,8.4475,26.93,BG
Q5BFG8,40.0,7.0,Bagasse,0.5359,8.4475,26.93,BG
Q5BFG8,40.0,8.0,Bagasse,0.3551,8.4475,26.93,BG
Q5BFG8,50.0,4.0,Bagasse,0.7998,8.4475,26.93,BG
Q5BFG8,50.0,5.0,Bagasse,0.8222,8.4475,26.93,BG
Q5BFG8,50.0,6.0,Bagasse,0.7697,8.4475,26.93,BG
Q5BFG8,50.0,7.0,Bagasse,0.6406,8.4475,26.93,BG
Q5BFG8,50.0,8.0,Bagasse,0.4468,8.4475,26.93,BG
Q5BFG8,60.0,4.0,Bagasse,0.7893,8.4475,26.93,BG
Q5BFG8,60.0,5.0,Bagasse,0.8118,8.4475,26.93,BG
Q5BFG8,60.0,6.0,Bagasse,0.759,8.4475,26.93,BG
Q5BFG8,60.0,7.0,Bagasse,0.6301,8.4475,26.93,BG
Q5BFG8,60.0,8.0,Bagasse,0.4374,8.4475,26.93,BG
Q5BFG8,70.0,4.0,Bagasse,0.6599,8.4475,26.93,BG
Q5BFG8,70.0,5.0,Bagasse,0.6827,8.4475,26.93,BG
Q5BFG8,70.0,6.0,Bagasse,0.6298,8.4475,26.93,BG
Q5BFG8,70.0,7.0,Bagasse,0.5059,8.4475,26.93,BG
Q5BFG8,70.0,8.0,Bagasse,0.3297,8.4475,26.93,BG
A7LXS8,30.0,4.0,Cellulose,0.6209,21.4651,26.92,BG
A7LXS8,30.0,5.0,Cellulose,0.7043,21.4651,26.92,BG
A7LXS8,30.0,6.0,Cellulose,0.7119,21.4651,26.92,BG
A7LXS8,30.0,7.0,Cellulose,0.6435,21.4651,26.92,BG
A7LXS8,30.0,8.0,Cellulose,0.5041,21.4651,26.92,BG
A7LXS8,40.0,4.0,Cellulose,0.8465,21.4651,26.92,BG
A7LXS8,40.0,5.0,Cellulose,0.9215,21.4651,26.92,BG
A7LXS8,40.0,6.0,Cellulose,0.9275,21.4651,26.92,BG
A7LXS8,40.0,7.0,Cellulose,0.868,21.4651,26.92,BG
A7LXS8,40.0,8.0,Cellulose,0.726,21.4651,26.92,BG
A7LXS8,50.0,4.0,Cellulose,0.9404,21.4651,26.92,BG
A7LXS8,50.0,5.0,Cellulose,0.9859,21.4651,26.92,BG
A7LXS8,50.0,6.0,Cellulose,0.9883,21.4651,26.92,BG
A7LXS8,50.0,7.0,Cellulose,0.9561,21.4651,26.92,BG
A7LXS8,50.0,8.0,Cellulose,0.8334,21.4651,26.92,BG
A7LXS8,60.0,4.0,Cellulose,0.9324,21.4651,26.92,BG
A7LXS8,60.0,5.0,Cellulose,0.9821,21.4651,26.92,BG
A7LXS8,60.0,6.0,Cellulose,0.9849,21.4651,26.92,BG
A7LXS8,60.0,7.0,Cellulose,0.949,21.4651,26.92,BG
A7LXS8,60.0,8.0,Cellulose,0.823,21.4651,26.92,BG
A7LXS8,70.0,4.0,Cellulose,0.8154,21.4651,26.92,BG
A7LXS8,70.0,5.0,Cellulose,0.8942,21.4651,26.92,BG
A7LXS8,70.0,6.0,Cellulose,0.9009,21.4651,26.92,BG
A7LXS8,70.0,7.0,Cellulose,0.8376,21.4651,26.92,BG
A7LXS8,70.0,8.0,Cellulose,0.6938,21.4651,26.92,BG
A7LXS8,30.0,4.0,Xylan,0.2767,21.4651,26.92,BG
A7LXS8,30.0,5.0,Xylan,0.3403,21.4651,26.92,BG
A7LXS8,30.0,6.0,Xylan,0.3464,21.4651,26.92,BG
A7LXS8,30.0,7.0,Xylan,0.2934,21.4651,26.92,BG
A7LXS8,30.0,8.0,Xylan,0.196,21.4651,26.92,BG
A7LXS8,40.0,4.0,Xylan,0.4625,21.4651,26.92,BG
A7LXS8,40.0,5.0,Xylan,0.5401,21.4651,26.92,BG
A7LXS8,40.0,6.0,Xylan,0.5473,21.4651,26.92,BG
A7LXS8,40.0,7.0,Xylan,0.4832,21.4651,26.92,BG
A7LXS8,40.0,8.0,Xylan,0.3577,21.4651,26.92,BG
A7LXS8,50.0,4.0,Xylan,0.5635,21.4651,26.92,BG
A7LXS8,50.0,5.0,Xylan,0.6454,21.4651,26.92,BG
A7LXS8,50.0,6.0,Xylan,0.653,21.4651,26.92,BG
A7LXS8,50.0,7.0,Xylan,0.5856,21.4651,26.92,BG
A7LXS8,50.0,8.0,Xylan,0.4503,21.4651,26.92,BG
A7LXS8,60.0,4.0,Xylan,0.5532,21.4651,26.92,BG
A7LXS8,60.0,5.0,Xylan,0.6348,21.4651,26.92,BG
A7LXS8,60.0,6.0,Xylan,0.6423,21.4651,26.92,BG
A7LXS8,60.0,7.0,Xylan,0.5752,21.4651,26.92,BG
A7LXS8,60.0,8.0,Xylan,0.4408,21.4651,26.92,BG
A7LXS8,70.0,4.0,Xylan,0.4338,21.4651,26.92,BG
A7LXS8,70.0,5.0,Xylan,0.5098,21.4651,26.92,BG
A7LXS8,70.0,6.0,Xylan,0.517,21.4651,26.92,BG
A7LXS8,70.0,7.0,Xylan,0.4541,21.4651,26.92,BG
A7LXS8,70.0,8.0,Xylan,0.332,21.4651,26.92,BG
A7LXS8,30.0,4.0,Bagasse,0.5614,21.4651,26.92,BG
A7LXS8,30.0,5.0,Bagasse,0.6433,21.4651,26.92,BG
A7LXS8,30.0,6.0,Bagasse,0.6508,21.4651,26.92,BG
A7LXS8,30.0,7.0,Bagasse,0.5835,21.4651,26.92,BG
A7LXS8,30.0,8.0,Bagasse,0.4484,21.4651,26.92,BG
A7LXS8,40.0,4.0,Bagasse,0.7867,21.4651,26.92,BG
A7LXS8,40.0,5.0,Bagasse,0.8678,21.4651,26.92,BG
A7LXS8,40.0,6.0,Bagasse,0.8749,21.4651,26.92,BG
A7LXS8,40.0,7.0,Bagasse,0.8093,21.4651,26.92,BG
A7LXS8,40.0,8.0,Bagasse,0.6648,21.4651,26.92,BG
A7LXS8,50.0,4.0,Bagasse,0.8902,21.4651,26.92,BG
A7LXS8,50.0,5.0,Bagasse,0.956,21.4651,26.92,BG
A7LXS8,50.0,6.0,Bagasse,0.9607,21.4651,26.92,BG
A7LXS8,50.0,7.0,Bagasse,0.9101,21.4651,26.92,BG
A7LXS8,50.0,8.0,Bagasse,0.7732,21.4651,26.92,BG
A7LXS8,60.0,4.0,Bagasse,0.8805,21.4651,26.92,BG
A7LXS8,60.0,5.0,Bagasse,0.9489,21.4651,26.92,BG
A7LXS8,60.0,6.0,Bagasse,0.954,21.4651,26.92,BG
A7LXS8,60.0,7.0,Bagasse,0.9009,21.4651,26.92,BG
A7LXS8,60.0,8.0,Bagasse,0.7625,21.4651,26.92,BG
A7LXS8,70.0,4.0,Bagasse,0.7547,21.4651,26.92,BG
A7LXS8,70.0,5.0,Bagasse,0.8374,21.4651,26.92,BG
A7LXS8,70.0,6.0,Bagasse,0.8447,21.4651,26.92,BG
A7LXS8,70.0,7.0,Bagasse,0.7775,21.4651,26.92,BG
A7LXS8,70.0,8.0,Bagasse,0.6329,21.4651,26.92,BG
G4NI45,30.0,4.0,Cellulose,0.0901,0.7042,26.31,BG
G4NI45,30.0,5.0,Cellulose,0.1586,0.7042,26.31,BG
G4NI45,30.0,6.0,Cellulose,0.2023,0.7042,26.31,BG
G4NI45,30.0,7.0,Cellulose,0.2023,0.7042,26.31,BG
G4NI45,30.0,8.0,Cellulose,0.1586,0.7042,26.31,BG
G4NI45,40.0,4.0,Cellulose,0.2045,0.7042,26.31,BG
G4NI45,40.0,5.0,Cellulose,0.3104,0.7042,26.31,BG
G4NI45,40.0,6.0,Cellulose,0.3713,0.7042,26.31,BG
G4NI45,40.0,7.0,Cellulose,0.3713,0.7042,26.31,BG
G4NI45,40.0,8.0,Cellulose,0.3104,0.7042,26.31,BG
G4NI45,50.0,4.0,Cellulose,0.281,0.7042,26.31,BG
G4NI45,50.0,5.0,Cellulose,0.4024,0.7042,26.31,BG
G4NI45,50.0,6.0,Cellulose,0.4698,0.7042,26.31,BG
G4NI45,50.0,7.0,Cellulose,0.4698,0.7042,26.31,BG
G4NI45,50.0,8.0,Cellulose,0.4024,0.7042,26.31,BG
G4NI45,60.0,4.0,Cellulose,0.2766,0.7042,26.31,BG
G4NI45,60.0,5.0,Cellulose,0.3973,0.7042,26.31,BG
G4NI45,60.0,6.0,Cellulose,0.4644,0.7042,26.31,BG
G4NI45,60.0,7.0,Cellulose,0.4644,0.7042,26.31,BG
G4NI45,60.0,8.0,Cellulose,0.3973,0.7042,26.31,BG
G4NI45,70.0,4.0,Cellulose,0.1937,0.7042,26.31,BG
G4NI45,70.0,5.0,Cellulose,0.2968,0.7042,26.31,BG
G4NI45,70.0,6.0,Cellulose,0.3566,0.7042,26.31,BG
G4NI45,70.0,7.0,Cellulose,0.3566,0.7042,26.31,BG
G4NI45,70.0,8.0,Cellulose,0.2968,0.7042,26.31,BG
G4NI45,30.0,4.0,Xylan,0.0132,0.7042,26.31,BG
G4NI45,30.0,5.0,Xylan,0.0295,0.7042,26.31,BG
G4NI45,30.0,6.0,Xylan,0.043,0.7042,26.31,BG
G4NI45,30.0,7.0,Xylan,0.043,0.7042,26.31,BG
G4NI45,30.0,8.0,Xylan,0.0295,0.7042,26.31,BG
G4NI45,40.0,4.0,Xylan,0.0438,0.7042,26.31,BG
G4NI45,40.0,5.0,Xylan,0.0864,0.7042,26.31,BG
G4NI45,40.0,6.0,Xylan,0.1166,0.7042,26.31,BG
G4NI45,40.0,7.0,Xylan,0.1166,0.7042,26.31,BG
G4NI45,40.0,8.0,Xylan,0.0864,0.7042,26.31,BG
G4NI45,50.0,4.0,Xylan,0.0732,0.7042,26.31,BG
G4NI45,50.0,5.0,Xylan,0.1335,0.7042,26.31,BG
G4NI45,50.0,6.0,Xylan,0.1732,0.7042,26.31,BG
G4NI45,50.0,7.0,Xylan,0.1732,0.7042,26.31,BG
G4NI45,50.0,8.0,Xylan,0.1335,0.7042,26.31,BG
G4NI45,60.0,4.0,Xylan,0.0714,0.7042,26.31,BG
G4NI45,60.0,5.0,Xylan,0.1307,0.7042,26.31,BG
G4NI45,60.0,6.0,Xylan,0.1699,0.7042,26.31,BG
G4NI45,60.0,7.0,Xylan,0.1699,0.7042,26.31,BG
G4NI45,60.0,8.0,Xylan,0.1307,0.7042,26.31,BG
G4NI45,70.0,4.0,Xylan,0.0401,0.7042,26.31,BG
G4NI45,70.0,5.0,Xylan,0.0802,0.7042,26.31,BG
G4NI45,70.0,6.0,Xylan,0.1089,0.7042,26.31,BG
G4NI45,70.0,7.0,Xylan,0.1089,0.7042,26.31,BG
G4NI45,70.0,8.0,Xylan,0.0802,0.7042,26.31,BG
G4NI45,30.0,4.0,Bagasse,0.0696,0.7042,26.31,BG
G4NI45,30.0,5.0,Bagasse,0.128,0.7042,26.31,BG
G4NI45,30.0,6.0,Bagasse,0.1667,0.7042,26.31,BG
G4NI45,30.0,7.0,Bagasse,0.1667,0.7042,26.31,BG
G4NI45,30.0,8.0,Bagasse,0.128,0.7042,26.31,BG
G4NI45,40.0,4.0,Bagasse,0.1687,0.7042,26.31,BG
G4NI45,40.0,5.0,Bagasse,0.2652,0.7042,26.31,BG
G4NI45,40.0,6.0,Bagasse,0.322,0.7042,26.31,BG
G4NI45,40.0,7.0,Bagasse,0.322,0.7042,26.31,BG
G4NI45,40.0,8.0,Bagasse,0.2652,0.7042,26.31,BG
G4NI45,50.0,4.0,Bagasse,0.2381,0.7042,26.31,BG
G4NI45,50.0,5.0,Bagasse,0.3514,0.7042,26.31,BG
G4NI45,50.0,6.0,Bagasse,0.4154,0.7042,26.31,BG
G4NI45,50.0,7.0,Bagasse,0.4154,0.7042,26.31,BG
G4NI45,50.0,8.0,Bagasse,0.3514,0.7042,26.31,BG
G4NI45,60.0,4.0,Bagasse,0.2341,0.7042,26.31,BG
G4NI45,60.0,5.0,Bagasse,0.3466,0.7042,26.31,BG
G4NI45,60.0,6.0,Bagasse,0.4103,0.7042,26.31,BG
G4NI45,60.0,7.0,Bagasse,0.4103,0.7042,26.31,BG
G4NI45,60.0,8.0,Bagasse,0.3466,0.7042,26.31,BG
G4NI45,70.0,4.0,Bagasse,0.159,0.7042,26.31,BG
G4NI45,70.0,5.0,Bagasse,0.2527,0.7042,26.31,BG
G4NI45,70.0,6.0,Bagasse,0.3082,0.7042,26.31,BG
G4NI45,70.0,7.0,Bagasse,0.3082,0.7042,26.31,BG
G4NI45,70.0,8.0,Bagasse,0.2527,0.7042,26.31,BG
Q5BCC6,30.0,4.0,Cellulose,0.3607,9.8854,27.04,BG
Q5BCC6,30.0,5.0,Cellulose,0.5016,9.8854,27.04,BG
Q5BCC6,30.0,6.0,Cellulose,0.5816,9.8854,27.04,BG
Q5BCC6,30.0,7.0,Cellulose,0.589,9.8854,27.04,BG
Q5BCC6,30.0,8.0,Cellulose,0.5231,9.8854,27.04,BG
Q5BCC6,40.0,4.0,Cellulose,0.5657,9.8854,27.04,BG
Q5BCC6,40.0,5.0,Cellulose,0.7245,9.8854,27.04,BG
Q5BCC6,40.0,6.0,Cellulose,0.8083,9.8854,27.04,BG
Q5BCC6,40.0,7.0,Cellulose,0.8158,9.8854,27.04,BG
Q5BCC6,40.0,8.0,Cellulose,0.7475,9.8854,27.04,BG
Q5BCC6,50.0,4.0,Cellulose,0.6725,9.8854,27.04,BG
Q5BCC6,50.0,5.0,Cellulose,0.8323,9.8854,27.04,BG
Q5BCC6,50.0,6.0,Cellulose,0.9094,9.8854,27.04,BG
Q5BCC6,50.0,7.0,Cellulose,0.9158,9.8854,27.04,BG
Q5BCC6,50.0,8.0,Cellulose,0.8542,9.8854,27.04,BG
Q5BCC6,60.0,4.0,Cellulose,0.6618,9.8854,27.04,BG
Q5BCC6,60.0,5.0,Cellulose,0.8219,9.8854,27.04,BG
Q5BCC6,60.0,6.0,Cellulose,0.9002,9.8854,27.04,BG
Q5BCC6,60.0,7.0,Cellulose,0.9068,9.8854,27.04,BG
Q5BCC6,60.0,8.0,Cellulose,0.844,9.8854,27.04,BG
Q5BCC6,70.0,4.0,Cellulose,0.5348,9.8854,27.04,BG
Q5BCC6,70.0,5.0,Cellulose,0.6921,9.8854,27.04,BG
Q5BCC6,70.0,6.0,Cellulose,0.7763,9.8854,27.04,BG
Q5BCC6,70.0,7.0,Cellulose,0.784,9.8854,27.04,BG
Q5BCC6,70.0,8.0,Cellulose,0.7151,9.8854,27.04,BG
Q5BCC6,30.0,4.0,Xylan,0.1103,9.8854,27.04,BG
Q5BCC6,30.0,5.0,Xylan,0.1924,9.8854,27.04,BG
Q5BCC6,30.0,6.0,Xylan,0.2464,9.8854,27.04,BG
Q5BCC6,30.0,7.0,Xylan,0.2517,9.8854,27.04,BG
Q5BCC6,30.0,8.0,Xylan,0.2064,9.8854,27.04,BG
Q5BCC6,40.0,4.0,Xylan,0.2353,9.8854,27.04,BG
Q5BCC6,40.0,5.0,Xylan,0.3547,9.8854,27.04,BG
Q5BCC6,40.0,6.0,Xylan,0.4258,9.8854,27.04,BG
Q5BCC6,40.0,7.0,Xylan,0.4326,9.8854,27.04,BG
Q5BCC6,40.0,8.0,Xylan,0.3736,9.8854,27.04,BG
Q5BCC6,50.0,4.0,Xylan,0.3136,9.8854,27.04,BG
Q5BCC6,50.0,5.0,Xylan,0.4476,9.8854,27.04,BG
Q5BCC6,50.0,6.0,Xylan,0.5249,9.8854,27.04,BG
Q5BCC6,50.0,7.0,Xylan,0.5322,9.8854,27.04,BG
Q5BCC6,50.0,8.0,Xylan,0.4683,9.8854,27.04,BG
Q5BCC6,60.0,4.0,Xylan,0.3054,9.8854,27.04,BG
Q5BCC6,60.0,5.0,Xylan,0.4381,9.8854,27.04,BG
Q5BCC6,60.0,6.0,Xylan,0.5148,9.8854,27.04,BG
Q5BCC6,60.0,7.0,Xylan,0.522,9.8854,27.04,BG
Q5BCC6,60.0,8.0,Xylan,0.4586,9.8854,27.04,BG
Q5BCC6,70.0,4.0,Xylan,0.2142,9.8854,27.04,BG
Q5BCC6,70.0,5.0,Xylan,0.3288,9.8854,27.04,BG
Q5BCC6,70.0,6.0,Xylan,0.3979,9.8854,27.04,BG
Q5BCC6,70.0,7.0,Xylan,0.4045,9.8854,27.04,BG
Q5BCC6,70.0,8.0,Xylan,0.3471,9.8854,27.04,BG
Q5BCC6,30.0,4.0,Bagasse,0.3119,9.8854,27.04,BG
Q5BCC6,30.0,5.0,Bagasse,0.4457,9.8854,27.04,BG
Q5BCC6,30.0,6.0,Bagasse,0.5229,9.8854,27.04,BG
Q5BCC6,30.0,7.0,Bagasse,0.5301,9.8854,27.04,BG
Q5BCC6,30.0,8.0,Bagasse,0.4664,9.8854,27.04,BG
Q5BCC6,40.0,4.0,Bagasse,0.5075,9.8854,27.04,BG
Q5BCC6,40.0,5.0,Bagasse,0.6631,9.8854,27.04,BG
Q5BCC6,40.0,6.0,Bagasse,0.7473,9.8854,27.04,BG
Q5BCC6,40.0,7.0,Bagasse,0.7549,9.8854,27.04,BG
Q5BCC6,40.0,8.0,Bagasse,0.686,9.8854,27.04,BG
Q5BCC6,50.0,4.0,Bagasse,0.6117,9.8854,27.04,BG
Q5BCC6,50.0,5.0,Bagasse,0.7719,9.8854,27.04,BG
Q5BCC6,50.0,6.0,Bagasse,0.8541,9.8854,27.04,BG
Q5BCC6,50.0,7.0,Bagasse,0.8613,9.8854,27.04,BG
Q5BCC6,50.0,8.0,Bagasse,0.7947,9.8854,27.04,BG
Q5BCC6,60.0,4.0,Bagasse,0.6012,9.8854,27.04,BG
Q5BCC6,60.0,5.0,Bagasse,0.7611,9.8854,27.04,BG
Q5BCC6,60.0,6.0,Bagasse,0.8438,9.8854,27.04,BG
Q5BCC6,60.0,7.0,Bagasse,0.8511,9.8854,27.04,BG
Q5BCC6,60.0,8.0,Bagasse,0.784,9.8854,27.04,BG
Q5BCC6,70.0,4.0,Bagasse,0.4777,9.8854,27.04,BG
Q5BCC6,70.0,5.0,Bagasse,0.631,9.8854,27.04,BG
Q5BCC6,70.0,6.0,Bagasse,0.7149,9.8854,27.04,BG
Q5BCC6,70.0,7.0,Bagasse,0.7226,9.8854,27.04,BG
Q5BCC6,70.0,8.0,Bagasse,0.6538,9.8854,27.04,BG
G4N7Z0,30.0,4.0,Cellulose,0.6989,30.2121,26.54,BG
G4N7Z0,30.0,5.0,Cellulose,0.76,30.2121,26.54,BG
G4N7Z0,30.0,6.0,Cellulose,0.7447,30.2121,26.54,BG
G4N7Z0,30.0,7.0,Cellulose,0.6534,30.2121,26.54,BG
G4N7Z0,30.0,8.0,Cellulose,0.4925,30.2121,26.54,BG
G4N7Z0,40.0,4.0,Cellulose,0.92,30.2121,26.54,BG
G4N7Z0,40.0,5.0,Cellulose,0.9634,30.2121,26.54,BG
G4N7Z0,40.0,6.0,Cellulose,0.954,30.2121,26.54,BG
G4N7Z0,40.0,7.0,Cellulose,0.8804,30.2121,26.54,BG
G4N7Z0,40.0,8.0,Cellulose,0.7166,30.2121,26.54,BG
G4N7Z0,50.0,4.0,Cellulose,0.9866,30.2121,26.54,BG
G4N7Z0,50.0,5.0,Cellulose,0.9978,30.2121,26.54,BG
G4N7Z0,50.0,6.0,Cellulose,0.9963,30.2121,26.54,BG
G4N7Z0,50.0,7.0,Cellulose,0.9664,30.2121,26.54,BG
G4N7Z0,50.0,8.0,Cellulose,0.8277,30.2121,26.54,BG
G4N7Z0,60.0,4.0,Cellulose,0.9842,30.2121,26.54,BG
G4N7Z0,60.0,5.0,Cellulose,0.9972,30.2121,26.54,BG
G4N7Z0,60.0,6.0,Cellulose,0.9954,30.2121,26.54,BG
G4N7Z0,60.0,7.0,Cellulose,0.9623,30.2121,26.54,BG
G4N7Z0,60.0,8.0,Cellulose,0.8208,30.2121,26.54,BG
G4N7Z0,70.0,4.0,Cellulose,0.902,30.2121,26.54,BG
G4N7Z0,70.0,5.0,Cellulose,0.9498,30.2121,26.54,BG
G4N7Z0,70.0,6.0,Cellulose,0.939,30.2121,26.54,BG
G4N7Z0,70.0,7.0,Cellulose,0.8605,30.2121,26.54,BG
G4N7Z0,70.0,8.0,Cellulose,0.6951,30.2121,26.54,BG
G4N7Z0,30.0,4.0,Xylan,0.3369,30.2121,26.54,BG
G4N7Z0,30.0,5.0,Xylan,0.3865,30.2121,26.54,BG
G4N7Z0,30.0,6.0,Xylan,0.3738,30.2121,26.54,BG
G4N7Z0,30.0,7.0,Xylan,0.3018,30.2121,26.54,BG
G4N7Z0,30.0,8.0,Xylan,0.1895,30.2121,26.54,BG
G4N7Z0,40.0,4.0,Xylan,0.5387,30.2121,26.54,BG
G4N7Z0,40.0,5.0,Xylan,0.5972,30.2121,26.54,BG
G4N7Z0,40.0,6.0,Xylan,0.5824,30.2121,26.54,BG
G4N7Z0,40.0,7.0,Xylan,0.496,30.2121,26.54,BG
G4N7Z0,40.0,8.0,Xylan,0.351,30.2121,26.54,BG
G4N7Z0,50.0,4.0,Xylan,0.6473,30.2121,26.54,BG
G4N7Z0,50.0,5.0,Xylan,0.708,30.2121,26.54,BG
G4N7Z0,50.0,6.0,Xylan,0.6928,30.2121,26.54,BG
G4N7Z0,50.0,7.0,Xylan,0.6023,30.2121,26.54,BG
G4N7Z0,50.0,8.0,Xylan,0.4457,30.2121,26.54,BG
G4N7Z0,60.0,4.0,Xylan,0.6402,30.2121,26.54,BG
G4N7Z0,60.0,5.0,Xylan,0.7009,30.2121,26.54,BG
G4N7Z0,60.0,6.0,Xylan,0.6856,30.2121,26.54,BG
G4N7Z0,60.0,7.0,Xylan,0.5954,30.2121,26.54,BG
G4N7Z0,60.0,8.0,Xylan,0.4393,30.2121,26.54,BG
G4N7Z0,70.0,4.0,Xylan,0.5186,30.2121,26.54,BG
G4N7Z0,70.0,5.0,Xylan,0.5765,30.2121,26.54,BG
G4N7Z0,70.0,6.0,Xylan,0.5618,30.2121,26.54,BG
G4N7Z0,70.0,7.0,Xylan,0.4764,30.2121,26.54,BG
G4N7Z0,70.0,8.0,Xylan,0.3339,30.2121,26.54,BG
G4N7Z0,30.0,4.0,Bagasse,0.6381,30.2121,26.54,BG
G4N7Z0,30.0,5.0,Bagasse,0.6987,30.2121,26.54,BG
G4N7Z0,30.0,6.0,Bagasse,0.6835,30.2121,26.54,BG
G4N7Z0,30.0,7.0,Bagasse,0.5933,30.2121,26.54,BG
G4N7Z0,30.0,8.0,Bagasse,0.4375,30.2121,26.54,BG
G4N7Z0,40.0,4.0,Bagasse,0.8661,30.2121,26.54,BG
G4N7Z0,40.0,5.0,Bagasse,0.9199,30.2121,26.54,BG
G4N7Z0,40.0,6.0,Bagasse,0.9071,30.2121,26.54,BG
G4N7Z0,40.0,7.0,Bagasse,0.8224,30.2121,26.54,BG
G4N7Z0,40.0,8.0,Bagasse,0.6555,30.2121,26.54,BG
G4N7Z0,50.0,4.0,Bagasse,0.9572,30.2121,26.54,BG
G4N7Z0,50.0,5.0,Bagasse,0.9866,30.2121,26.54,BG
G4N7Z0,50.0,6.0,Bagasse,0.9811,30.2121,26.54,BG
G4N7Z0,50.0,7.0,Bagasse,0.9241,30.2121,26.54,BG
G4N7Z0,50.0,8.0,Bagasse,0.7674,30.2121,26.54,BG
G4N7Z0,60.0,4.0,Bagasse,0.9526,30.2121,26.54,BG
G4N7Z0,60.0,5.0,Bagasse,0.9841,30.2121,26.54,BG
G4N7Z0,60.0,6.0,Bagasse,0.9781,30.2121,26.54,BG
G4N7Z0,60.0,7.0,Bagasse,0.9183,30.2121,26.54,BG
G4N7Z0,60.0,8.0,Bagasse,0.7602,30.2121,26.54,BG
G4N7Z0,70.0,4.0,Bagasse,0.8459,30.2121,26.54,BG
G4N7Z0,70.0,5.0,Bagasse,0.9018,30.2121,26.54,BG
G4N7Z0,70.0,6.0,Bagasse,0.8884,30.2121,26.54,BG
G4N7Z0,70.0,7.0,Bagasse,0.8014,30.2121,26.54,BG
G4N7Z0,70.0,8.0,Bagasse,0.6343,30.2121,26.54,BG
P26205,30.0,4.0,Cellulose,0.313,24.7765,27.74,BG
P26205,30.0,5.0,Cellulose,0.519,24.7765,27.74,BG
P26205,30.0,6.0,Cellulose,0.6762,24.7765,27.74,BG
P26205,30.0,7.0,Cellulose,0.7608,24.7765,27.74,BG
P26205,30.0,8.0,Cellulose,0.7684,24.7765,27.74,BG
P26205,40.0,4.0,Cellulose,0.5062,24.7765,27.74,BG
P26205,40.0,5.0,Cellulose,0.7394,24.7765,27.74,BG
P26205,40.0,6.0,Cellulose,0.8946,24.7765,27.74,BG
P26205,40.0,7.0,Cellulose,0.959,24.7765,27.74,BG
P26205,40.0,8.0,Cellulose,0.9636,24.7765,27.74,BG
P26205,50.0,4.0,Cellulose,0.6063,24.7765,27.74,BG
P26205,50.0,5.0,Cellulose,0.8423,24.7765,27.74,BG
P26205,50.0,6.0,Cellulose,0.9703,24.7765,27.74,BG
P26205,50.0,7.0,Cellulose,0.9962,24.7765,27.74,BG
P26205,50.0,8.0,Cellulose,0.997,24.7765,27.74,BG
P26205,60.0,4.0,Cellulose,0.5911,24.7765,27.74,BG
P26205,60.0,5.0,Cellulose,0.8273,24.7765,27.74,BG
P26205,60.0,6.0,Cellulose,0.9616,24.7765,27.74,BG
P26205,60.0,7.0,Cellulose,0.9938,24.7765,27.74,BG
P26205,60.0,8.0,Cellulose,0.9951,24.7765,27.74,BG
P26205,70.0,4.0,Cellulose,0.4631,24.7765,27.74,BG
P26205,70.0,5.0,Cellulose,0.6926,24.7765,27.74,BG
P26205,70.0,6.0,Cellulose,0.8518,24.7765,27.74,BG
P26205,70.0,7.0,Cellulose,0.926,24.7765,27.74,BG
P26205,70.0,8.0,Cellulose,0.932,24.7765,27.74,BG
P26205,30.0,4.0,Xylan,0.0853,24.7765,27.74,BG
P26205,30.0,5.0,Xylan,0.2013,24.7765,27.74,BG
P26205,30.0,6.0,Xylan,0.3142,24.7765,27.74,BG
P26205,30.0,7.0,Xylan,0.3827,24.7765,27.74,BG
P26205,30.0,8.0,Xylan,0.3892,24.7765,27.74,BG
P26205,40.0,4.0,Xylan,0.193,24.7765,27.74,BG
P26205,40.0,5.0,Xylan,0.3648,24.7765,27.74,BG
P26205,40.0,6.0,Xylan,0.5076,24.7765,27.74,BG
P26205,40.0,7.0,Xylan,0.5883,24.7765,27.74,BG
P26205,40.0,8.0,Xylan,0.5958,24.7765,27.74,BG
P26205,50.0,4.0,Xylan,0.2617,24.7765,27.74,BG
P26205,50.0,5.0,Xylan,0.4553,24.7765,27.74,BG
P26205,50.0,6.0,Xylan,0.6078,24.7765,27.74,BG
P26205,50.0,7.0,Xylan,0.6916,24.7765,27.74,BG
P26205,50.0,8.0,Xylan,0.6993,24.7765,27.74,BG
P26205,60.0,4.0,Xylan,0.2507,24.7765,27.74,BG
P26205,60.0,5.0,Xylan,0.4413,24.7765,27.74,BG
P26205,60.0,6.0,Xylan,0.5925,24.7765,27.74,BG
P26205,60.0,7.0,Xylan,0.676,24.7765,27.74,BG
P26205,60.0,8.0,Xylan,0.6837,24.7765,27.74,BG
P26205,70.0,4.0,Xylan,0.1659,24.7765,27.74,BG
P26205,70.0,5.0,Xylan,0.327,24.7765,27.74,BG
P26205,70.0,6.0,Xylan,0.4644,24.7765,27.74,BG
P26205,70.0,7.0,Xylan,0.5432,24.7765,27.74,BG
P26205,70.0,8.0,Xylan,0.5505,24.7765,27.74,BG
P26205,30.0,4.0,Bagasse,0.267,24.7765,27.74,BG
P26205,30.0,5.0,Bagasse,0.462,24.7765,27.74,BG
P26205,30.0,6.0,Bagasse,0.6151,24.7765,27.74,BG
P26205,30.0,7.0,Bagasse,0.6991,24.7765,27.74,BG
P26205,30.0,8.0,Bagasse,0.7068,24.7765,27.74,BG
P26205,40.0,4.0,Bagasse,0.4497,24.7765,27.74,BG
P26205,40.0,5.0,Bagasse,0.6777,24.7765,27.74,BG
P26205,40.0,6.0,Bagasse,0.8377,24.7765,27.74,BG
P26205,40.0,7.0,Bagasse,0.9141,24.7765,27.74,BG
P26205,40.0,8.0,Bagasse,0.9203,24.7765,27.74,BG
P26205,50.0,4.0,Bagasse,0.5466,24.7765,27.74,BG
P26205,50.0,5.0,Bagasse,0.7821,24.7765,27.74,BG
P26205,50.0,6.0,Bagasse,0.93,24.7765,27.74,BG
P26205,50.0,7.0,Bagasse,0.9808,24.7765,27.74,BG
P26205,50.0,8.0,Bagasse,0.9837,24.7765,27.74,BG
P26205,60.0,4.0,Bagasse,0.5318,24.7765,27.74,BG
P26205,60.0,5.0,Bagasse,0.7666,24.7765,27.74,BG
P26205,60.0,6.0,Bagasse,0.9176,24.7765,27.74,BG
P26205,60.0,7.0,Bagasse,0.9739,24.7765,27.74,BG
P26205,60.0,8.0,Bagasse,0.9775,24.7765,27.74,BG
P26205,70.0,4.0,Bagasse,0.4084,24.7765,27.74,BG
P26205,70.0,5.0,Bagasse,0.6312,24.7765,27.74,BG
P26205,70.0,6.0,Bagasse,0.7921,24.7765,27.74,BG
P26205,70.0,7.0,Bagasse,0.8731,24.7765,27.74,BG
P26205,70.0,8.0,Bagasse,0.8801,24.7765,27.74,BG
Q5AWI5,30.0,4.0,Cellulose,0.581,14.1491,26.95,BG
Q5AWI5,30.0,5.0,Cellulose,0.6406,14.1491,26.95,BG
Q5AWI5,30.0,6.0,Cellulose,0.6256,14.1491,26.95,BG
Q5AWI5,30.0,7.0,Cellulose,0.5372,14.1491,26.95,BG
Q5AWI5,30.0,8.0,Cellulose,0.387,14.1491,26.95,BG
Q5AWI5,40.0,4.0,Cellulose,0.8065,14.1491,26.95,BG
Q5AWI5,40.0,5.0,Cellulose,0.8651,14.1491,26.95,BG
Q5AWI5,40.0,6.0,Cellulose,0.8507,14.1491,26.95,BG
Q5AWI5,40.0,7.0,Cellulose,0.7611,14.1491,26.95,BG
Q5AWI5,40.0,8.0,Cellulose,0.5946,14.1491,26.95,BG
Q5AWI5,50.0,4.0,Cellulose,0.9075,14.1491,26.95,BG
Q5AWI5,50.0,5.0,Cellulose,0.954,14.1491,26.95,BG
Q5AWI5,50.0,6.0,Cellulose,0.9436,14.1491,26.95,BG
Q5AWI5,50.0,7.0,Cellulose,0.8666,14.1491,26.95,BG
Q5AWI5,50.0,8.0,Cellulose,0.7018,14.1491,26.95,BG
Q5AWI5,60.0,4.0,Cellulose,0.8983,14.1491,26.95,BG
Q5AWI5,60.0,5.0,Cellulose,0.9468,14.1491,26.95,BG
Q5AWI5,60.0,6.0,Cellulose,0.9357,14.1491,26.95,BG
Q5AWI5,60.0,7.0,Cellulose,0.8566,14.1491,26.95,BG
Q5AWI5,60.0,8.0,Cellulose,0.691,14.1491,26.95,BG
Q5AWI5,70.0,4.0,Cellulose,0.7746,14.1491,26.95,BG
Q5AWI5,70.0,5.0,Cellulose,0.8346,14.1491,26.95,BG
Q5AWI5,70.0,6.0,Cellulose,0.8198,14.1491,26.95,BG
Q5AWI5,70.0,7.0,Cellulose,0.7289,14.1491,26.95,BG
Q5AWI5,70.0,8.0,Cellulose,0.5635,14.1491,26.95,BG
Q5AWI5,30.0,4.0,Xylan,0.2485,14.1491,26.95,BG
Q5AWI5,30.0,5.0,Xylan,0.2918,14.1491,26.95,BG
Q5AWI5,30.0,6.0,Xylan,0.2807,14.1491,26.95,BG
Q5AWI5,30.0,7.0,Xylan,0.2184,14.1491,26.95,BG
Q5AWI5,30.0,8.0,Xylan,0.1265,14.1491,26.95,BG
Q5AWI5,40.0,4.0,Xylan,0.4264,14.1491,26.95,BG
Q5AWI5,40.0,5.0,Xylan,0.4808,14.1491,26.95,BG
Q5AWI5,40.0,6.0,Xylan,0.467,14.1491,26.95,BG
Q5AWI5,40.0,7.0,Xylan,0.3873,14.1491,26.95,BG
Q5AWI5,40.0,8.0,Xylan,0.2582,14.1491,26.95,BG
Q5AWI5,50.0,4.0,Xylan,0.5247,14.1491,26.95,BG
Q5AWI5,50.0,5.0,Xylan,0.5828,14.1491,26.95,BG
Q5AWI5,50.0,6.0,Xylan,0.5681,14.1491,26.95,BG
Q5AWI5,50.0,7.0,Xylan,0.4823,14.1491,26.95,BG
Q5AWI5,50.0,8.0,Xylan,0.3389,14.1491,26.95,BG
Q5AWI5,60.0,4.0,Xylan,0.5146,14.1491,26.95,BG
Q5AWI5,60.0,5.0,Xylan,0.5725,14.1491,26.95,BG
Q5AWI5,60.0,6.0,Xylan,0.5579,14.1491,26.95,BG
Q5AWI5,60.0,7.0,Xylan,0.4726,14.1491,26.95,BG
Q5AWI5,60.0,8.0,Xylan,0.3304,14.1491,26.95,BG
Q5AWI5,70.0,4.0,Xylan,0.3987,14.1491,26.95,BG
Q5AWI5,70.0,5.0,Xylan,0.4518,14.1491,26.95,BG
Q5AWI5,70.0,6.0,Xylan,0.4383,14.1491,26.95,BG
Q5AWI5,70.0,7.0,Xylan,0.3607,14.1491,26.95,BG
Q5AWI5,70.0,8.0,Xylan,0.2364,14.1491,26.95,BG
Q5AWI5,30.0,4.0,Bagasse,0.5227,14.1491,26.95,BG
Q5AWI5,30.0,5.0,Bagasse,0.5808,14.1491,26.95,BG
Q5AWI5,30.0,6.0,Bagasse,0.5661,14.1491,26.95,BG
Q5AWI5,30.0,7.0,Bagasse,0.4804,14.1491,26.95,BG
Q5AWI5,30.0,8.0,Bagasse,0.3372,14.1491,26.95,BG
Q5AWI5,40.0,4.0,Bagasse,0.7457,14.1491,26.95,BG
Q5AWI5,40.0,5.0,Bagasse,0.8063,14.1491,26.95,BG
Q5AWI5,40.0,6.0,Bagasse,0.7912,14.1491,26.95,BG
Q5AWI5,40.0,7.0,Bagasse,0.6999,14.1491,26.95,BG
Q5AWI5,40.0,8.0,Bagasse,0.5359,14.1491,26.95,BG
Q5AWI5,50.0,4.0,Bagasse,0.8521,14.1491,26.95,BG
Q5AWI5,50.0,5.0,Bagasse,0.9074,14.1491,26.95,BG
Q5AWI5,50.0,6.0,Bagasse,0.8941,14.1491,26.95,BG
Q5AWI5,50.0,7.0,Bagasse,0.8079,14.1491,26.95,BG
Q5AWI5,50.0,8.0,Bagasse,0.6409,14.1491,26.95,BG
Q5AWI5,60.0,4.0,Bagasse,0.8419,14.1491,26.95,BG
Q5AWI5,60.0,5.0,Bagasse,0.8981,14.1491,26.95,BG
Q5AWI5,60.0,6.0,Bagasse,0.8846,14.1491,26.95,BG
Q5AWI5,60.0,7.0,Bagasse,0.7974,14.1491,26.95,BG
Q5AWI5,60.0,8.0,Bagasse,0.6303,14.1491,26.95,BG
Q5AWI5,70.0,4.0,Bagasse,0.7135,14.1491,26.95,BG
Q5AWI5,70.0,5.0,Bagasse,0.7744,14.1491,26.95,BG
Q5AWI5,70.0,6.0,Bagasse,0.7592,14.1491,26.95,BG
Q5AWI5,70.0,7.0,Bagasse,0.6678,14.1491,26.95,BG
Q5AWI5,70.0,8.0,Bagasse,0.5058,14.1491,26.95,BG
Q25BW4,30.0,4.0,Cellulose,0.9881,142.7861,28.15,BG
Q25BW4,30.0,5.0,Cellulose,0.9803,142.7861,28.15,BG
Q25BW4,30.0,6.0,Cellulose,0.9176,142.7861,28.15,BG
Q25BW4,30.0,7.0,Cellulose,0.7533,142.7861,28.15,BG
Q25BW4,30.0,8.0,Cellulose,0.5085,142.7861,28.15,BG
Q25BW4,40.0,4.0,Cellulose,1.0,142.7861,28.15,BG
Q25BW4,40.0,5.0,Cellulose,1.0,142.7861,28.15,BG
Q25BW4,40.0,6.0,Cellulose,0.9996,142.7861,28.15,BG
Q25BW4,40.0,7.0,Cellulose,0.9503,142.7861,28.15,BG
Q25BW4,40.0,8.0,Cellulose,0.721,142.7861,28.15,BG
Q25BW4,50.0,4.0,Cellulose,1.0,142.7861,28.15,BG
Q25BW4,50.0,5.0,Cellulose,1.0,142.7861,28.15,BG
Q25BW4,50.0,6.0,Cellulose,1.0,142.7861,28.15,BG
Q25BW4,50.0,7.0,Cellulose,0.9933,142.7861,28.15,BG
Q25BW4,50.0,8.0,Cellulose,0.8199,142.7861,28.15,BG
Q25BW4,60.0,4.0,Cellulose,1.0,142.7861,28.15,BG
Q25BW4,60.0,5.0,Cellulose,1.0,142.7861,28.15,BG
Q25BW4,60.0,6.0,Cellulose,1.0,142.7861,28.15,BG
Q25BW4,60.0,7.0,Cellulose,0.9889,142.7861,28.15,BG
Q25BW4,60.0,8.0,Cellulose,0.8013,142.7861,28.15,BG
Q25BW4,70.0,4.0,Cellulose,1.0,142.7861,28.15,BG
Q25BW4,70.0,5.0,Cellulose,1.0,142.7861,28.15,BG
Q25BW4,70.0,6.0,Cellulose,0.9961,142.7861,28.15,BG
Q25BW4,70.0,7.0,Cellulose,0.9066,142.7861,28.15,BG
Q25BW4,70.0,8.0,Cellulose,0.6642,142.7861,28.15,BG
Q25BW4,30.0,4.0,Xylan,0.6563,142.7861,28.15,BG
Q25BW4,30.0,5.0,Xylan,0.6337,142.7861,28.15,BG
Q25BW4,30.0,6.0,Xylan,0.5383,142.7861,28.15,BG
Q25BW4,30.0,7.0,Xylan,0.3824,142.7861,28.15,BG
Q25BW4,30.0,8.0,Xylan,0.2008,142.7861,28.15,BG
Q25BW4,40.0,4.0,Xylan,0.8708,142.7861,28.15,BG
Q25BW4,40.0,5.0,Xylan,0.8496,142.7861,28.15,BG
Q25BW4,40.0,6.0,Xylan,0.7528,142.7861,28.15,BG
Q25BW4,40.0,7.0,Xylan,0.58,142.7861,28.15,BG
Q25BW4,40.0,8.0,Xylan,0.3559,142.7861,28.15,BG
Q25BW4,50.0,4.0,Xylan,0.9519,142.7861,28.15,BG
Q25BW4,50.0,5.0,Xylan,0.9359,142.7861,28.15,BG
Q25BW4,50.0,6.0,Xylan,0.8504,142.7861,28.15,BG
Q25BW4,50.0,7.0,Xylan,0.678,142.7861,28.15,BG
Q25BW4,50.0,8.0,Xylan,0.4402,142.7861,28.15,BG
Q25BW4,60.0,4.0,Xylan,0.9387,142.7861,28.15,BG
Q25BW4,60.0,5.0,Xylan,0.9211,142.7861,28.15,BG
Q25BW4,60.0,6.0,Xylan,0.8323,142.7861,28.15,BG
Q25BW4,60.0,7.0,Xylan,0.6591,142.7861,28.15,BG
Q25BW4,60.0,8.0,Xylan,0.4236,142.7861,28.15,BG
Q25BW4,70.0,4.0,Xylan,0.8167,142.7861,28.15,BG
Q25BW4,70.0,5.0,Xylan,0.7943,142.7861,28.15,BG
Q25BW4,70.0,6.0,Xylan,0.6959,142.7861,28.15,BG
Q25BW4,70.0,7.0,Xylan,0.5258,142.7861,28.15,BG
Q25BW4,70.0,8.0,Xylan,0.3113,142.7861,28.15,BG
Q25BW4,30.0,4.0,Bagasse,0.961,142.7861,28.15,BG
Q25BW4,30.0,5.0,Bagasse,0.9463,142.7861,28.15,BG
Q25BW4,30.0,6.0,Bagasse,0.864,142.7861,28.15,BG
Q25BW4,30.0,7.0,Bagasse,0.6924,142.7861,28.15,BG
Q25BW4,30.0,8.0,Bagasse,0.453,142.7861,28.15,BG
Q25BW4,40.0,4.0,Bagasse,1.0,142.7861,28.15,BG
Q25BW4,40.0,5.0,Bagasse,0.9999,142.7861,28.15,BG
Q25BW4,40.0,6.0,Bagasse,0.9956,142.7861,28.15,BG
Q25BW4,40.0,7.0,Bagasse,0.9032,142.7861,28.15,BG
Q25BW4,40.0,8.0,Bagasse,0.6603,142.7861,28.15,BG
Q25BW4,50.0,4.0,Bagasse,1.0,142.7861,28.15,BG
Q25BW4,50.0,5.0,Bagasse,1.0,142.7861,28.15,BG
Q25BW4,50.0,6.0,Bagasse,0.9999,142.7861,28.15,BG
Q25BW4,50.0,7.0,Bagasse,0.9729,142.7861,28.15,BG
Q25BW4,50.0,8.0,Bagasse,0.7597,142.7861,28.15,BG
Q25BW4,60.0,4.0,Bagasse,1.0,142.7861,28.15,BG
Q25BW4,60.0,5.0,Bagasse,1.0,142.7861,28.15,BG
Q25BW4,60.0,6.0,Bagasse,0.9998,142.7861,28.15,BG
Q25BW4,60.0,7.0,Bagasse,0.9627,142.7861,28.15,BG
Q25BW4,60.0,8.0,Bagasse,0.7408,142.7861,28.15,BG
Q25BW4,70.0,4.0,Bagasse,0.9996,142.7861,28.15,BG
Q25BW4,70.0,5.0,Bagasse,0.999,142.7861,28.15,BG
Q25BW4,70.0,6.0,Bagasse,0.9809,142.7861,28.15,BG
Q25BW4,70.0,7.0,Bagasse,0.8516,142.7861,28.15,BG
Q25BW4,70.0,8.0,Bagasse,0.6042,142.7861,28.15,BG
A3C053,30.0,4.0,Cellulose,0.7997,37.5676,27.13,BG
A3C053,30.0,5.0,Cellulose,0.7846,37.5676,27.13,BG
A3C053,30.0,6.0,Cellulose,0.6936,37.5676,27.13,BG
A3C053,30.0,7.0,Cellulose,0.5308,37.5676,27.13,BG
A3C053,30.0,8.0,Cellulose,0.3215,37.5676,27.13,BG
A3C053,40.0,4.0,Cellulose,0.9804,37.5676,27.13,BG
A3C053,40.0,5.0,Cellulose,0.9735,37.5676,27.13,BG
A3C053,40.0,6.0,Cellulose,0.9108,37.5676,27.13,BG
A3C053,40.0,7.0,Cellulose,0.752,37.5676,27.13,BG
A3C053,40.0,8.0,Cellulose,0.5144,37.5676,27.13,BG
A3C053,50.0,4.0,Cellulose,0.9993,37.5676,27.13,BG
A3C053,50.0,5.0,Cellulose,0.9987,37.5676,27.13,BG
A3C053,50.0,6.0,Cellulose,0.9805,37.5676,27.13,BG
A3C053,50.0,7.0,Cellulose,0.8566,37.5676,27.13,BG
A3C053,50.0,8.0,Cellulose,0.6165,37.5676,27.13,BG
A3C053,60.0,4.0,Cellulose,0.9988,37.5676,27.13,BG
A3C053,60.0,5.0,Cellulose,0.9979,37.5676,27.13,BG
A3C053,60.0,6.0,Cellulose,0.9753,37.5676,27.13,BG
A3C053,60.0,7.0,Cellulose,0.8454,37.5676,27.13,BG
A3C053,60.0,8.0,Cellulose,0.6049,37.5676,27.13,BG
A3C053,70.0,4.0,Cellulose,0.9625,37.5676,27.13,BG
A3C053,70.0,5.0,Cellulose,0.9529,37.5676,27.13,BG
A3C053,70.0,6.0,Cellulose,0.8795,37.5676,27.13,BG
A3C053,70.0,7.0,Cellulose,0.7164,37.5676,27.13,BG
A3C053,70.0,8.0,Cellulose,0.4816,37.5676,27.13,BG
A3C053,30.0,4.0,Xylan,0.4222,37.5676,27.13,BG
A3C053,30.0,5.0,Xylan,0.4091,37.5676,27.13,BG
A3C053,30.0,6.0,Xylan,0.3344,37.5676,27.13,BG
A3C053,30.0,7.0,Xylan,0.2162,37.5676,27.13,BG
A3C053,30.0,8.0,Xylan,0.0944,37.5676,27.13,BG
A3C053,40.0,4.0,Xylan,0.6324,37.5676,27.13,BG
A3C053,40.0,5.0,Xylan,0.6175,37.5676,27.13,BG
A3C053,40.0,6.0,Xylan,0.5299,37.5676,27.13,BG
A3C053,40.0,7.0,Xylan,0.3815,37.5676,27.13,BG
A3C053,40.0,8.0,Xylan,0.2053,37.5676,27.13,BG
A3C053,50.0,4.0,Xylan,0.7388,37.5676,27.13,BG
A3C053,50.0,5.0,Xylan,0.7235,37.5676,27.13,BG
A3C053,50.0,6.0,Xylan,0.6329,37.5676,27.13,BG
A3C053,50.0,7.0,Xylan,0.4743,37.5676,27.13,BG
A3C053,50.0,8.0,Xylan,0.2761,37.5676,27.13,BG
A3C053,60.0,4.0,Xylan,0.7269,37.5676,27.13,BG
A3C053,60.0,5.0,Xylan,0.7117,37.5676,27.13,BG
A3C053,60.0,6.0,Xylan,0.6212,37.5676,27.13,BG
A3C053,60.0,7.0,Xylan,0.4636,37.5676,27.13,BG
A3C053,60.0,8.0,Xylan,0.2677,37.5676,27.13,BG
A3C053,70.0,4.0,Xylan,0.5976,37.5676,27.13,BG
A3C053,70.0,5.0,Xylan,0.5829,37.5676,27.13,BG
A3C053,70.0,6.0,Xylan,0.4968,37.5676,27.13,BG
A3C053,70.0,7.0,Xylan,0.3525,37.5676,27.13,BG
A3C053,70.0,8.0,Xylan,0.1842,37.5676,27.13,BG
A3C053,30.0,4.0,Bagasse,0.739,37.5676,27.13,BG
A3C053,30.0,5.0,Bagasse,0.7238,37.5676,27.13,BG
A3C053,30.0,6.0,Bagasse,0.6331,37.5676,27.13,BG
A3C053,30.0,7.0,Bagasse,0.4746,37.5676,27.13,BG
A3C053,30.0,8.0,Bagasse,0.2763,37.5676,27.13,BG
A3C053,40.0,4.0,Bagasse,0.946,37.5676,27.13,BG
A3C053,40.0,5.0,Bagasse,0.935,37.5676,27.13,BG
A3C053,40.0,6.0,Bagasse,0.856,37.5676,27.13,BG
A3C053,40.0,7.0,Bagasse,0.6911,37.5676,27.13,BG
A3C053,40.0,8.0,Bagasse,0.4588,37.5676,27.13,BG
A3C053,50.0,4.0,Bagasse,0.9937,37.5676,27.13,BG
A3C053,50.0,5.0,Bagasse,0.9904,37.5676,27.13,BG
A3C053,50.0,6.0,Bagasse,0.9464,37.5676,27.13,BG
A3C053,50.0,7.0,Bagasse,0.7976,37.5676,27.13,BG
A3C053,50.0,8.0,Bagasse,0.5576,37.5676,27.13,BG
A3C053,60.0,4.0,Bagasse,0.9912,37.5676,27.13,BG
A3C053,60.0,5.0,Bagasse,0.9871,37.5676,27.13,BG
A3C053,60.0,6.0,Bagasse,0.9378,37.5676,27.13,BG
A3C053,60.0,7.0,Bagasse,0.7859,37.5676,27.13,BG
A3C053,60.0,8.0,Bagasse,0.5463,37.5676,27.13,BG
A3C053,70.0,4.0,Bagasse,0.9189,37.5676,27.13,BG
A3C053,70.0,5.0,Bagasse,0.9062,37.5676,27.13,BG
A3C053,70.0,6.0,Bagasse,0.8218,37.5676,27.13,BG
A3C053,70.0,7.0,Bagasse,0.6556,37.5676,27.13,BG
A3C053,70.0,8.0,Bagasse,0.4274,37.5676,27.13,BG
B7ECS8,30.0,4.0,Cellulose,0.3458,34.6698,26.84,BG
B7ECS8,30.0,5.0,Cellulose,0.5579,34.6698,26.84,BG
B7ECS8,30.0,6.0,Cellulose,0.717,34.6698,26.84,BG
B7ECS8,30.0,7.0,Cellulose,0.8013,34.6698,26.84,BG
B7ECS8,30.0,8.0,Cellulose,0.8089,34.6698,26.84,BG
B7ECS8,40.0,4.0,Cellulose,0.5506,34.6698,26.84,BG
B7ECS8,40.0,5.0,Cellulose,0.7861,34.6698,26.84,BG
B7ECS8,40.0,6.0,Cellulose,0.9335,34.6698,26.84,BG
B7ECS8,40.0,7.0,Cellulose,0.9828,34.6698,26.84,BG
B7ECS8,40.0,8.0,Cellulose,0.9856,34.6698,26.84,BG
B7ECS8,50.0,4.0,Cellulose,0.6585,34.6698,26.84,BG
B7ECS8,50.0,5.0,Cellulose,0.8913,34.6698,26.84,BG
B7ECS8,50.0,6.0,Cellulose,0.9908,34.6698,26.84,BG
B7ECS8,50.0,7.0,Cellulose,0.9995,34.6698,26.84,BG
B7ECS8,50.0,8.0,Cellulose,0.9997,34.6698,26.84,BG
B7ECS8,60.0,4.0,Cellulose,0.649,34.6698,26.84,BG
B7ECS8,60.0,5.0,Cellulose,0.8827,34.6698,26.84,BG
B7ECS8,60.0,6.0,Cellulose,0.9883,34.6698,26.84,BG
B7ECS8,60.0,7.0,Cellulose,0.9993,34.6698,26.84,BG
B7ECS8,60.0,8.0,Cellulose,0.9995,34.6698,26.84,BG
B7ECS8,70.0,4.0,Cellulose,0.5232,34.6698,26.84,BG
B7ECS8,70.0,5.0,Cellulose,0.7574,34.6698,26.84,BG
B7ECS8,70.0,6.0,Cellulose,0.9104,34.6698,26.84,BG
B7ECS8,70.0,7.0,Cellulose,0.9698,34.6698,26.84,BG
B7ECS8,70.0,8.0,Cellulose,0.9737,34.6698,26.84,BG
B7ECS8,30.0,4.0,Xylan,0.1015,34.6698,26.84,BG
B7ECS8,30.0,5.0,Xylan,0.2282,34.6698,26.84,BG
B7ECS8,30.0,6.0,Xylan,0.347,34.6698,26.84,BG
B7ECS8,30.0,7.0,Xylan,0.4181,34.6698,26.84,BG
B7ECS8,30.0,8.0,Xylan,0.4248,34.6698,26.84,BG
B7ECS8,40.0,4.0,Xylan,0.2232,34.6698,26.84,BG
B7ECS8,40.0,5.0,Xylan,0.4048,34.6698,26.84,BG
B7ECS8,40.0,6.0,Xylan,0.552,34.6698,26.84,BG
B7ECS8,40.0,7.0,Xylan,0.6343,34.6698,26.84,BG
B7ECS8,40.0,8.0,Xylan,0.6419,34.6698,26.84,BG
B7ECS8,50.0,4.0,Xylan,0.3011,34.6698,26.84,BG
B7ECS8,50.0,5.0,Xylan,0.5039,34.6698,26.84,BG
B7ECS8,50.0,6.0,Xylan,0.66,34.6698,26.84,BG
B7ECS8,50.0,7.0,Xylan,0.7445,34.6698,26.84,BG
B7ECS8,50.0,8.0,Xylan,0.7522,34.6698,26.84,BG
B7ECS8,60.0,4.0,Xylan,0.2939,34.6698,26.84,BG
B7ECS8,60.0,5.0,Xylan,0.495,34.6698,26.84,BG
B7ECS8,60.0,6.0,Xylan,0.6504,34.6698,26.84,BG
B7ECS8,60.0,7.0,Xylan,0.7349,34.6698,26.84,BG
B7ECS8,60.0,8.0,Xylan,0.7426,34.6698,26.84,BG
B7ECS8,70.0,4.0,Xylan,0.2048,34.6698,26.84,BG
B7ECS8,70.0,5.0,Xylan,0.3803,34.6698,26.84,BG
B7ECS8,70.0,6.0,Xylan,0.5246,34.6698,26.84,BG
B7ECS8,70.0,7.0,Xylan,0.6059,34.6698,26.84,BG
B7ECS8,70.0,8.0,Xylan,0.6135,34.6698,26.84,BG
B7ECS8,30.0,4.0,Bagasse,0.2977,34.6698,26.84,BG
B7ECS8,30.0,5.0,Bagasse,0.4997,34.6698,26.84,BG
B7ECS8,30.0,6.0,Bagasse,0.6555,34.6698,26.84,BG
B7ECS8,30.0,7.0,Bagasse,0.7399,34.6698,26.84,BG
B7ECS8,30.0,8.0,Bagasse,0.7476,34.6698,26.84,BG
B7ECS8,40.0,4.0,Bagasse,0.4926,34.6698,26.84,BG
B7ECS8,40.0,5.0,Bagasse,0.7246,34.6698,26.84,BG
B7ECS8,40.0,6.0,Bagasse,0.8817,34.6698,26.84,BG
B7ECS8,40.0,7.0,Bagasse,0.95,34.6698,26.84,BG
B7ECS8,40.0,8.0,Bagasse,0.9551,34.6698,26.84,BG
B7ECS8,50.0,4.0,Bagasse,0.5977,34.6698,26.84,BG
B7ECS8,50.0,5.0,Bagasse,0.8339,34.6698,26.84,BG
B7ECS8,50.0,6.0,Bagasse,0.9661,34.6698,26.84,BG
B7ECS8,50.0,7.0,Bagasse,0.9952,34.6698,26.84,BG
B7ECS8,50.0,8.0,Bagasse,0.9963,34.6698,26.84,BG
B7ECS8,60.0,4.0,Bagasse,0.5884,34.6698,26.84,BG
B7ECS8,60.0,5.0,Bagasse,0.8246,34.6698,26.84,BG
B7ECS8,60.0,6.0,Bagasse,0.9605,34.6698,26.84,BG
B7ECS8,60.0,7.0,Bagasse,0.9936,34.6698,26.84,BG
B7ECS8,60.0,8.0,Bagasse,0.9949,34.6698,26.84,BG
B7ECS8,70.0,4.0,Bagasse,0.4662,34.6698,26.84,BG
B7ECS8,70.0,5.0,Bagasse,0.6957,34.6698,26.84,BG
B7ECS8,70.0,6.0,Bagasse,0.855,34.6698,26.84,BG
B7ECS8,70.0,7.0,Bagasse,0.9289,34.6698,26.84,BG
B7ECS8,70.0,8.0,Bagasse,0.9348,34.6698,26.84,BG
Q0J0G2,30.0,4.0,Cellulose,0.3933,3.1206,26.92,BG
Q0J0G2,30.0,5.0,Cellulose,0.3682,3.1206,26.92,BG
Q0J0G2,30.0,6.0,Cellulose,0.2861,3.1206,26.92,BG
Q0J0G2,30.0,7.0,Cellulose,0.17,3.1206,26.92,BG
Q0J0G2,30.0,8.0,Cellulose,0.0641,3.1206,26.92,BG
Q0J0G2,40.0,4.0,Cellulose,0.6001,3.1206,26.92,BG
Q0J0G2,40.0,5.0,Cellulose,0.5707,3.1206,26.92,BG
Q0J0G2,40.0,6.0,Cellulose,0.4717,3.1206,26.92,BG
Q0J0G2,40.0,7.0,Cellulose,0.3192,3.1206,26.92,BG
Q0J0G2,40.0,8.0,Cellulose,0.1533,3.1206,26.92,BG
Q0J0G2,50.0,4.0,Cellulose,0.7068,3.1206,26.92,BG
Q0J0G2,50.0,5.0,Cellulose,0.6765,3.1206,26.92,BG
Q0J0G2,50.0,6.0,Cellulose,0.5723,3.1206,26.92,BG
Q0J0G2,50.0,7.0,Cellulose,0.4065,3.1206,26.92,BG
Q0J0G2,50.0,8.0,Cellulose,0.2147,3.1206,26.92,BG
Q0J0G2,60.0,4.0,Cellulose,0.6961,3.1206,26.92,BG
Q0J0G2,60.0,5.0,Cellulose,0.6659,3.1206,26.92,BG
Q0J0G2,60.0,6.0,Cellulose,0.5621,3.1206,26.92,BG
Q0J0G2,60.0,7.0,Cellulose,0.3975,3.1206,26.92,BG
Q0J0G2,60.0,8.0,Cellulose,0.2081,3.1206,26.92,BG
Q0J0G2,70.0,4.0,Cellulose,0.5691,3.1206,26.92,BG
Q0J0G2,70.0,5.0,Cellulose,0.5402,3.1206,26.92,BG
Q0J0G2,70.0,6.0,Cellulose,0.4431,3.1206,26.92,BG
Q0J0G2,70.0,7.0,Cellulose,0.2952,3.1206,26.92,BG
Q0J0G2,70.0,8.0,Cellulose,0.1374,3.1206,26.92,BG
Q0J0G2,30.0,4.0,Xylan,0.1323,3.1206,26.92,BG
Q0J0G2,30.0,5.0,Xylan,0.1186,3.1206,26.92,BG
Q0J0G2,30.0,6.0,Xylan,0.0783,3.1206,26.92,BG
Q0J0G2,30.0,7.0,Xylan,0.0341,3.1206,26.92,BG
Q0J0G2,30.0,8.0,Xylan,0.0087,3.1206,26.92,BG
Q0J0G2,40.0,4.0,Xylan,0.2647,3.1206,26.92,BG
Q0J0G2,40.0,5.0,Xylan,0.244,3.1206,26.92,BG
Q0J0G2,40.0,6.0,Xylan,0.1785,3.1206,26.92,BG
Q0J0G2,40.0,7.0,Xylan,0.0937,3.1206,26.92,BG
Q0J0G2,40.0,8.0,Xylan,0.0291,3.1206,26.92,BG
Q0J0G2,50.0,4.0,Xylan,0.3453,3.1206,26.92,BG
Q0J0G2,50.0,5.0,Xylan,0.3216,3.1206,26.92,BG
Q0J0G2,50.0,6.0,Xylan,0.2451,3.1206,26.92,BG
Q0J0G2,50.0,7.0,Xylan,0.1397,3.1206,26.92,BG
Q0J0G2,50.0,8.0,Xylan,0.0492,3.1206,26.92,BG
Q0J0G2,60.0,4.0,Xylan,0.3369,3.1206,26.92,BG
Q0J0G2,60.0,5.0,Xylan,0.3134,3.1206,26.92,BG
Q0J0G2,60.0,6.0,Xylan,0.238,3.1206,26.92,BG
Q0J0G2,60.0,7.0,Xylan,0.1346,3.1206,26.92,BG
Q0J0G2,60.0,8.0,Xylan,0.0468,3.1206,26.92,BG
Q0J0G2,70.0,4.0,Xylan,0.2429,3.1206,26.92,BG
Q0J0G2,70.0,5.0,Xylan,0.2231,3.1206,26.92,BG
Q0J0G2,70.0,6.0,Xylan,0.1611,3.1206,26.92,BG
Q0J0G2,70.0,7.0,Xylan,0.0824,3.1206,26.92,BG
Q0J0G2,70.0,8.0,Xylan,0.0248,3.1206,26.92,BG
Q0J0G2,30.0,4.0,Bagasse,0.3436,3.1206,26.92,BG
Q0J0G2,30.0,5.0,Bagasse,0.32,3.1206,26.92,BG
Q0J0G2,30.0,6.0,Bagasse,0.2437,3.1206,26.92,BG
Q0J0G2,30.0,7.0,Bagasse,0.1387,3.1206,26.92,BG
Q0J0G2,30.0,8.0,Bagasse,0.0487,3.1206,26.92,BG
Q0J0G2,40.0,4.0,Bagasse,0.5416,3.1206,26.92,BG
Q0J0G2,40.0,5.0,Bagasse,0.5132,3.1206,26.92,BG
Q0J0G2,40.0,6.0,Bagasse,0.4179,3.1206,26.92,BG
Q0J0G2,40.0,7.0,Bagasse,0.2742,3.1206,26.92,BG
Q0J0G2,40.0,8.0,Bagasse,0.1241,3.1206,26.92,BG
Q0J0G2,50.0,4.0,Bagasse,0.6462,3.1206,26.92,BG
Q0J0G2,50.0,5.0,Bagasse,0.6163,3.1206,26.92,BG
Q0J0G2,50.0,6.0,Bagasse,0.5147,3.1206,26.92,BG
Q0J0G2,50.0,7.0,Bagasse,0.3561,3.1206,26.92,BG
Q0J0G2,50.0,8.0,Bagasse,0.1786,3.1206,26.92,BG
Q0J0G2,60.0,4.0,Bagasse,0.6356,3.1206,26.92,BG
Q0J0G2,60.0,5.0,Bagasse,0.6059,3.1206,26.92,BG
Q0J0G2,60.0,6.0,Bagasse,0.5048,3.1206,26.92,BG
Q0J0G2,60.0,7.0,Bagasse,0.3476,3.1206,26.92,BG
Q0J0G2,60.0,8.0,Bagasse,0.1726,3.1206,26.92,BG
Q0J0G2,70.0,4.0,Bagasse,0.5116,3.1206,26.92,BG
Q0J0G2,70.0,5.0,Bagasse,0.4837,3.1206,26.92,BG
Q0J0G2,70.0,6.0,Bagasse,0.3908,3.1206,26.92,BG
Q0J0G2,70.0,7.0,Bagasse,0.252,3.1206,26.92,BG
Q0J0G2,70.0,8.0,Bagasse,0.1103,3.1206,26.92,BG
Q5N863,30.0,4.0,Cellulose,0.4552,4.1839,28.14,BG
Q5N863,30.0,5.0,Cellulose,0.4485,4.1839,28.14,BG
Q5N863,30.0,6.0,Cellulose,0.3766,4.1839,28.14,BG
Q5N863,30.0,7.0,Cellulose,0.255,4.1839,28.14,BG
Q5N863,30.0,8.0,Cellulose,0.1209,4.1839,28.14,BG
Q5N863,40.0,4.0,Cellulose,0.6631,4.1839,28.14,BG
Q5N863,40.0,5.0,Cellulose,0.6555,4.1839,28.14,BG
Q5N863,40.0,6.0,Cellulose,0.5737,4.1839,28.14,BG
Q5N863,40.0,7.0,Cellulose,0.4267,4.1839,28.14,BG
Q5N863,40.0,8.0,Cellulose,0.2434,4.1839,28.14,BG
Q5N863,50.0,4.0,Cellulose,0.7626,4.1839,28.14,BG
Q5N863,50.0,5.0,Cellulose,0.7551,4.1839,28.14,BG
Q5N863,50.0,6.0,Cellulose,0.6716,4.1839,28.14,BG
Q5N863,50.0,7.0,Cellulose,0.5169,4.1839,28.14,BG
Q5N863,50.0,8.0,Cellulose,0.3152,4.1839,28.14,BG
Q5N863,60.0,4.0,Cellulose,0.7437,4.1839,28.14,BG
Q5N863,60.0,5.0,Cellulose,0.7361,4.1839,28.14,BG
Q5N863,60.0,6.0,Cellulose,0.6527,4.1839,28.14,BG
Q5N863,60.0,7.0,Cellulose,0.4993,4.1839,28.14,BG
Q5N863,60.0,8.0,Cellulose,0.3008,4.1839,28.14,BG
Q5N863,70.0,4.0,Cellulose,0.6069,4.1839,28.14,BG
Q5N863,70.0,5.0,Cellulose,0.5995,4.1839,28.14,BG
Q5N863,70.0,6.0,Cellulose,0.5196,4.1839,28.14,BG
Q5N863,70.0,7.0,Cellulose,0.3782,4.1839,28.14,BG
Q5N863,70.0,8.0,Cellulose,0.2066,4.1839,28.14,BG
Q5N863,30.0,4.0,Xylan,0.1667,4.1839,28.14,BG
Q5N863,30.0,5.0,Xylan,0.1626,4.1839,28.14,BG
Q5N863,30.0,6.0,Xylan,0.1216,4.1839,28.14,BG
Q5N863,30.0,7.0,Xylan,0.0638,4.1839,28.14,BG
Q5N863,30.0,8.0,Xylan,0.0202,4.1839,28.14,BG
Q5N863,40.0,4.0,Xylan,0.3098,4.1839,28.14,BG
Q5N863,40.0,5.0,Xylan,0.3041,4.1839,28.14,BG
Q5N863,40.0,6.0,Xylan,0.2444,4.1839,28.14,BG
Q5N863,40.0,7.0,Xylan,0.1497,4.1839,28.14,BG
Q5N863,40.0,8.0,Xylan,0.0591,4.1839,28.14,BG
Q5N863,50.0,4.0,Xylan,0.3897,4.1839,28.14,BG
Q5N863,50.0,5.0,Xylan,0.3833,4.1839,28.14,BG
Q5N863,50.0,6.0,Xylan,0.3163,4.1839,28.14,BG
Q5N863,50.0,7.0,Xylan,0.2058,4.1839,28.14,BG
Q5N863,50.0,8.0,Xylan,0.0904,4.1839,28.14,BG
Q5N863,60.0,4.0,Xylan,0.3739,4.1839,28.14,BG
Q5N863,60.0,5.0,Xylan,0.3676,4.1839,28.14,BG
Q5N863,60.0,6.0,Xylan,0.3019,4.1839,28.14,BG
Q5N863,60.0,7.0,Xylan,0.1943,4.1839,28.14,BG
Q5N863,60.0,8.0,Xylan,0.0837,4.1839,28.14,BG
Q5N863,70.0,4.0,Xylan,0.268,4.1839,28.14,BG
Q5N863,70.0,5.0,Xylan,0.2627,4.1839,28.14,BG
Q5N863,70.0,6.0,Xylan,0.2075,4.1839,28.14,BG
Q5N863,70.0,7.0,Xylan,0.1224,4.1839,28.14,BG
Q5N863,70.0,8.0,Xylan,0.0455,4.1839,28.14,BG
Q5N863,30.0,4.0,Bagasse,0.402,4.1839,28.14,BG
Q5N863,30.0,5.0,Bagasse,0.3955,4.1839,28.14,BG
Q5N863,30.0,6.0,Bagasse,0.3275,4.1839,28.14,BG
Q5N863,30.0,7.0,Bagasse,0.2148,4.1839,28.14,BG
Q5N863,30.0,8.0,Bagasse,0.0958,4.1839,28.14,BG
Q5N863,40.0,4.0,Bagasse,0.603,4.1839,28.14,BG
Q5N863,40.0,5.0,Bagasse,0.5956,4.1839,28.14,BG
Q5N863,40.0,6.0,Bagasse,0.5158,4.1839,28.14,BG
Q5N863,40.0,7.0,Bagasse,0.3749,4.1839,28.14,BG
Q5N863,40.0,8.0,Bagasse,0.2042,4.1839,28.14,BG
Q5N863,50.0,4.0,Bagasse,0.7017,4.1839,28.14,BG
Q5N863,50.0,5.0,Bagasse,0.6941,4.1839,28.14,BG
Q5N863,50.0,6.0,Bagasse,0.6113,4.1839,28.14,BG
Q5N863,50.0,7.0,Bagasse,0.461,4.1839,28.14,BG
Q5N863,50.0,8.0,Bagasse,0.2702,4.1839,28.14,BG
Q5N863,60.0,4.0,Bagasse,0.6827,4.1839,28.14,BG
Q5N863,60.0,5.0,Bagasse,0.6752,4.1839,28.14,BG
Q5N863,60.0,6.0,Bagasse,0.5928,4.1839,28.14,BG
Q5N863,60.0,7.0,Bagasse,0.4441,4.1839,28.14,BG
Q5N863,60.0,8.0,Bagasse,0.2569,4.1839,28.14,BG
Q5N863,70.0,4.0,Bagasse,0.5481,4.1839,28.14,BG
Q5N863,70.0,5.0,Bagasse,0.5409,4.1839,28.14,BG
Q5N863,70.0,6.0,Bagasse,0.4636,4.1839,28.14,BG
Q5N863,70.0,7.0,Bagasse,0.329,4.1839,28.14,BG
Q5N863,70.0,8.0,Bagasse,0.171,4.1839,28.14,BG
Q60DX8,30.0,4.0,Cellulose,0.7723,37.3141,27.45,BG
Q60DX8,30.0,5.0,Cellulose,0.8174,37.3141,27.45,BG
Q60DX8,30.0,6.0,Cellulose,0.7874,37.3141,27.45,BG
Q60DX8,30.0,7.0,Cellulose,0.681,37.3141,27.45,BG
Q60DX8,30.0,8.0,Cellulose,0.504,37.3141,27.45,BG
Q60DX8,40.0,4.0,Cellulose,0.9658,37.3141,27.45,BG
Q60DX8,40.0,5.0,Cellulose,0.9861,37.3141,27.45,BG
Q60DX8,40.0,6.0,Cellulose,0.9738,37.3141,27.45,BG
Q60DX8,40.0,7.0,Cellulose,0.8983,37.3141,27.45,BG
Q60DX8,40.0,8.0,Cellulose,0.7219,37.3141,27.45,BG
Q60DX8,50.0,4.0,Cellulose,0.9975,37.3141,27.45,BG
Q60DX8,50.0,5.0,Cellulose,0.9996,37.3141,27.45,BG
Q60DX8,50.0,6.0,Cellulose,0.9986,37.3141,27.45,BG
Q60DX8,50.0,7.0,Cellulose,0.9729,37.3141,27.45,BG
Q60DX8,50.0,8.0,Cellulose,0.8258,37.3141,27.45,BG
Q60DX8,60.0,4.0,Cellulose,0.996,37.3141,27.45,BG
Q60DX8,60.0,5.0,Cellulose,0.9993,37.3141,27.45,BG
Q60DX8,60.0,6.0,Cellulose,0.9976,37.3141,27.45,BG
Q60DX8,60.0,7.0,Cellulose,0.9653,37.3141,27.45,BG
Q60DX8,60.0,8.0,Cellulose,0.8118,37.3141,27.45,BG
Q60DX8,70.0,4.0,Cellulose,0.9377,37.3141,27.45,BG
Q60DX8,70.0,5.0,Cellulose,0.9674,37.3141,27.45,BG
Q60DX8,70.0,6.0,Cellulose,0.9486,37.3141,27.45,BG
Q60DX8,70.0,7.0,Cellulose,0.8594,37.3141,27.45,BG
Q60DX8,70.0,8.0,Cellulose,0.6791,37.3141,27.45,BG
Q60DX8,30.0,4.0,Xylan,0.3969,37.3141,27.45,BG
Q60DX8,30.0,5.0,Xylan,0.4364,37.3141,27.45,BG
Q60DX8,30.0,6.0,Xylan,0.4099,37.3141,27.45,BG
Q60DX8,30.0,7.0,Xylan,0.3226,37.3141,27.45,BG
Q60DX8,30.0,8.0,Xylan,0.1965,37.3141,27.45,BG
Q60DX8,40.0,4.0,Xylan,0.6024,37.3141,27.45,BG
Q60DX8,40.0,5.0,Xylan,0.6474,37.3141,27.45,BG
Q60DX8,40.0,6.0,Xylan,0.6174,37.3141,27.45,BG
Q60DX8,40.0,7.0,Xylan,0.5151,37.3141,27.45,BG
Q60DX8,40.0,8.0,Xylan,0.3551,37.3141,27.45,BG
Q60DX8,50.0,4.0,Xylan,0.7062,37.3141,27.45,BG
Q60DX8,50.0,5.0,Xylan,0.7519,37.3141,27.45,BG
Q60DX8,50.0,6.0,Xylan,0.7214,37.3141,27.45,BG
Q60DX8,50.0,7.0,Xylan,0.6155,37.3141,27.45,BG
Q60DX8,50.0,8.0,Xylan,0.444,37.3141,27.45,BG
Q60DX8,60.0,4.0,Xylan,0.6919,37.3141,27.45,BG
Q60DX8,60.0,5.0,Xylan,0.7376,37.3141,27.45,BG
Q60DX8,60.0,6.0,Xylan,0.7071,37.3141,27.45,BG
Q60DX8,60.0,7.0,Xylan,0.6015,37.3141,27.45,BG
Q60DX8,60.0,8.0,Xylan,0.4314,37.3141,27.45,BG
Q60DX8,70.0,4.0,Xylan,0.561,37.3141,27.45,BG
Q60DX8,70.0,5.0,Xylan,0.6052,37.3141,27.45,BG
Q60DX8,70.0,6.0,Xylan,0.5757,37.3141,27.45,BG
Q60DX8,70.0,7.0,Xylan,0.4756,37.3141,27.45,BG
Q60DX8,70.0,8.0,Xylan,0.3212,37.3141,27.45,BG
Q60DX8,30.0,4.0,Bagasse,0.7112,37.3141,27.45,BG
Q60DX8,30.0,5.0,Bagasse,0.7569,37.3141,27.45,BG
Q60DX8,30.0,6.0,Bagasse,0.7265,37.3141,27.45,BG
Q60DX8,30.0,7.0,Bagasse,0.6204,37.3141,27.45,BG
Q60DX8,30.0,8.0,Bagasse,0.4484,37.3141,27.45,BG
Q60DX8,40.0,4.0,Bagasse,0.9236,37.3141,27.45,BG
Q60DX8,40.0,5.0,Bagasse,0.9566,37.3141,27.45,BG
Q60DX8,40.0,6.0,Bagasse,0.9354,37.3141,27.45,BG
Q60DX8,40.0,7.0,Bagasse,0.8421,37.3141,27.45,BG
Q60DX8,40.0,8.0,Bagasse,0.6609,37.3141,27.45,BG
Q60DX8,50.0,4.0,Bagasse,0.9854,37.3141,27.45,BG
Q60DX8,50.0,5.0,Bagasse,0.9958,37.3141,27.45,BG
Q60DX8,50.0,6.0,Bagasse,0.9899,37.3141,27.45,BG
Q60DX8,50.0,7.0,Bagasse,0.934,37.3141,27.45,BG
Q60DX8,50.0,8.0,Bagasse,0.7655,37.3141,27.45,BG
Q60DX8,60.0,4.0,Bagasse,0.9801,37.3141,27.45,BG
Q60DX8,60.0,5.0,Bagasse,0.9935,37.3141,27.45,BG
Q60DX8,60.0,6.0,Bagasse,0.9857,37.3141,27.45,BG
Q60DX8,60.0,7.0,Bagasse,0.9229,37.3141,27.45,BG
Q60DX8,60.0,8.0,Bagasse,0.7512,37.3141,27.45,BG
Q60DX8,70.0,4.0,Bagasse,0.8872,37.3141,27.45,BG
Q60DX8,70.0,5.0,Bagasse,0.9259,37.3141,27.45,BG
Q60DX8,70.0,6.0,Bagasse,0.9006,37.3141,27.45,BG
Q60DX8,70.0,7.0,Bagasse,0.8004,37.3141,27.45,BG
Q60DX8,70.0,8.0,Bagasse,0.6185,37.3141,27.45,BG
A0A024RXP8,30.0,4.0,Cellulose,0.836,42.8677,27.91,CBH
A0A024RXP8,30.0,5.0,Cellulose,0.9057,42.8677,27.91,CBH
A0A024RXP8,30.0,6.0,Cellulose,0.9057,42.8677,27.91,CBH
A0A024RXP8,30.0,7.0,Cellulose,0.836,42.8677,27.91,CBH
A0A024RXP8,30.0,8.0,Cellulose,0.6847,42.8677,27.91,CBH
A0A024RXP8,40.0,4.0,Cellulose,0.9907,42.8677,27.91,CBH
A0A024RXP8,40.0,5.0,Cellulose,0.9993,42.8677,27.91,CBH
A0A024RXP8,40.0,6.0,Cellulose,0.9993,42.8677,27.91,CBH
A0A024RXP8,40.0,7.0,Cellulose,0.9907,42.8677,27.91,CBH
A0A024RXP8,40.0,8.0,Cellulose,0.8996,42.8677,27.91,CBH
A0A024RXP8,50.0,4.0,Cellulose,0.9998,42.8677,27.91,CBH
A0A024RXP8,50.0,5.0,Cellulose,1.0,42.8677,27.91,CBH
A0A024RXP8,50.0,6.0,Cellulose,1.0,42.8677,27.91,CBH
A0A024RXP8,50.0,7.0,Cellulose,0.9998,42.8677,27.91,CBH
A0A024RXP8,50.0,8.0,Cellulose,0.9723,42.8677,27.91,CBH
A0A024RXP8,60.0,4.0,Cellulose,0.9995,42.8677,27.91,CBH
A0A024RXP8,60.0,5.0,Cellulose,1.0,42.8677,27.91,CBH
A0A024RXP8,60.0,6.0,Cellulose,1.0,42.8677,27.91,CBH
A0A024RXP8,60.0,7.0,Cellulose,0.9995,42.8677,27.91,CBH
A0A024RXP8,60.0,8.0,Cellulose,0.9633,42.8677,27.91,CBH
A0A024RXP8,70.0,4.0,Cellulose,0.9723,42.8677,27.91,CBH
A0A024RXP8,70.0,5.0,Cellulose,0.9956,42.8677,27.91,CBH
A0A024RXP8,70.0,6.0,Cellulose,0.9956,42.8677,27.91,CBH
A0A024RXP8,70.0,7.0,Cellulose,0.9723,42.8677,27.91,CBH
A0A024RXP8,70.0,8.0,Cellulose,0.8541,42.8677,27.91,CBH
A0A024RXP8,30.0,4.0,Xylan,0.4527,42.8677,27.91,CBH
A0A024RXP8,30.0,5.0,Xylan,0.5227,42.8677,27.91,CBH
A0A024RXP8,30.0,6.0,Xylan,0.5227,42.8677,27.91,CBH
A0A024RXP8,30.0,7.0,Xylan,0.4527,42.8677,27.91,CBH
A0A024RXP8,30.0,8.0,Xylan,0.3245,42.8677,27.91,CBH
A0A024RXP8,40.0,4.0,Xylan,0.6639,42.8677,27.91,CBH
A0A024RXP8,40.0,5.0,Xylan,0.7401,42.8677,27.91,CBH
A0A024RXP8,40.0,6.0,Xylan,0.7401,42.8677,27.91,CBH
A0A024RXP8,40.0,7.0,Xylan,0.6639,42.8677,27.91,CBH
A0A024RXP8,40.0,8.0,Xylan,0.516,42.8677,27.91,CBH
A0A024RXP8,50.0,4.0,Xylan,0.7663,42.8677,27.91,CBH
A0A024RXP8,50.0,5.0,Xylan,0.841,42.8677,27.91,CBH
A0A024RXP8,50.0,6.0,Xylan,0.841,42.8677,27.91,CBH
A0A024RXP8,50.0,7.0,Xylan,0.7663,42.8677,27.91,CBH
A0A024RXP8,50.0,8.0,Xylan,0.6144,42.8677,27.91,CBH
A0A024RXP8,60.0,4.0,Xylan,0.7496,42.8677,27.91,CBH
A0A024RXP8,60.0,5.0,Xylan,0.825,42.8677,27.91,CBH
A0A024RXP8,60.0,6.0,Xylan,0.825,42.8677,27.91,CBH
A0A024RXP8,60.0,7.0,Xylan,0.7496,42.8677,27.91,CBH
A0A024RXP8,60.0,8.0,Xylan,0.5981,42.8677,27.91,CBH
A0A024RXP8,70.0,4.0,Xylan,0.6144,42.8677,27.91,CBH
A0A024RXP8,70.0,5.0,Xylan,0.69,42.8677,27.91,CBH
A0A024RXP8,70.0,6.0,Xylan,0.69,42.8677,27.91,CBH
A0A024RXP8,70.0,7.0,Xylan,0.6144,42.8677,27.91,CBH
A0A024RXP8,70.0,8.0,Xylan,0.4699,42.8677,27.91,CBH
A0A024RXP8,30.0,4.0,Bagasse,0.776,42.8677,27.91,CBH
A0A024RXP8,30.0,5.0,Bagasse,0.8504,42.8677,27.91,CBH
A0A024RXP8,30.0,6.0,Bagasse,0.8504,42.8677,27.91,CBH
A0A024RXP8,30.0,7.0,Bagasse,0.776,42.8677,27.91,CBH
A0A024RXP8,30.0,8.0,Bagasse,0.624,42.8677,27.91,CBH
A0A024RXP8,40.0,4.0,Bagasse,0.9664,42.8677,27.91,CBH
A0A024RXP8,40.0,5.0,Bagasse,0.9939,42.8677,27.91,CBH
A0A024RXP8,40.0,6.0,Bagasse,0.9939,42.8677,27.91,CBH
A0A024RXP8,40.0,7.0,Bagasse,0.9664,42.8677,27.91,CBH
A0A024RXP8,40.0,8.0,Bagasse,0.8436,42.8677,27.91,CBH
A0A024RXP8,50.0,4.0,Bagasse,0.9973,42.8677,27.91,CBH
A0A024RXP8,50.0,5.0,Bagasse,0.9999,42.8677,27.91,CBH
A0A024RXP8,50.0,6.0,Bagasse,0.9999,42.8677,27.91,CBH
A0A024RXP8,50.0,7.0,Bagasse,0.9973,42.8677,27.91,CBH
A0A024RXP8,50.0,8.0,Bagasse,0.9333,42.8677,27.91,CBH
A0A024RXP8,60.0,4.0,Bagasse,0.9954,42.8677,27.91,CBH
A0A024RXP8,60.0,5.0,Bagasse,0.9998,42.8677,27.91,CBH
A0A024RXP8,60.0,6.0,Bagasse,0.9998,42.8677,27.91,CBH
A0A024RXP8,60.0,7.0,Bagasse,0.9954,42.8677,27.91,CBH
A0A024RXP8,60.0,8.0,Bagasse,0.9202,42.8677,27.91,CBH
A0A024RXP8,70.0,4.0,Bagasse,0.9333,42.8677,27.91,CBH
A0A024RXP8,70.0,5.0,Bagasse,0.9792,42.8677,27.91,CBH
A0A024RXP8,70.0,6.0,Bagasse,0.9792,42.8677,27.91,CBH
A0A024RXP8,70.0,7.0,Bagasse,0.9333,42.8677,27.91,CBH
A0A024RXP8,70.0,8.0,Bagasse,0.7949,42.8677,27.91,CBH
A0A024SH76,30.0,4.0,Cellulose,0.7841,29.1967,26.15,CBH
A0A024SH76,30.0,5.0,Cellulose,0.8142,29.1967,26.15,CBH
A0A024SH76,30.0,6.0,Cellulose,0.7689,29.1967,26.15,CBH
A0A024SH76,30.0,7.0,Cellulose,0.6474,29.1967,26.15,CBH
A0A024SH76,30.0,8.0,Cellulose,0.4599,29.1967,26.15,CBH
A0A024SH76,40.0,4.0,Cellulose,0.9774,29.1967,26.15,CBH
A0A024SH76,40.0,5.0,Cellulose,0.9886,29.1967,26.15,CBH
A0A024SH76,40.0,6.0,Cellulose,0.9699,29.1967,26.15,CBH
A0A024SH76,40.0,7.0,Cellulose,0.8768,29.1967,26.15,CBH
A0A024SH76,40.0,8.0,Cellulose,0.6823,29.1967,26.15,CBH
A0A024SH76,50.0,4.0,Cellulose,0.9993,29.1967,26.15,CBH
A0A024SH76,50.0,5.0,Cellulose,0.9998,29.1967,26.15,CBH
A0A024SH76,50.0,6.0,Cellulose,0.9988,29.1967,26.15,CBH
A0A024SH76,50.0,7.0,Cellulose,0.9657,29.1967,26.15,CBH
A0A024SH76,50.0,8.0,Cellulose,0.7963,29.1967,26.15,CBH
A0A024SH76,60.0,4.0,Cellulose,0.9992,29.1967,26.15,CBH
A0A024SH76,60.0,5.0,Cellulose,0.9998,29.1967,26.15,CBH
A0A024SH76,60.0,6.0,Cellulose,0.9985,29.1967,26.15,CBH
A0A024SH76,60.0,7.0,Cellulose,0.9629,29.1967,26.15,CBH
A0A024SH76,60.0,8.0,Cellulose,0.7916,29.1967,26.15,CBH
A0A024SH76,70.0,4.0,Cellulose,0.9704,29.1967,26.15,CBH
A0A024SH76,70.0,5.0,Cellulose,0.984,29.1967,26.15,CBH
A0A024SH76,70.0,6.0,Cellulose,0.9618,29.1967,26.15,CBH
A0A024SH76,70.0,7.0,Cellulose,0.8636,29.1967,26.15,CBH
A0A024SH76,70.0,8.0,Cellulose,0.6681,29.1967,26.15,CBH
A0A024SH76,30.0,4.0,Xylan,0.4079,29.1967,26.15,CBH
A0A024SH76,30.0,5.0,Xylan,0.4342,29.1967,26.15,CBH
A0A024SH76,30.0,6.0,Xylan,0.395,29.1967,26.15,CBH
A0A024SH76,30.0,7.0,Xylan,0.2984,29.1967,26.15,CBH
A0A024SH76,30.0,8.0,Xylan,0.1704,29.1967,26.15,CBH
A0A024SH76,40.0,4.0,Xylan,0.6235,29.1967,26.15,CBH
A0A024SH76,40.0,5.0,Xylan,0.6535,29.1967,26.15,CBH
A0A024SH76,40.0,6.0,Xylan,0.6086,29.1967,26.15,CBH
A0A024SH76,40.0,7.0,Xylan,0.4931,29.1967,26.15,CBH
A0A024SH76,40.0,8.0,Xylan,0.3251,29.1967,26.15,CBH
A0A024SH76,50.0,4.0,Xylan,0.7371,29.1967,26.15,CBH
A0A024SH76,50.0,5.0,Xylan,0.7675,29.1967,26.15,CBH
A0A024SH76,50.0,6.0,Xylan,0.7219,29.1967,26.15,CBH
A0A024SH76,50.0,7.0,Xylan,0.6012,29.1967,26.15,CBH
A0A024SH76,50.0,8.0,Xylan,0.4185,29.1967,26.15,CBH
A0A024SH76,60.0,4.0,Xylan,0.7323,29.1967,26.15,CBH
A0A024SH76,60.0,5.0,Xylan,0.7628,29.1967,26.15,CBH
A0A024SH76,60.0,6.0,Xylan,0.7171,29.1967,26.15,CBH
A0A024SH76,60.0,7.0,Xylan,0.5966,29.1967,26.15,CBH
A0A024SH76,60.0,8.0,Xylan,0.4144,29.1967,26.15,CBH
A0A024SH76,70.0,4.0,Xylan,0.6095,29.1967,26.15,CBH
A0A024SH76,70.0,5.0,Xylan,0.6394,29.1967,26.15,CBH
A0A024SH76,70.0,6.0,Xylan,0.5947,29.1967,26.15,CBH
A0A024SH76,70.0,7.0,Xylan,0.4801,29.1967,26.15,CBH
A0A024SH76,70.0,8.0,Xylan,0.3141,29.1967,26.15,CBH
A0A024SH76,30.0,4.0,Bagasse,0.7231,29.1967,26.15,CBH
A0A024SH76,30.0,5.0,Bagasse,0.7535,29.1967,26.15,CBH
A0A024SH76,30.0,6.0,Bagasse,0.7078,29.1967,26.15,CBH
A0A024SH76,30.0,7.0,Bagasse,0.5876,29.1967,26.15,CBH
A0A024SH76,30.0,8.0,Bagasse,0.4065,29.1967,26.15,CBH
A0A024SH76,40.0,4.0,Bagasse,0.9406,29.1967,26.15,CBH
A0A024SH76,40.0,5.0,Bagasse,0.9611,29.1967,26.15,CBH
A0A024SH76,40.0,6.0,Bagasse,0.929,29.1967,26.15,CBH
A0A024SH76,40.0,7.0,Bagasse,0.8186,29.1967,26.15,CBH
A0A024SH76,40.0,8.0,Bagasse,0.6219,29.1967,26.15,CBH
A0A024SH76,50.0,4.0,Bagasse,0.9939,29.1967,26.15,CBH
A0A024SH76,50.0,5.0,Bagasse,0.9978,29.1967,26.15,CBH
A0A024SH76,50.0,6.0,Bagasse,0.9906,29.1967,26.15,CBH
A0A024SH76,50.0,7.0,Bagasse,0.9229,29.1967,26.15,CBH
A0A024SH76,50.0,8.0,Bagasse,0.7354,29.1967,26.15,CBH
A0A024SH76,60.0,4.0,Bagasse,0.993,29.1967,26.15,CBH
A0A024SH76,60.0,5.0,Bagasse,0.9973,29.1967,26.15,CBH
A0A024SH76,60.0,6.0,Bagasse,0.9893,29.1967,26.15,CBH
A0A024SH76,60.0,7.0,Bagasse,0.919,29.1967,26.15,CBH
A0A024SH76,60.0,8.0,Bagasse,0.7307,29.1967,26.15,CBH
A0A024SH76,70.0,4.0,Bagasse,0.9297,29.1967,26.15,CBH
A0A024SH76,70.0,5.0,Bagasse,0.952,29.1967,26.15,CBH
A0A024SH76,70.0,6.0,Bagasse,0.9175,29.1967,26.15,CBH
A0A024SH76,70.0,7.0,Bagasse,0.8046,29.1967,26.15,CBH
A0A024SH76,70.0,8.0,Bagasse,0.6079,29.1967,26.15,CBH
P62694,30.0,4.0,Cellulose,0.8924,43.9703,27.93,CBH
P62694,30.0,5.0,Cellulose,0.912,43.9703,27.93,CBH
P62694,30.0,6.0,Cellulose,0.8648,43.9703,27.93,CBH
P62694,30.0,7.0,Cellulose,0.7384,43.9703,27.93,CBH
P62694,30.0,8.0,Cellulose,0.5366,43.9703,27.93,CBH
P62694,40.0,4.0,Cellulose,0.9986,43.9703,27.93,CBH
P62694,40.0,5.0,Cellulose,0.9995,43.9703,27.93,CBH
P62694,40.0,6.0,Cellulose,0.996,43.9703,27.93,CBH
P62694,40.0,7.0,Cellulose,0.9412,43.9703,27.93,CBH
P62694,40.0,8.0,Cellulose,0.7529,43.9703,27.93,CBH
P62694,50.0,4.0,Cellulose,1.0,43.9703,27.93,CBH
P62694,50.0,5.0,Cellulose,1.0,43.9703,27.93,CBH
P62694,50.0,6.0,Cellulose,1.0,43.9703,27.93,CBH
P62694,50.0,7.0,Cellulose,0.9908,43.9703,27.93,CBH
P62694,50.0,8.0,Cellulose,0.8519,43.9703,27.93,CBH
P62694,60.0,4.0,Cellulose,1.0,43.9703,27.93,CBH
P62694,60.0,5.0,Cellulose,1.0,43.9703,27.93,CBH
P62694,60.0,6.0,Cellulose,0.9999,43.9703,27.93,CBH
P62694,60.0,7.0,Cellulose,0.9858,43.9703,27.93,CBH
P62694,60.0,8.0,Cellulose,0.8348,43.9703,27.93,CBH
P62694,70.0,4.0,Cellulose,0.992,43.9703,27.93,CBH
P62694,70.0,5.0,Cellulose,0.9959,43.9703,27.93,CBH
P62694,70.0,6.0,Cellulose,0.9832,43.9703,27.93,CBH
P62694,70.0,7.0,Cellulose,0.8982,43.9703,27.93,CBH
P62694,70.0,8.0,Cellulose,0.6994,43.9703,27.93,CBH
P62694,30.0,4.0,Xylan,0.5094,43.9703,27.93,CBH
P62694,30.0,5.0,Xylan,0.5308,43.9703,27.93,CBH
P62694,30.0,6.0,Xylan,0.4814,43.9703,27.93,CBH
P62694,30.0,7.0,Xylan,0.3689,43.9703,27.93,CBH
P62694,30.0,8.0,Xylan,0.2183,43.9703,27.93,CBH
P62694,40.0,4.0,Xylan,0.7239,43.9703,27.93,CBH
P62694,40.0,5.0,Xylan,0.7467,43.9703,27.93,CBH
P62694,40.0,6.0,Xylan,0.6935,43.9703,27.93,CBH
P62694,40.0,7.0,Xylan,0.5663,43.9703,27.93,CBH
P62694,40.0,8.0,Xylan,0.3809,43.9703,27.93,CBH
P62694,50.0,4.0,Xylan,0.8241,43.9703,27.93,CBH
P62694,50.0,5.0,Xylan,0.846,43.9703,27.93,CBH
P62694,50.0,6.0,Xylan,0.7943,43.9703,27.93,CBH
P62694,50.0,7.0,Xylan,0.6653,43.9703,27.93,CBH
P62694,50.0,8.0,Xylan,0.4689,43.9703,27.93,CBH
P62694,60.0,4.0,Xylan,0.8067,43.9703,27.93,CBH
P62694,60.0,5.0,Xylan,0.8289,43.9703,27.93,CBH
P62694,60.0,6.0,Xylan,0.7766,43.9703,27.93,CBH
P62694,60.0,7.0,Xylan,0.6476,43.9703,27.93,CBH
P62694,60.0,8.0,Xylan,0.4529,43.9703,27.93,CBH
P62694,70.0,4.0,Xylan,0.6705,43.9703,27.93,CBH
P62694,70.0,5.0,Xylan,0.6932,43.9703,27.93,CBH
P62694,70.0,6.0,Xylan,0.6403,43.9703,27.93,CBH
P62694,70.0,7.0,Xylan,0.5157,43.9703,27.93,CBH
P62694,70.0,8.0,Xylan,0.3375,43.9703,27.93,CBH
P62694,30.0,4.0,Bagasse,0.8358,43.9703,27.93,CBH
P62694,30.0,5.0,Bagasse,0.8575,43.9703,27.93,CBH
P62694,30.0,6.0,Bagasse,0.8062,43.9703,27.93,CBH
P62694,30.0,7.0,Bagasse,0.6774,43.9703,27.93,CBH
P62694,30.0,8.0,Bagasse,0.4799,43.9703,27.93,CBH
P62694,40.0,4.0,Bagasse,0.9903,43.9703,27.93,CBH
P62694,40.0,5.0,Bagasse,0.9949,43.9703,27.93,CBH
P62694,40.0,6.0,Bagasse,0.9803,43.9703,27.93,CBH
P62694,40.0,7.0,Bagasse,0.8916,43.9703,27.93,CBH
P62694,40.0,8.0,Bagasse,0.6918,43.9703,27.93,CBH
P62694,50.0,4.0,Bagasse,0.9998,43.9703,27.93,CBH
P62694,50.0,5.0,Bagasse,0.9999,43.9703,27.93,CBH
P62694,50.0,6.0,Bagasse,0.9991,43.9703,27.93,CBH
P62694,50.0,7.0,Bagasse,0.9668,43.9703,27.93,CBH
P62694,50.0,8.0,Bagasse,0.7926,43.9703,27.93,CBH
P62694,60.0,4.0,Bagasse,0.9994,43.9703,27.93,CBH
P62694,60.0,5.0,Bagasse,0.9998,43.9703,27.93,CBH
P62694,60.0,6.0,Bagasse,0.9981,43.9703,27.93,CBH
P62694,60.0,7.0,Bagasse,0.9562,43.9703,27.93,CBH
P62694,60.0,8.0,Bagasse,0.775,43.9703,27.93,CBH
P62694,70.0,4.0,Bagasse,0.9696,43.9703,27.93,CBH
P62694,70.0,5.0,Bagasse,0.9802,43.9703,27.93,CBH
P62694,70.0,6.0,Bagasse,0.9514,43.9703,27.93,CBH
P62694,70.0,7.0,Bagasse,0.8422,43.9703,27.93,CBH
P62694,70.0,8.0,Bagasse,0.6387,43.9703,27.93,CBH
Q9C1S9,30.0,4.0,Cellulose,0.2653,1.0316,27.0,CBH
Q9C1S9,30.0,5.0,Cellulose,0.3041,1.0316,27.0,CBH
Q9C1S9,30.0,6.0,Cellulose,0.2871,1.0316,27.0,CBH
Q9C1S9,30.0,7.0,Cellulose,0.2193,1.0316,27.0,CBH
Q9C1S9,30.0,8.0,Cellulose,0.1238,1.0316,27.0,CBH
Q9C1S9,40.0,4.0,Cellulose,0.4475,1.0316,27.0,CBH
Q9C1S9,40.0,5.0,Cellulose,0.4957,1.0316,27.0,CBH
Q9C1S9,40.0,6.0,Cellulose,0.4748,1.0316,27.0,CBH
Q9C1S9,40.0,7.0,Cellulose,0.3882,1.0316,27.0,CBH
Q9C1S9,40.0,8.0,Cellulose,0.2538,1.0316,27.0,CBH
Q9C1S9,50.0,4.0,Cellulose,0.5472,1.0316,27.0,CBH
Q9C1S9,50.0,5.0,Cellulose,0.5986,1.0316,27.0,CBH
Q9C1S9,50.0,6.0,Cellulose,0.5764,1.0316,27.0,CBH
Q9C1S9,50.0,7.0,Cellulose,0.4833,1.0316,27.0,CBH
Q9C1S9,50.0,8.0,Cellulose,0.3338,1.0316,27.0,CBH
Q9C1S9,60.0,4.0,Cellulose,0.5371,1.0316,27.0,CBH
Q9C1S9,60.0,5.0,Cellulose,0.5882,1.0316,27.0,CBH
Q9C1S9,60.0,6.0,Cellulose,0.5661,1.0316,27.0,CBH
Q9C1S9,60.0,7.0,Cellulose,0.4735,1.0316,27.0,CBH
Q9C1S9,60.0,8.0,Cellulose,0.3254,1.0316,27.0,CBH
Q9C1S9,70.0,4.0,Cellulose,0.4193,1.0316,27.0,CBH
Q9C1S9,70.0,5.0,Cellulose,0.4664,1.0316,27.0,CBH
Q9C1S9,70.0,6.0,Cellulose,0.446,1.0316,27.0,CBH
Q9C1S9,70.0,7.0,Cellulose,0.3616,1.0316,27.0,CBH
Q9C1S9,70.0,8.0,Cellulose,0.2322,1.0316,27.0,CBH
Q9C1S9,30.0,4.0,Xylan,0.0677,1.0316,27.0,CBH
Q9C1S9,30.0,5.0,Xylan,0.0848,1.0316,27.0,CBH
Q9C1S9,30.0,6.0,Xylan,0.0771,1.0316,27.0,CBH
Q9C1S9,30.0,7.0,Xylan,0.0497,1.0316,27.0,CBH
Q9C1S9,30.0,8.0,Xylan,0.0208,1.0316,27.0,CBH
Q9C1S9,40.0,4.0,Xylan,0.1614,1.0316,27.0,CBH
Q9C1S9,40.0,5.0,Xylan,0.1914,1.0316,27.0,CBH
Q9C1S9,40.0,6.0,Xylan,0.1782,1.0316,27.0,CBH
Q9C1S9,40.0,7.0,Xylan,0.1273,1.0316,27.0,CBH
Q9C1S9,40.0,8.0,Xylan,0.063,1.0316,27.0,CBH
Q9C1S9,50.0,4.0,Xylan,0.2254,1.0316,27.0,CBH
Q9C1S9,50.0,5.0,Xylan,0.2613,1.0316,27.0,CBH
Q9C1S9,50.0,6.0,Xylan,0.2456,1.0316,27.0,CBH
Q9C1S9,50.0,7.0,Xylan,0.1835,1.0316,27.0,CBH
Q9C1S9,50.0,8.0,Xylan,0.099,1.0316,27.0,CBH
Q9C1S9,60.0,4.0,Xylan,0.2185,1.0316,27.0,CBH
Q9C1S9,60.0,5.0,Xylan,0.2539,1.0316,27.0,CBH
Q9C1S9,60.0,6.0,Xylan,0.2384,1.0316,27.0,CBH
Q9C1S9,60.0,7.0,Xylan,0.1774,1.0316,27.0,CBH
Q9C1S9,60.0,8.0,Xylan,0.0949,1.0316,27.0,CBH
Q9C1S9,70.0,4.0,Xylan,0.1448,1.0316,27.0,CBH
Q9C1S9,70.0,5.0,Xylan,0.173,1.0316,27.0,CBH
Q9C1S9,70.0,6.0,Xylan,0.1605,1.0316,27.0,CBH
Q9C1S9,70.0,7.0,Xylan,0.1131,1.0316,27.0,CBH
Q9C1S9,70.0,8.0,Xylan,0.0545,1.0316,27.0,CBH
Q9C1S9,30.0,4.0,Bagasse,0.224,1.0316,27.0,CBH
Q9C1S9,30.0,5.0,Bagasse,0.2598,1.0316,27.0,CBH
Q9C1S9,30.0,6.0,Bagasse,0.2441,1.0316,27.0,CBH
Q9C1S9,30.0,7.0,Bagasse,0.1823,1.0316,27.0,CBH
Q9C1S9,30.0,8.0,Bagasse,0.0982,1.0316,27.0,CBH
Q9C1S9,40.0,4.0,Bagasse,0.3945,1.0316,27.0,CBH
Q9C1S9,40.0,5.0,Bagasse,0.4406,1.0316,27.0,CBH
Q9C1S9,40.0,6.0,Bagasse,0.4206,1.0316,27.0,CBH
Q9C1S9,40.0,7.0,Bagasse,0.3383,1.0316,27.0,CBH
Q9C1S9,40.0,8.0,Bagasse,0.2136,1.0316,27.0,CBH
Q9C1S9,50.0,4.0,Bagasse,0.4901,1.0316,27.0,CBH
Q9C1S9,50.0,5.0,Bagasse,0.5398,1.0316,27.0,CBH
Q9C1S9,50.0,6.0,Bagasse,0.5183,1.0316,27.0,CBH
Q9C1S9,50.0,7.0,Bagasse,0.4286,1.0316,27.0,CBH
Q9C1S9,50.0,8.0,Bagasse,0.2874,1.0316,27.0,CBH
Q9C1S9,60.0,4.0,Bagasse,0.4803,1.0316,27.0,CBH
Q9C1S9,60.0,5.0,Bagasse,0.5297,1.0316,27.0,CBH
Q9C1S9,60.0,6.0,Bagasse,0.5083,1.0316,27.0,CBH
Q9C1S9,60.0,7.0,Bagasse,0.4193,1.0316,27.0,CBH
Q9C1S9,60.0,8.0,Bagasse,0.2796,1.0316,27.0,CBH
Q9C1S9,70.0,4.0,Bagasse,0.3677,1.0316,27.0,CBH
Q9C1S9,70.0,5.0,Bagasse,0.4125,1.0316,27.0,CBH
Q9C1S9,70.0,6.0,Bagasse,0.3931,1.0316,27.0,CBH
Q9C1S9,70.0,7.0,Bagasse,0.3134,1.0316,27.0,CBH
Q9C1S9,70.0,8.0,Bagasse,0.1939,1.0316,27.0,CBH
Q9P8P3,30.0,4.0,Cellulose,0.6227,19.2556,27.79,CBH
Q9P8P3,30.0,5.0,Cellulose,0.7445,19.2556,27.79,CBH
Q9P8P3,30.0,6.0,Cellulose,0.7901,19.2556,27.79,CBH
Q9P8P3,30.0,7.0,Cellulose,0.7598,19.2556,27.79,CBH
Q9P8P3,30.0,8.0,Cellulose,0.6529,19.2556,27.79,CBH
Q9P8P3,40.0,4.0,Cellulose,0.8427,19.2556,27.79,CBH
Q9P8P3,40.0,5.0,Cellulose,0.947,19.2556,27.79,CBH
Q9P8P3,40.0,6.0,Cellulose,0.974,19.2556,27.79,CBH
Q9P8P3,40.0,7.0,Cellulose,0.9571,19.2556,27.79,CBH
Q9P8P3,40.0,8.0,Cellulose,0.8714,19.2556,27.79,CBH
Q9P8P3,50.0,4.0,Cellulose,0.9328,19.2556,27.79,CBH
Q9P8P3,50.0,5.0,Cellulose,0.993,19.2556,27.79,CBH
Q9P8P3,50.0,6.0,Cellulose,0.9984,19.2556,27.79,CBH
Q9P8P3,50.0,7.0,Cellulose,0.9955,19.2556,27.79,CBH
Q9P8P3,50.0,8.0,Cellulose,0.9543,19.2556,27.79,CBH
Q9P8P3,60.0,4.0,Cellulose,0.9196,19.2556,27.79,CBH
Q9P8P3,60.0,5.0,Cellulose,0.9891,19.2556,27.79,CBH
Q9P8P3,60.0,6.0,Cellulose,0.9972,19.2556,27.79,CBH
Q9P8P3,60.0,7.0,Cellulose,0.9927,19.2556,27.79,CBH
Q9P8P3,60.0,8.0,Cellulose,0.943,19.2556,27.79,CBH
Q9P8P3,70.0,4.0,Cellulose,0.7939,19.2556,27.79,CBH
Q9P8P3,70.0,5.0,Cellulose,0.9082,19.2556,27.79,CBH
Q9P8P3,70.0,6.0,Cellulose,0.944,19.2556,27.79,CBH
Q9P8P3,70.0,7.0,Cellulose,0.9208,19.2556,27.79,CBH
Q9P8P3,70.0,8.0,Cellulose,0.8239,19.2556,27.79,CBH
Q9P8P3,30.0,4.0,Xylan,0.2764,19.2556,27.79,CBH
Q9P8P3,30.0,5.0,Xylan,0.3717,19.2556,27.79,CBH
Q9P8P3,30.0,6.0,Xylan,0.4105,19.2556,27.79,CBH
Q9P8P3,30.0,7.0,Xylan,0.3844,19.2556,27.79,CBH
Q9P8P3,30.0,8.0,Xylan,0.299,19.2556,27.79,CBH
Q9P8P3,40.0,4.0,Xylan,0.4581,19.2556,27.79,CBH
Q9P8P3,40.0,5.0,Xylan,0.5724,19.2556,27.79,CBH
Q9P8P3,40.0,6.0,Xylan,0.6171,19.2556,27.79,CBH
Q9P8P3,40.0,7.0,Xylan,0.5872,19.2556,27.79,CBH
Q9P8P3,40.0,8.0,Xylan,0.4859,19.2556,27.79,CBH
Q9P8P3,50.0,4.0,Xylan,0.5536,19.2556,27.79,CBH
Q9P8P3,50.0,5.0,Xylan,0.6733,19.2556,27.79,CBH
Q9P8P3,50.0,6.0,Xylan,0.7192,19.2556,27.79,CBH
Q9P8P3,50.0,7.0,Xylan,0.6886,19.2556,27.79,CBH
Q9P8P3,50.0,8.0,Xylan,0.583,19.2556,27.79,CBH
Q9P8P3,60.0,4.0,Xylan,0.5377,19.2556,27.79,CBH
Q9P8P3,60.0,5.0,Xylan,0.6567,19.2556,27.79,CBH
Q9P8P3,60.0,6.0,Xylan,0.7025,19.2556,27.79,CBH
Q9P8P3,60.0,7.0,Xylan,0.6719,19.2556,27.79,CBH
Q9P8P3,60.0,8.0,Xylan,0.5669,19.2556,27.79,CBH
Q9P8P3,70.0,4.0,Xylan,0.4138,19.2556,27.79,CBH
Q9P8P3,70.0,5.0,Xylan,0.5246,19.2556,27.79,CBH
Q9P8P3,70.0,6.0,Xylan,0.5682,19.2556,27.79,CBH
Q9P8P3,70.0,7.0,Xylan,0.539,19.2556,27.79,CBH
Q9P8P3,70.0,8.0,Xylan,0.4406,19.2556,27.79,CBH
Q9P8P3,30.0,4.0,Bagasse,0.563,19.2556,27.79,CBH
Q9P8P3,30.0,5.0,Bagasse,0.6831,19.2556,27.79,CBH
Q9P8P3,30.0,6.0,Bagasse,0.729,19.2556,27.79,CBH
Q9P8P3,30.0,7.0,Bagasse,0.6984,19.2556,27.79,CBH
Q9P8P3,30.0,8.0,Bagasse,0.5925,19.2556,27.79,CBH
Q9P8P3,40.0,4.0,Bagasse,0.7829,19.2556,27.79,CBH
Q9P8P3,40.0,5.0,Bagasse,0.8986,19.2556,27.79,CBH
Q9P8P3,40.0,6.0,Bagasse,0.9359,19.2556,27.79,CBH
Q9P8P3,40.0,7.0,Bagasse,0.9116,19.2556,27.79,CBH
Q9P8P3,40.0,8.0,Bagasse,0.813,19.2556,27.79,CBH
Q9P8P3,50.0,4.0,Bagasse,0.8812,19.2556,27.79,CBH
Q9P8P3,50.0,5.0,Bagasse,0.9718,19.2556,27.79,CBH
Q9P8P3,50.0,6.0,Bagasse,0.9894,19.2556,27.79,CBH
Q9P8P3,50.0,7.0,Bagasse,0.9789,19.2556,27.79,CBH
Q9P8P3,50.0,8.0,Bagasse,0.908,19.2556,27.79,CBH
Q9P8P3,60.0,4.0,Bagasse,0.8659,19.2556,27.79,CBH
Q9P8P3,60.0,5.0,Bagasse,0.9627,19.2556,27.79,CBH
Q9P8P3,60.0,6.0,Bagasse,0.9843,19.2556,27.79,CBH
Q9P8P3,60.0,7.0,Bagasse,0.9711,19.2556,27.79,CBH
Q9P8P3,60.0,8.0,Bagasse,0.8936,19.2556,27.79,CBH
Q9P8P3,70.0,4.0,Bagasse,0.7328,19.2556,27.79,CBH
Q9P8P3,70.0,5.0,Bagasse,0.853,19.2556,27.79,CBH
Q9P8P3,70.0,6.0,Bagasse,0.8949,19.2556,27.79,CBH
Q9P8P3,70.0,7.0,Bagasse,0.8673,19.2556,27.79,CBH
Q9P8P3,70.0,8.0,Bagasse,0.7634,19.2556,27.79,CBH
P07987,30.0,4.0,Cellulose,0.7841,29.1967,26.15,CBH
P07987,30.0,5.0,Cellulose,0.8142,29.1967,26.15,CBH
P07987,30.0,6.0,Cellulose,0.7689,29.1967,26.15,CBH
P07987,30.0,7.0,Cellulose,0.6474,29.1967,26.15,CBH
P07987,30.0,8.0,Cellulose,0.4599,29.1967,26.15,CBH
P07987,40.0,4.0,Cellulose,0.9774,29.1967,26.15,CBH
P07987,40.0,5.0,Cellulose,0.9886,29.1967,26.15,CBH
P07987,40.0,6.0,Cellulose,0.9699,29.1967,26.15,CBH
P07987,40.0,7.0,Cellulose,0.8768,29.1967,26.15,CBH
P07987,40.0,8.0,Cellulose,0.6823,29.1967,26.15,CBH
P07987,50.0,4.0,Cellulose,0.9993,29.1967,26.15,CBH
P07987,50.0,5.0,Cellulose,0.9998,29.1967,26.15,CBH
P07987,50.0,6.0,Cellulose,0.9988,29.1967,26.15,CBH
P07987,50.0,7.0,Cellulose,0.9657,29.1967,26.15,CBH
P07987,50.0,8.0,Cellulose,0.7963,29.1967,26.15,CBH
P07987,60.0,4.0,Cellulose,0.9992,29.1967,26.15,CBH
P07987,60.0,5.0,Cellulose,0.9998,29.1967,26.15,CBH
P07987,60.0,6.0,Cellulose,0.9985,29.1967,26.15,CBH
P07987,60.0,7.0,Cellulose,0.9629,29.1967,26.15,CBH
P07987,60.0,8.0,Cellulose,0.7916,29.1967,26.15,CBH
P07987,70.0,4.0,Cellulose,0.9704,29.1967,26.15,CBH
P07987,70.0,5.0,Cellulose,0.984,29.1967,26.15,CBH
P07987,70.0,6.0,Cellulose,0.9618,29.1967,26.15,CBH
P07987,70.0,7.0,Cellulose,0.8636,29.1967,26.15,CBH
P07987,70.0,8.0,Cellulose,0.6681,29.1967,26.15,CBH
P07987,30.0,4.0,Xylan,0.4079,29.1967,26.15,CBH
P07987,30.0,5.0,Xylan,0.4342,29.1967,26.15,CBH
P07987,30.0,6.0,Xylan,0.395,29.1967,26.15,CBH
P07987,30.0,7.0,Xylan,0.2984,29.1967,26.15,CBH
P07987,30.0,8.0,Xylan,0.1704,29.1967,26.15,CBH
P07987,40.0,4.0,Xylan,0.6235,29.1967,26.15,CBH
P07987,40.0,5.0,Xylan,0.6535,29.1967,26.15,CBH
P07987,40.0,6.0,Xylan,0.6086,29.1967,26.15,CBH
P07987,40.0,7.0,Xylan,0.4931,29.1967,26.15,CBH
P07987,40.0,8.0,Xylan,0.3251,29.1967,26.15,CBH
P07987,50.0,4.0,Xylan,0.7371,29.1967,26.15,CBH
P07987,50.0,5.0,Xylan,0.7675,29.1967,26.15,CBH
P07987,50.0,6.0,Xylan,0.7219,29.1967,26.15,CBH
P07987,50.0,7.0,Xylan,0.6012,29.1967,26.15,CBH
P07987,50.0,8.0,Xylan,0.4185,29.1967,26.15,CBH
P07987,60.0,4.0,Xylan,0.7323,29.1967,26.15,CBH
P07987,60.0,5.0,Xylan,0.7628,29.1967,26.15,CBH
P07987,60.0,6.0,Xylan,0.7171,29.1967,26.15,CBH
P07987,60.0,7.0,Xylan,0.5966,29.1967,26.15,CBH
P07987,60.0,8.0,Xylan,0.4144,29.1967,26.15,CBH
P07987,70.0,4.0,Xylan,0.6095,29.1967,26.15,CBH
P07987,70.0,5.0,Xylan,0.6394,29.1967,26.15,CBH
P07987,70.0,6.0,Xylan,0.5947,29.1967,26.15,CBH
P07987,70.0,7.0,Xylan,0.4801,29.1967,26.15,CBH
P07987,70.0,8.0,Xylan,0.3141,29.1967,26.15,CBH
P07987,30.0,4.0,Bagasse,0.7231,29.1967,26.15,CBH
P07987,30.0,5.0,Bagasse,0.7535,29.1967,26.15,CBH
P07987,30.0,6.0,Bagasse,0.7078,29.1967,26.15,CBH
P07987,30.0,7.0,Bagasse,0.5876,29.1967,26.15,CBH
P07987,30.0,8.0,Bagasse,0.4065,29.1967,26.15,CBH
P07987,40.0,4.0,Bagasse,0.9406,29.1967,26.15,CBH
P07987,40.0,5.0,Bagasse,0.9611,29.1967,26.15,CBH
P07987,40.0,6.0,Bagasse,0.929,29.1967,26.15,CBH
P07987,40.0,7.0,Bagasse,0.8186,29.1967,26.15,CBH
P07987,40.0,8.0,Bagasse,0.6219,29.1967,26.15,CBH
P07987,50.0,4.0,Bagasse,0.9939,29.1967,26.15,CBH
P07987,50.0,5.0,Bagasse,0.9978,29.1967,26.15,CBH
P07987,50.0,6.0,Bagasse,0.9906,29.1967,26.15,CBH
P07987,50.0,7.0,Bagasse,0.9229,29.1967,26.15,CBH
P07987,50.0,8.0,Bagasse,0.7354,29.1967,26.15,CBH
P07987,60.0,4.0,Bagasse,0.993,29.1967,26.15,CBH
P07987,60.0,5.0,Bagasse,0.9973,29.1967,26.15,CBH
P07987,60.0,6.0,Bagasse,0.9893,29.1967,26.15,CBH
P07987,60.0,7.0,Bagasse,0.919,29.1967,26.15,CBH
P07987,60.0,8.0,Bagasse,0.7307,29.1967,26.15,CBH
P07987,70.0,4.0,Bagasse,0.9297,29.1967,26.15,CBH
P07987,70.0,5.0,Bagasse,0.952,29.1967,26.15,CBH
P07987,70.0,6.0,Bagasse,0.9175,29.1967,26.15,CBH
P07987,70.0,7.0,Bagasse,0.8046,29.1967,26.15,CBH
P07987,70.0,8.0,Bagasse,0.6079,29.1967,26.15,CBH
D4HRL0,30.0,4.0,Cellulose,0.3175,9.2524,27.9,CBH
D4HRL0,30.0,5.0,Cellulose,0.4953,9.2524,27.9,CBH
D4HRL0,30.0,6.0,Cellulose,0.6204,9.2524,27.9,CBH
D4HRL0,30.0,7.0,Cellulose,0.6737,9.2524,27.9,CBH
D4HRL0,30.0,8.0,Cellulose,0.6508,9.2524,27.9,CBH
D4HRL0,40.0,4.0,Cellulose,0.5101,9.2524,27.9,CBH
D4HRL0,40.0,5.0,Cellulose,0.7126,9.2524,27.9,CBH
D4HRL0,40.0,6.0,Cellulose,0.8415,9.2524,27.9,CBH
D4HRL0,40.0,7.0,Cellulose,0.8911,9.2524,27.9,CBH
D4HRL0,40.0,8.0,Cellulose,0.8703,9.2524,27.9,CBH
D4HRL0,50.0,4.0,Cellulose,0.6091,9.2524,27.9,CBH
D4HRL0,50.0,5.0,Cellulose,0.8151,9.2524,27.9,CBH
D4HRL0,50.0,6.0,Cellulose,0.932,9.2524,27.9,CBH
D4HRL0,50.0,7.0,Cellulose,0.9674,9.2524,27.9,CBH
D4HRL0,50.0,8.0,Cellulose,0.9537,9.2524,27.9,CBH
D4HRL0,60.0,4.0,Cellulose,0.5927,9.2524,27.9,CBH
D4HRL0,60.0,5.0,Cellulose,0.7986,9.2524,27.9,CBH
D4HRL0,60.0,6.0,Cellulose,0.9188,9.2524,27.9,CBH
D4HRL0,60.0,7.0,Cellulose,0.9576,9.2524,27.9,CBH
D4HRL0,60.0,8.0,Cellulose,0.9422,9.2524,27.9,CBH
D4HRL0,70.0,4.0,Cellulose,0.4636,9.2524,27.9,CBH
D4HRL0,70.0,5.0,Cellulose,0.6622,9.2524,27.9,CBH
D4HRL0,70.0,6.0,Cellulose,0.7924,9.2524,27.9,CBH
D4HRL0,70.0,7.0,Cellulose,0.8447,9.2524,27.9,CBH
D4HRL0,70.0,8.0,Cellulose,0.8225,9.2524,27.9,CBH
D4HRL0,30.0,4.0,Xylan,0.0876,9.2524,27.9,CBH
D4HRL0,30.0,5.0,Xylan,0.1864,9.2524,27.9,CBH
D4HRL0,30.0,6.0,Xylan,0.2724,9.2524,27.9,CBH
D4HRL0,30.0,7.0,Xylan,0.3127,9.2524,27.9,CBH
D4HRL0,30.0,8.0,Xylan,0.2951,9.2524,27.9,CBH
D4HRL0,40.0,4.0,Xylan,0.1959,9.2524,27.9,CBH
D4HRL0,40.0,5.0,Xylan,0.3434,9.2524,27.9,CBH
D4HRL0,40.0,6.0,Xylan,0.455,9.2524,27.9,CBH
D4HRL0,40.0,7.0,Xylan,0.5043,9.2524,27.9,CBH
D4HRL0,40.0,8.0,Xylan,0.483,9.2524,27.9,CBH
D4HRL0,50.0,4.0,Xylan,0.2642,9.2524,27.9,CBH
D4HRL0,50.0,5.0,Xylan,0.4306,9.2524,27.9,CBH
D4HRL0,50.0,6.0,Xylan,0.551,9.2524,27.9,CBH
D4HRL0,50.0,7.0,Xylan,0.603,9.2524,27.9,CBH
D4HRL0,50.0,8.0,Xylan,0.5806,9.2524,27.9,CBH
D4HRL0,60.0,4.0,Xylan,0.2523,9.2524,27.9,CBH
D4HRL0,60.0,5.0,Xylan,0.4159,9.2524,27.9,CBH
D4HRL0,60.0,6.0,Xylan,0.535,9.2524,27.9,CBH
D4HRL0,60.0,7.0,Xylan,0.5866,9.2524,27.9,CBH
D4HRL0,60.0,8.0,Xylan,0.5643,9.2524,27.9,CBH
D4HRL0,70.0,4.0,Xylan,0.1666,9.2524,27.9,CBH
D4HRL0,70.0,5.0,Xylan,0.3038,9.2524,27.9,CBH
D4HRL0,70.0,6.0,Xylan,0.4105,9.2524,27.9,CBH
D4HRL0,70.0,7.0,Xylan,0.458,9.2524,27.9,CBH
D4HRL0,70.0,8.0,Xylan,0.4374,9.2524,27.9,CBH
D4HRL0,30.0,4.0,Bagasse,0.2712,9.2524,27.9,CBH
D4HRL0,30.0,5.0,Bagasse,0.4393,9.2524,27.9,CBH
D4HRL0,30.0,6.0,Bagasse,0.5604,9.2524,27.9,CBH
D4HRL0,30.0,7.0,Bagasse,0.6127,9.2524,27.9,CBH
D4HRL0,30.0,8.0,Bagasse,0.5902,9.2524,27.9,CBH
D4HRL0,40.0,4.0,Bagasse,0.4535,9.2524,27.9,CBH
D4HRL0,40.0,5.0,Bagasse,0.6511,9.2524,27.9,CBH
D4HRL0,40.0,6.0,Bagasse,0.7813,9.2524,27.9,CBH
D4HRL0,40.0,7.0,Bagasse,0.8339,9.2524,27.9,CBH
D4HRL0,40.0,8.0,Bagasse,0.8116,9.2524,27.9,CBH
D4HRL0,50.0,4.0,Bagasse,0.5494,9.2524,27.9,CBH
D4HRL0,50.0,5.0,Bagasse,0.7541,9.2524,27.9,CBH
D4HRL0,50.0,6.0,Bagasse,0.8802,9.2524,27.9,CBH
D4HRL0,50.0,7.0,Bagasse,0.9259,9.2524,27.9,CBH
D4HRL0,50.0,8.0,Bagasse,0.9071,9.2524,27.9,CBH
D4HRL0,60.0,4.0,Bagasse,0.5334,9.2524,27.9,CBH
D4HRL0,60.0,5.0,Bagasse,0.7373,9.2524,27.9,CBH
D4HRL0,60.0,6.0,Bagasse,0.8648,9.2524,27.9,CBH
D4HRL0,60.0,7.0,Bagasse,0.9123,9.2524,27.9,CBH
D4HRL0,60.0,8.0,Bagasse,0.8926,9.2524,27.9,CBH
D4HRL0,70.0,4.0,Bagasse,0.409,9.2524,27.9,CBH
D4HRL0,70.0,5.0,Bagasse,0.6014,9.2524,27.9,CBH
D4HRL0,70.0,6.0,Bagasse,0.7311,9.2524,27.9,CBH
D4HRL0,70.0,7.0,Bagasse,0.7847,9.2524,27.9,CBH
D4HRL0,70.0,8.0,Bagasse,0.7618,9.2524,27.9,CBH
Q8WZJ4,30.0,4.0,Cellulose,0.4804,15.0052,26.79,CBH
Q8WZJ4,30.0,5.0,Cellulose,0.6339,15.0052,26.79,CBH
Q8WZJ4,30.0,6.0,Cellulose,0.7178,15.0052,26.79,CBH
Q8WZJ4,30.0,7.0,Cellulose,0.7255,15.0052,26.79,CBH
Q8WZJ4,30.0,8.0,Cellulose,0.6567,15.0052,26.79,CBH
Q8WZJ4,40.0,4.0,Cellulose,0.7025,15.0052,26.79,CBH
Q8WZJ4,40.0,5.0,Cellulose,0.8609,15.0052,26.79,CBH
Q8WZJ4,40.0,6.0,Cellulose,0.9336,15.0052,26.79,CBH
Q8WZJ4,40.0,7.0,Cellulose,0.9393,15.0052,26.79,CBH
Q8WZJ4,40.0,8.0,Cellulose,0.882,15.0052,26.79,CBH
Q8WZJ4,50.0,4.0,Cellulose,0.8121,15.0052,26.79,CBH
Q8WZJ4,50.0,5.0,Cellulose,0.9521,15.0052,26.79,CBH
Q8WZJ4,50.0,6.0,Cellulose,0.9908,15.0052,26.79,CBH
Q8WZJ4,50.0,7.0,Cellulose,0.9925,15.0052,26.79,CBH
Q8WZJ4,50.0,8.0,Cellulose,0.9662,15.0052,26.79,CBH
Q8WZJ4,60.0,4.0,Cellulose,0.8027,15.0052,26.79,CBH
Q8WZJ4,60.0,5.0,Cellulose,0.9455,15.0052,26.79,CBH
Q8WZJ4,60.0,6.0,Cellulose,0.9882,15.0052,26.79,CBH
Q8WZJ4,60.0,7.0,Cellulose,0.9903,15.0052,26.79,CBH
Q8WZJ4,60.0,8.0,Cellulose,0.9606,15.0052,26.79,CBH
Q8WZJ4,70.0,4.0,Cellulose,0.6738,15.0052,26.79,CBH
Q8WZJ4,70.0,5.0,Cellulose,0.8335,15.0052,26.79,CBH
Q8WZJ4,70.0,6.0,Cellulose,0.9105,15.0052,26.79,CBH
Q8WZJ4,70.0,7.0,Cellulose,0.9169,15.0052,26.79,CBH
Q8WZJ4,70.0,8.0,Cellulose,0.8555,15.0052,26.79,CBH
Q8WZJ4,30.0,4.0,Xylan,0.1792,15.0052,26.79,CBH
Q8WZJ4,30.0,5.0,Xylan,0.2846,15.0052,26.79,CBH
Q8WZJ4,30.0,6.0,Xylan,0.3495,15.0052,26.79,CBH
Q8WZJ4,30.0,7.0,Xylan,0.3557,15.0052,26.79,CBH
Q8WZJ4,30.0,8.0,Xylan,0.3017,15.0052,26.79,CBH
Q8WZJ4,40.0,4.0,Xylan,0.3372,15.0052,26.79,CBH
Q8WZJ4,40.0,5.0,Xylan,0.4748,15.0052,26.79,CBH
Q8WZJ4,40.0,6.0,Xylan,0.5534,15.0052,26.79,CBH
Q8WZJ4,40.0,7.0,Xylan,0.5608,15.0052,26.79,CBH
Q8WZJ4,40.0,8.0,Xylan,0.4958,15.0052,26.79,CBH
Q8WZJ4,50.0,4.0,Xylan,0.4294,15.0052,26.79,CBH
Q8WZJ4,50.0,5.0,Xylan,0.5783,15.0052,26.79,CBH
Q8WZJ4,50.0,6.0,Xylan,0.661,15.0052,26.79,CBH
Q8WZJ4,50.0,7.0,Xylan,0.6686,15.0052,26.79,CBH
Q8WZJ4,50.0,8.0,Xylan,0.6006,15.0052,26.79,CBH
Q8WZJ4,60.0,4.0,Xylan,0.421,15.0052,26.79,CBH
Q8WZJ4,60.0,5.0,Xylan,0.569,15.0052,26.79,CBH
Q8WZJ4,60.0,6.0,Xylan,0.6515,15.0052,26.79,CBH
Q8WZJ4,60.0,7.0,Xylan,0.6591,15.0052,26.79,CBH
Q8WZJ4,60.0,8.0,Xylan,0.5913,15.0052,26.79,CBH
Q8WZJ4,70.0,4.0,Xylan,0.3148,15.0052,26.79,CBH
Q8WZJ4,70.0,5.0,Xylan,0.4489,15.0052,26.79,CBH
Q8WZJ4,70.0,6.0,Xylan,0.5262,15.0052,26.79,CBH
Q8WZJ4,70.0,7.0,Xylan,0.5334,15.0052,26.79,CBH
Q8WZJ4,70.0,8.0,Xylan,0.4695,15.0052,26.79,CBH
Q8WZJ4,30.0,4.0,Bagasse,0.4254,15.0052,26.79,CBH
Q8WZJ4,30.0,5.0,Bagasse,0.5739,15.0052,26.79,CBH
Q8WZJ4,30.0,6.0,Bagasse,0.6565,15.0052,26.79,CBH
Q8WZJ4,30.0,7.0,Bagasse,0.6641,15.0052,26.79,CBH
Q8WZJ4,30.0,8.0,Bagasse,0.5962,15.0052,26.79,CBH
Q8WZJ4,40.0,4.0,Bagasse,0.6413,15.0052,26.79,CBH
Q8WZJ4,40.0,5.0,Bagasse,0.8016,15.0052,26.79,CBH
Q8WZJ4,40.0,6.0,Bagasse,0.8819,15.0052,26.79,CBH
Q8WZJ4,40.0,7.0,Bagasse,0.8888,15.0052,26.79,CBH
Q8WZJ4,40.0,8.0,Bagasse,0.8241,15.0052,26.79,CBH
Q8WZJ4,50.0,4.0,Bagasse,0.7512,15.0052,26.79,CBH
Q8WZJ4,50.0,5.0,Bagasse,0.9047,15.0052,26.79,CBH
Q8WZJ4,50.0,6.0,Bagasse,0.9661,15.0052,26.79,CBH
Q8WZJ4,50.0,7.0,Bagasse,0.9703,15.0052,26.79,CBH
Q8WZJ4,50.0,8.0,Bagasse,0.9237,15.0052,26.79,CBH
Q8WZJ4,60.0,4.0,Bagasse,0.7416,15.0052,26.79,CBH
Q8WZJ4,60.0,5.0,Bagasse,0.8964,15.0052,26.79,CBH
Q8WZJ4,60.0,6.0,Bagasse,0.9605,15.0052,26.79,CBH
Q8WZJ4,60.0,7.0,Bagasse,0.965,15.0052,26.79,CBH
Q8WZJ4,60.0,8.0,Bagasse,0.916,15.0052,26.79,CBH
Q8WZJ4,70.0,4.0,Bagasse,0.613,15.0052,26.79,CBH
Q8WZJ4,70.0,5.0,Bagasse,0.7731,15.0052,26.79,CBH
Q8WZJ4,70.0,6.0,Bagasse,0.8553,15.0052,26.79,CBH
Q8WZJ4,70.0,7.0,Bagasse,0.8625,15.0052,26.79,CBH
Q8WZJ4,70.0,8.0,Bagasse,0.7959,15.0052,26.79,CBH
P07986,30.0,4.0,Cellulose,0.2301,5.8302,26.97,CBH
P07986,30.0,5.0,Cellulose,0.3937,5.8302,26.97,CBH
P07986,30.0,6.0,Cellulose,0.5177,5.8302,26.97,CBH
P07986,30.0,7.0,Cellulose,0.5762,5.8302,26.97,CBH
P07986,30.0,8.0,Cellulose,0.5614,5.8302,26.97,CBH
P07986,40.0,4.0,Cellulose,0.4058,5.8302,26.97,CBH
P07986,40.0,5.0,Cellulose,0.6049,5.8302,26.97,CBH
P07986,40.0,6.0,Cellulose,0.7424,5.8302,26.97,CBH
P07986,40.0,7.0,Cellulose,0.8034,5.8302,26.97,CBH
P07986,40.0,8.0,Cellulose,0.7883,5.8302,26.97,CBH
P07986,50.0,4.0,Cellulose,0.5038,5.8302,26.97,CBH
P07986,50.0,5.0,Cellulose,0.7133,5.8302,26.97,CBH
P07986,50.0,6.0,Cellulose,0.8497,5.8302,26.97,CBH
P07986,50.0,7.0,Cellulose,0.9054,5.8302,26.97,CBH
P07986,50.0,8.0,Cellulose,0.892,5.8302,26.97,CBH
P07986,60.0,4.0,Cellulose,0.4938,5.8302,26.97,CBH
P07986,60.0,5.0,Cellulose,0.7025,5.8302,26.97,CBH
P07986,60.0,6.0,Cellulose,0.8394,5.8302,26.97,CBH
P07986,60.0,7.0,Cellulose,0.896,5.8302,26.97,CBH
P07986,60.0,8.0,Cellulose,0.8824,5.8302,26.97,CBH
P07986,70.0,4.0,Cellulose,0.3783,5.8302,26.97,CBH
P07986,70.0,5.0,Cellulose,0.5734,5.8302,26.97,CBH
P07986,70.0,6.0,Cellulose,0.7099,5.8302,26.97,CBH
P07986,70.0,7.0,Cellulose,0.7714,5.8302,26.97,CBH
P07986,70.0,8.0,Cellulose,0.756,5.8302,26.97,CBH
P07986,30.0,4.0,Xylan,0.0519,5.8302,26.97,CBH
P07986,30.0,5.0,Xylan,0.1269,5.8302,26.97,CBH
P07986,30.0,6.0,Xylan,0.2016,5.8302,26.97,CBH
P07986,30.0,7.0,Xylan,0.2414,5.8302,26.97,CBH
P07986,30.0,8.0,Xylan,0.2311,5.8302,26.97,CBH
P07986,40.0,4.0,Xylan,0.1336,5.8302,26.97,CBH
P07986,40.0,5.0,Xylan,0.2619,5.8302,26.97,CBH
P07986,40.0,6.0,Xylan,0.3682,5.8302,26.97,CBH
P07986,40.0,7.0,Xylan,0.4204,5.8302,26.97,CBH
P07986,40.0,8.0,Xylan,0.4071,5.8302,26.97,CBH
P07986,50.0,4.0,Xylan,0.1926,5.8302,26.97,CBH
P07986,50.0,5.0,Xylan,0.3445,5.8302,26.97,CBH
P07986,50.0,6.0,Xylan,0.4629,5.8302,26.97,CBH
P07986,50.0,7.0,Xylan,0.5195,5.8302,26.97,CBH
P07986,50.0,8.0,Xylan,0.5052,5.8302,26.97,CBH
P07986,60.0,4.0,Xylan,0.1862,5.8302,26.97,CBH
P07986,60.0,5.0,Xylan,0.3359,5.8302,26.97,CBH
P07986,60.0,6.0,Xylan,0.4531,5.8302,26.97,CBH
P07986,60.0,7.0,Xylan,0.5094,5.8302,26.97,CBH
P07986,60.0,8.0,Xylan,0.4951,5.8302,26.97,CBH
P07986,70.0,4.0,Xylan,0.1186,5.8302,26.97,CBH
P07986,70.0,5.0,Xylan,0.2395,5.8302,26.97,CBH
P07986,70.0,6.0,Xylan,0.3418,5.8302,26.97,CBH
P07986,70.0,7.0,Xylan,0.3925,5.8302,26.97,CBH
P07986,70.0,8.0,Xylan,0.3796,5.8302,26.97,CBH
P07986,30.0,4.0,Bagasse,0.1913,5.8302,26.97,CBH
P07986,30.0,5.0,Bagasse,0.3428,5.8302,26.97,CBH
P07986,30.0,6.0,Bagasse,0.4609,5.8302,26.97,CBH
P07986,30.0,7.0,Bagasse,0.5175,5.8302,26.97,CBH
P07986,30.0,8.0,Bagasse,0.5032,5.8302,26.97,CBH
P07986,40.0,4.0,Bagasse,0.3542,5.8302,26.97,CBH
P07986,40.0,5.0,Bagasse,0.5454,5.8302,26.97,CBH
P07986,40.0,6.0,Bagasse,0.6807,5.8302,26.97,CBH
P07986,40.0,7.0,Bagasse,0.7422,5.8302,26.97,CBH
P07986,40.0,8.0,Bagasse,0.7268,5.8302,26.97,CBH
P07986,50.0,4.0,Bagasse,0.4476,5.8302,26.97,CBH
P07986,50.0,5.0,Bagasse,0.6518,5.8302,26.97,CBH
P07986,50.0,6.0,Bagasse,0.7897,5.8302,26.97,CBH
P07986,50.0,7.0,Bagasse,0.8495,5.8302,26.97,CBH
P07986,50.0,8.0,Bagasse,0.8348,5.8302,26.97,CBH
P07986,60.0,4.0,Bagasse,0.438,5.8302,26.97,CBH
P07986,60.0,5.0,Bagasse,0.6411,5.8302,26.97,CBH
P07986,60.0,6.0,Bagasse,0.779,5.8302,26.97,CBH
P07986,60.0,7.0,Bagasse,0.8392,5.8302,26.97,CBH
P07986,60.0,8.0,Bagasse,0.8243,5.8302,26.97,CBH
P07986,70.0,4.0,Bagasse,0.3283,5.8302,26.97,CBH
P07986,70.0,5.0,Bagasse,0.5148,5.8302,26.97,CBH
P07986,70.0,6.0,Bagasse,0.6485,5.8302,26.97,CBH
P07986,70.0,7.0,Bagasse,0.7097,5.8302,26.97,CBH
P07986,70.0,8.0,Bagasse,0.6944,5.8302,26.97,CBH
B2ABX7,30.0,4.0,Cellulose,0.3361,1.459,26.48,CBH
B2ABX7,30.0,5.0,Cellulose,0.3127,1.459,26.48,CBH
B2ABX7,30.0,6.0,Cellulose,0.2375,1.459,26.48,CBH
B2ABX7,30.0,7.0,Cellulose,0.1345,1.459,26.48,CBH
B2ABX7,30.0,8.0,Cellulose,0.0468,1.459,26.48,CBH
B2ABX7,40.0,4.0,Cellulose,0.5358,1.459,26.48,CBH
B2ABX7,40.0,5.0,Cellulose,0.5075,1.459,26.48,CBH
B2ABX7,40.0,6.0,Cellulose,0.4127,1.459,26.48,CBH
B2ABX7,40.0,7.0,Cellulose,0.2701,1.459,26.48,CBH
B2ABX7,40.0,8.0,Cellulose,0.1217,1.459,26.48,CBH
B2ABX7,50.0,4.0,Cellulose,0.6435,1.459,26.48,CBH
B2ABX7,50.0,5.0,Cellulose,0.6137,1.459,26.48,CBH
B2ABX7,50.0,6.0,Cellulose,0.5123,1.459,26.48,CBH
B2ABX7,50.0,7.0,Cellulose,0.3541,1.459,26.48,CBH
B2ABX7,50.0,8.0,Cellulose,0.1774,1.459,26.48,CBH
B2ABX7,60.0,4.0,Cellulose,0.6365,1.459,26.48,CBH
B2ABX7,60.0,5.0,Cellulose,0.6068,1.459,26.48,CBH
B2ABX7,60.0,6.0,Cellulose,0.5057,1.459,26.48,CBH
B2ABX7,60.0,7.0,Cellulose,0.3485,1.459,26.48,CBH
B2ABX7,60.0,8.0,Cellulose,0.1735,1.459,26.48,CBH
B2ABX7,70.0,4.0,Cellulose,0.5158,1.459,26.48,CBH
B2ABX7,70.0,5.0,Cellulose,0.4879,1.459,26.48,CBH
B2ABX7,70.0,6.0,Cellulose,0.3946,1.459,26.48,CBH
B2ABX7,70.0,7.0,Cellulose,0.2553,1.459,26.48,CBH
B2ABX7,70.0,8.0,Cellulose,0.1125,1.459,26.48,CBH
B2ABX7,30.0,4.0,Xylan,0.1023,1.459,26.48,CBH
B2ABX7,30.0,5.0,Xylan,0.0909,1.459,26.48,CBH
B2ABX7,30.0,6.0,Xylan,0.058,1.459,26.48,CBH
B2ABX7,30.0,7.0,Xylan,0.024,1.459,26.48,CBH
B2ABX7,30.0,8.0,Xylan,0.0059,1.459,26.48,CBH
B2ABX7,40.0,4.0,Xylan,0.2204,1.459,26.48,CBH
B2ABX7,40.0,5.0,Xylan,0.2017,1.459,26.48,CBH
B2ABX7,40.0,6.0,Xylan,0.1436,1.459,26.48,CBH
B2ABX7,40.0,7.0,Xylan,0.0715,1.459,26.48,CBH
B2ABX7,40.0,8.0,Xylan,0.0208,1.459,26.48,CBH
B2ABX7,50.0,4.0,Xylan,0.2968,1.459,26.48,CBH
B2ABX7,50.0,5.0,Xylan,0.2748,1.459,26.48,CBH
B2ABX7,50.0,6.0,Xylan,0.2048,1.459,26.48,CBH
B2ABX7,50.0,7.0,Xylan,0.1115,1.459,26.48,CBH
B2ABX7,50.0,8.0,Xylan,0.0366,1.459,26.48,CBH
B2ABX7,60.0,4.0,Xylan,0.2916,1.459,26.48,CBH
B2ABX7,60.0,5.0,Xylan,0.2698,1.459,26.48,CBH
B2ABX7,60.0,6.0,Xylan,0.2005,1.459,26.48,CBH
B2ABX7,60.0,7.0,Xylan,0.1086,1.459,26.48,CBH
B2ABX7,60.0,8.0,Xylan,0.0353,1.459,26.48,CBH
B2ABX7,70.0,4.0,Xylan,0.2071,1.459,26.48,CBH
B2ABX7,70.0,5.0,Xylan,0.1891,1.459,26.48,CBH
B2ABX7,70.0,6.0,Xylan,0.1334,1.459,26.48,CBH
B2ABX7,70.0,7.0,Xylan,0.0652,1.459,26.48,CBH
B2ABX7,70.0,8.0,Xylan,0.0186,1.459,26.48,CBH
B2ABX7,30.0,4.0,Bagasse,0.29,1.459,26.48,CBH
B2ABX7,30.0,5.0,Bagasse,0.2683,1.459,26.48,CBH
B2ABX7,30.0,6.0,Bagasse,0.1993,1.459,26.48,CBH
B2ABX7,30.0,7.0,Bagasse,0.1077,1.459,26.48,CBH
B2ABX7,30.0,8.0,Bagasse,0.035,1.459,26.48,CBH
B2ABX7,40.0,4.0,Bagasse,0.4795,1.459,26.48,CBH
B2ABX7,40.0,5.0,Bagasse,0.4523,1.459,26.48,CBH
B2ABX7,40.0,6.0,Bagasse,0.362,1.459,26.48,CBH
B2ABX7,40.0,7.0,Bagasse,0.229,1.459,26.48,CBH
B2ABX7,40.0,8.0,Bagasse,0.0968,1.459,26.48,CBH
B2ABX7,50.0,4.0,Bagasse,0.584,1.459,26.48,CBH
B2ABX7,50.0,5.0,Bagasse,0.5549,1.459,26.48,CBH
B2ABX7,50.0,6.0,Bagasse,0.4569,1.459,26.48,CBH
B2ABX7,50.0,7.0,Bagasse,0.3069,1.459,26.48,CBH
B2ABX7,50.0,8.0,Bagasse,0.1454,1.459,26.48,CBH
B2ABX7,60.0,4.0,Bagasse,0.5772,1.459,26.48,CBH
B2ABX7,60.0,5.0,Bagasse,0.5482,1.459,26.48,CBH
B2ABX7,60.0,6.0,Bagasse,0.4506,1.459,26.48,CBH
B2ABX7,60.0,7.0,Bagasse,0.3016,1.459,26.48,CBH
B2ABX7,60.0,8.0,Bagasse,0.1419,1.459,26.48,CBH
B2ABX7,70.0,4.0,Bagasse,0.4603,1.459,26.48,CBH
B2ABX7,70.0,5.0,Bagasse,0.4335,1.459,26.48,CBH
B2ABX7,70.0,6.0,Bagasse,0.3449,1.459,26.48,CBH
B2ABX7,70.0,7.0,Bagasse,0.2155,1.459,26.48,CBH
B2ABX7,70.0,8.0,Bagasse,0.0889,1.459,26.48,CBH
Q5B2E8,30.0,4.0,Cellulose,0.5206,8.8168,25.57,CBH
Q5B2E8,30.0,5.0,Cellulose,0.5933,8.8168,25.57,CBH
Q5B2E8,30.0,6.0,Cellulose,0.5933,8.8168,25.57,CBH
Q5B2E8,30.0,7.0,Cellulose,0.5206,8.8168,25.57,CBH
Q5B2E8,30.0,8.0,Cellulose,0.3854,8.8168,25.57,CBH
Q5B2E8,40.0,4.0,Cellulose,0.7541,8.8168,25.57,CBH
Q5B2E8,40.0,5.0,Cellulose,0.8295,8.8168,25.57,CBH
Q5B2E8,40.0,6.0,Cellulose,0.8295,8.8168,25.57,CBH
Q5B2E8,40.0,7.0,Cellulose,0.7541,8.8168,25.57,CBH
Q5B2E8,40.0,8.0,Cellulose,0.6025,8.8168,25.57,CBH
Q5B2E8,50.0,4.0,Cellulose,0.8704,8.8168,25.57,CBH
Q5B2E8,50.0,5.0,Cellulose,0.9358,8.8168,25.57,CBH
Q5B2E8,50.0,6.0,Cellulose,0.9358,8.8168,25.57,CBH
Q5B2E8,50.0,7.0,Cellulose,0.8704,8.8168,25.57,CBH
Q5B2E8,50.0,8.0,Cellulose,0.7206,8.8168,25.57,CBH
Q5B2E8,60.0,4.0,Cellulose,0.8704,8.8168,25.57,CBH
Q5B2E8,60.0,5.0,Cellulose,0.9358,8.8168,25.57,CBH
Q5B2E8,60.0,6.0,Cellulose,0.9358,8.8168,25.57,CBH
Q5B2E8,60.0,7.0,Cellulose,0.8704,8.8168,25.57,CBH
Q5B2E8,60.0,8.0,Cellulose,0.7206,8.8168,25.57,CBH
Q5B2E8,70.0,4.0,Cellulose,0.7541,8.8168,25.57,CBH
Q5B2E8,70.0,5.0,Cellulose,0.8295,8.8168,25.57,CBH
Q5B2E8,70.0,6.0,Cellulose,0.8295,8.8168,25.57,CBH
Q5B2E8,70.0,7.0,Cellulose,0.7541,8.8168,25.57,CBH
Q5B2E8,70.0,8.0,Cellulose,0.6025,8.8168,25.57,CBH
Q5B2E8,30.0,4.0,Xylan,0.2083,8.8168,25.57,CBH
Q5B2E8,30.0,5.0,Xylan,0.2581,8.8168,25.57,CBH
Q5B2E8,30.0,6.0,Xylan,0.2581,8.8168,25.57,CBH
Q5B2E8,30.0,7.0,Xylan,0.2083,8.8168,25.57,CBH
Q5B2E8,30.0,8.0,Xylan,0.1265,8.8168,25.57,CBH
Q5B2E8,40.0,4.0,Xylan,0.3818,8.8168,25.57,CBH
Q5B2E8,40.0,5.0,Xylan,0.4473,8.8168,25.57,CBH
Q5B2E8,40.0,6.0,Xylan,0.4473,8.8168,25.57,CBH
Q5B2E8,40.0,7.0,Xylan,0.3818,8.8168,25.57,CBH
Q5B2E8,40.0,8.0,Xylan,0.2648,8.8168,25.57,CBH
Q5B2E8,50.0,4.0,Xylan,0.4858,8.8168,25.57,CBH
Q5B2E8,50.0,5.0,Xylan,0.5571,8.8168,25.57,CBH
Q5B2E8,50.0,6.0,Xylan,0.5571,8.8168,25.57,CBH
Q5B2E8,50.0,7.0,Xylan,0.4858,8.8168,25.57,CBH
Q5B2E8,50.0,8.0,Xylan,0.3545,8.8168,25.57,CBH
Q5B2E8,60.0,4.0,Xylan,0.4858,8.8168,25.57,CBH
Q5B2E8,60.0,5.0,Xylan,0.5571,8.8168,25.57,CBH
Q5B2E8,60.0,6.0,Xylan,0.5571,8.8168,25.57,CBH
Q5B2E8,60.0,7.0,Xylan,0.4858,8.8168,25.57,CBH
Q5B2E8,60.0,8.0,Xylan,0.3545,8.8168,25.57,CBH
Q5B2E8,70.0,4.0,Xylan,0.3818,8.8168,25.57,CBH
Q5B2E8,70.0,5.0,Xylan,0.4473,8.8168,25.57,CBH
Q5B2E8,70.0,6.0,Xylan,0.4473,8.8168,25.57,CBH
Q5B2E8,70.0,7.0,Xylan,0.3818,8.8168,25.57,CBH
Q5B2E8,70.0,8.0,Xylan,0.2648,8.8168,25.57,CBH
Q5B2E8,30.0,4.0,Bagasse,0.4645,8.8168,25.57,CBH
Q5B2E8,30.0,5.0,Bagasse,0.5347,8.8168,25.57,CBH
Q5B2E8,30.0,6.0,Bagasse,0.5347,8.8168,25.57,CBH
Q5B2E8,30.0,7.0,Bagasse,0.4645,8.8168,25.57,CBH
Q5B2E8,30.0,8.0,Bagasse,0.3358,8.8168,25.57,CBH
Q5B2E8,40.0,4.0,Bagasse,0.6928,8.8168,25.57,CBH
Q5B2E8,40.0,5.0,Bagasse,0.7691,8.8168,25.57,CBH
Q5B2E8,40.0,6.0,Bagasse,0.7691,8.8168,25.57,CBH
Q5B2E8,40.0,7.0,Bagasse,0.6928,8.8168,25.57,CBH
Q5B2E8,40.0,8.0,Bagasse,0.5437,8.8168,25.57,CBH
Q5B2E8,50.0,4.0,Bagasse,0.8117,8.8168,25.57,CBH
Q5B2E8,50.0,5.0,Bagasse,0.8843,8.8168,25.57,CBH
Q5B2E8,50.0,6.0,Bagasse,0.8843,8.8168,25.57,CBH
Q5B2E8,50.0,7.0,Bagasse,0.8117,8.8168,25.57,CBH
Q5B2E8,50.0,8.0,Bagasse,0.6595,8.8168,25.57,CBH
Q5B2E8,60.0,4.0,Bagasse,0.8117,8.8168,25.57,CBH
Q5B2E8,60.0,5.0,Bagasse,0.8843,8.8168,25.57,CBH
Q5B2E8,60.0,6.0,Bagasse,0.8843,8.8168,25.57,CBH
Q5B2E8,60.0,7.0,Bagasse,0.8117,8.8168,25.57,CBH
Q5B2E8,60.0,8.0,Bagasse,0.6595,8.8168,25.57,CBH
Q5B2E8,70.0,4.0,Bagasse,0.6928,8.8168,25.57,CBH
Q5B2E8,70.0,5.0,Bagasse,0.7691,8.8168,25.57,CBH
Q5B2E8,70.0,6.0,Bagasse,0.7691,8.8168,25.57,CBH
Q5B2E8,70.0,7.0,Bagasse,0.6928,8.8168,25.57,CBH
Q5B2E8,70.0,8.0,Bagasse,0.5437,8.8168,25.57,CBH
Q9UVS8,30.0,4.0,Cellulose,0.2683,5.1194,27.33,CBH
Q9UVS8,30.0,5.0,Cellulose,0.4216,5.1194,27.33,CBH
Q9UVS8,30.0,6.0,Cellulose,0.5264,5.1194,27.33,CBH
Q9UVS8,30.0,7.0,Cellulose,0.5629,5.1194,27.33,CBH
Q9UVS8,30.0,8.0,Cellulose,0.5264,5.1194,27.33,CBH
Q9UVS8,40.0,4.0,Cellulose,0.4524,5.1194,27.33,CBH
Q9UVS8,40.0,5.0,Cellulose,0.6342,5.1194,27.33,CBH
Q9UVS8,40.0,6.0,Cellulose,0.749,5.1194,27.33,CBH
Q9UVS8,40.0,7.0,Cellulose,0.7872,5.1194,27.33,CBH
Q9UVS8,40.0,8.0,Cellulose,0.749,5.1194,27.33,CBH
Q9UVS8,50.0,4.0,Cellulose,0.5514,5.1194,27.33,CBH
Q9UVS8,50.0,5.0,Cellulose,0.7406,5.1194,27.33,CBH
Q9UVS8,50.0,6.0,Cellulose,0.8535,5.1194,27.33,CBH
Q9UVS8,50.0,7.0,Cellulose,0.8888,5.1194,27.33,CBH
Q9UVS8,50.0,8.0,Cellulose,0.8535,5.1194,27.33,CBH
Q9UVS8,60.0,4.0,Cellulose,0.5388,5.1194,27.33,CBH
Q9UVS8,60.0,5.0,Cellulose,0.7274,5.1194,27.33,CBH
Q9UVS8,60.0,6.0,Cellulose,0.841,5.1194,27.33,CBH
Q9UVS8,60.0,7.0,Cellulose,0.8769,5.1194,27.33,CBH
Q9UVS8,60.0,8.0,Cellulose,0.841,5.1194,27.33,CBH
Q9UVS8,70.0,4.0,Cellulose,0.4174,5.1194,27.33,CBH
Q9UVS8,70.0,5.0,Cellulose,0.5954,5.1194,27.33,CBH
Q9UVS8,70.0,6.0,Cellulose,0.7094,5.1194,27.33,CBH
Q9UVS8,70.0,7.0,Cellulose,0.7478,5.1194,27.33,CBH
Q9UVS8,70.0,8.0,Cellulose,0.7094,5.1194,27.33,CBH
Q9UVS8,30.0,4.0,Xylan,0.0667,5.1194,27.33,CBH
Q9UVS8,30.0,5.0,Xylan,0.1426,5.1194,27.33,CBH
Q9UVS8,30.0,6.0,Xylan,0.2075,5.1194,27.33,CBH
Q9UVS8,30.0,7.0,Xylan,0.2322,5.1194,27.33,CBH
Q9UVS8,30.0,8.0,Xylan,0.2075,5.1194,27.33,CBH
Q9UVS8,40.0,4.0,Xylan,0.1607,5.1194,27.33,CBH
Q9UVS8,40.0,5.0,Xylan,0.2835,5.1194,27.33,CBH
Q9UVS8,40.0,6.0,Xylan,0.3739,5.1194,27.33,CBH
Q9UVS8,40.0,7.0,Xylan,0.4064,5.1194,27.33,CBH
Q9UVS8,40.0,8.0,Xylan,0.3739,5.1194,27.33,CBH
Q9UVS8,50.0,4.0,Xylan,0.2243,5.1194,27.33,CBH
Q9UVS8,50.0,5.0,Xylan,0.367,5.1194,27.33,CBH
Q9UVS8,50.0,6.0,Xylan,0.4669,5.1194,27.33,CBH
Q9UVS8,50.0,7.0,Xylan,0.5021,5.1194,27.33,CBH
Q9UVS8,50.0,8.0,Xylan,0.4669,5.1194,27.33,CBH
Q9UVS8,60.0,4.0,Xylan,0.2158,5.1194,27.33,CBH
Q9UVS8,60.0,5.0,Xylan,0.3561,5.1194,27.33,CBH
Q9UVS8,60.0,6.0,Xylan,0.455,5.1194,27.33,CBH
Q9UVS8,60.0,7.0,Xylan,0.4899,5.1194,27.33,CBH
Q9UVS8,60.0,8.0,Xylan,0.455,5.1194,27.33,CBH
Q9UVS8,70.0,4.0,Xylan,0.1402,5.1194,27.33,CBH
Q9UVS8,70.0,5.0,Xylan,0.2551,5.1194,27.33,CBH
Q9UVS8,70.0,6.0,Xylan,0.3416,5.1194,27.33,CBH
Q9UVS8,70.0,7.0,Xylan,0.3729,5.1194,27.33,CBH
Q9UVS8,70.0,8.0,Xylan,0.3416,5.1194,27.33,CBH
Q9UVS8,30.0,4.0,Bagasse,0.2261,5.1194,27.33,CBH
Q9UVS8,30.0,5.0,Bagasse,0.3692,5.1194,27.33,CBH
Q9UVS8,30.0,6.0,Bagasse,0.4693,5.1194,27.33,CBH
Q9UVS8,30.0,7.0,Bagasse,0.5046,5.1194,27.33,CBH
Q9UVS8,30.0,8.0,Bagasse,0.4693,5.1194,27.33,CBH
Q9UVS8,40.0,4.0,Bagasse,0.3984,5.1194,27.33,CBH
Q9UVS8,40.0,5.0,Bagasse,0.574,5.1194,27.33,CBH
Q9UVS8,40.0,6.0,Bagasse,0.6874,5.1194,27.33,CBH
Q9UVS8,40.0,7.0,Bagasse,0.7258,5.1194,27.33,CBH
Q9UVS8,40.0,8.0,Bagasse,0.6874,5.1194,27.33,CBH
Q9UVS8,50.0,4.0,Bagasse,0.4935,5.1194,27.33,CBH
Q9UVS8,50.0,5.0,Bagasse,0.679,5.1194,27.33,CBH
Q9UVS8,50.0,6.0,Bagasse,0.7939,5.1194,27.33,CBH
Q9UVS8,50.0,7.0,Bagasse,0.8314,5.1194,27.33,CBH
Q9UVS8,50.0,8.0,Bagasse,0.7939,5.1194,27.33,CBH
Q9UVS8,60.0,4.0,Bagasse,0.4813,5.1194,27.33,CBH
Q9UVS8,60.0,5.0,Bagasse,0.6659,5.1194,27.33,CBH
Q9UVS8,60.0,6.0,Bagasse,0.7808,5.1194,27.33,CBH
Q9UVS8,60.0,7.0,Bagasse,0.8186,5.1194,27.33,CBH
Q9UVS8,60.0,8.0,Bagasse,0.7808,5.1194,27.33,CBH
Q9UVS8,70.0,4.0,Bagasse,0.3652,5.1194,27.33,CBH
Q9UVS8,70.0,5.0,Bagasse,0.5361,5.1194,27.33,CBH
Q9UVS8,70.0,6.0,Bagasse,0.648,5.1194,27.33,CBH
Q9UVS8,70.0,7.0,Bagasse,0.6862,5.1194,27.33,CBH
Q9UVS8,70.0,8.0,Bagasse,0.648,5.1194,27.33,CBH
B0Y8K2,30.0,4.0,Cellulose,0.8487,42.3022,27.66,CBH
B0Y8K2,30.0,5.0,Cellulose,0.9041,42.3022,27.66,CBH
B0Y8K2,30.0,6.0,Cellulose,0.8908,42.3022,27.66,CBH
B0Y8K2,30.0,7.0,Cellulose,0.8045,42.3022,27.66,CBH
B0Y8K2,30.0,8.0,Cellulose,0.6375,42.3022,27.66,CBH
B0Y8K2,40.0,4.0,Cellulose,0.9938,42.3022,27.66,CBH
B0Y8K2,40.0,5.0,Cellulose,0.9993,42.3022,27.66,CBH
B0Y8K2,40.0,6.0,Cellulose,0.9987,42.3022,27.66,CBH
B0Y8K2,40.0,7.0,Cellulose,0.9808,42.3022,27.66,CBH
B0Y8K2,40.0,8.0,Cellulose,0.8575,42.3022,27.66,CBH
B0Y8K2,50.0,4.0,Cellulose,0.9999,42.3022,27.66,CBH
B0Y8K2,50.0,5.0,Cellulose,1.0,42.3022,27.66,CBH
B0Y8K2,50.0,6.0,Cellulose,1.0,42.3022,27.66,CBH
B0Y8K2,50.0,7.0,Cellulose,0.9992,42.3022,27.66,CBH
B0Y8K2,50.0,8.0,Cellulose,0.945,42.3022,27.66,CBH
B0Y8K2,60.0,4.0,Cellulose,0.9998,42.3022,27.66,CBH
B0Y8K2,60.0,5.0,Cellulose,1.0,42.3022,27.66,CBH
B0Y8K2,60.0,6.0,Cellulose,1.0,42.3022,27.66,CBH
B0Y8K2,60.0,7.0,Cellulose,0.9985,42.3022,27.66,CBH
B0Y8K2,60.0,8.0,Cellulose,0.9336,42.3022,27.66,CBH
B0Y8K2,70.0,4.0,Cellulose,0.9805,42.3022,27.66,CBH
B0Y8K2,70.0,5.0,Cellulose,0.996,42.3022,27.66,CBH
B0Y8K2,70.0,6.0,Cellulose,0.9937,42.3022,27.66,CBH
B0Y8K2,70.0,7.0,Cellulose,0.9567,42.3022,27.66,CBH
B0Y8K2,70.0,8.0,Cellulose,0.8129,42.3022,27.66,CBH
B0Y8K2,30.0,4.0,Xylan,0.465,42.3022,27.66,CBH
B0Y8K2,30.0,5.0,Xylan,0.5212,42.3022,27.66,CBH
B0Y8K2,30.0,6.0,Xylan,0.5069,42.3022,27.66,CBH
B0Y8K2,30.0,7.0,Xylan,0.4244,42.3022,27.66,CBH
B0Y8K2,30.0,8.0,Xylan,0.289,42.3022,27.66,CBH
B0Y8K2,40.0,4.0,Xylan,0.6784,42.3022,27.66,CBH
B0Y8K2,40.0,5.0,Xylan,0.7394,42.3022,27.66,CBH
B0Y8K2,40.0,6.0,Xylan,0.7241,42.3022,27.66,CBH
B0Y8K2,40.0,7.0,Xylan,0.633,42.3022,27.66,CBH
B0Y8K2,40.0,8.0,Xylan,0.4734,42.3022,27.66,CBH
B0Y8K2,50.0,4.0,Xylan,0.7819,42.3022,27.66,CBH
B0Y8K2,50.0,5.0,Xylan,0.8415,42.3022,27.66,CBH
B0Y8K2,50.0,6.0,Xylan,0.8268,42.3022,27.66,CBH
B0Y8K2,50.0,7.0,Xylan,0.7363,42.3022,27.66,CBH
B0Y8K2,50.0,8.0,Xylan,0.5705,42.3022,27.66,CBH
B0Y8K2,60.0,4.0,Xylan,0.7665,42.3022,27.66,CBH
B0Y8K2,60.0,5.0,Xylan,0.8266,42.3022,27.66,CBH
B0Y8K2,60.0,6.0,Xylan,0.8117,42.3022,27.66,CBH
B0Y8K2,60.0,7.0,Xylan,0.7208,42.3022,27.66,CBH
B0Y8K2,60.0,8.0,Xylan,0.5557,42.3022,27.66,CBH
B0Y8K2,70.0,4.0,Xylan,0.6323,42.3022,27.66,CBH
B0Y8K2,70.0,5.0,Xylan,0.6929,42.3022,27.66,CBH
B0Y8K2,70.0,6.0,Xylan,0.6777,42.3022,27.66,CBH
B0Y8K2,70.0,7.0,Xylan,0.5876,42.3022,27.66,CBH
B0Y8K2,70.0,8.0,Xylan,0.4319,42.3022,27.66,CBH
B0Y8K2,30.0,4.0,Bagasse,0.7892,42.3022,27.66,CBH
B0Y8K2,30.0,5.0,Bagasse,0.8485,42.3022,27.66,CBH
B0Y8K2,30.0,6.0,Bagasse,0.834,42.3022,27.66,CBH
B0Y8K2,30.0,7.0,Bagasse,0.7437,42.3022,27.66,CBH
B0Y8K2,30.0,8.0,Bagasse,0.5777,42.3022,27.66,CBH
B0Y8K2,40.0,4.0,Bagasse,0.974,42.3022,27.66,CBH
B0Y8K2,40.0,5.0,Bagasse,0.9938,42.3022,27.66,CBH
B0Y8K2,40.0,6.0,Bagasse,0.9906,42.3022,27.66,CBH
B0Y8K2,40.0,7.0,Bagasse,0.947,42.3022,27.66,CBH
B0Y8K2,40.0,8.0,Bagasse,0.7984,42.3022,27.66,CBH
B0Y8K2,50.0,4.0,Bagasse,0.9985,42.3022,27.66,CBH
B0Y8K2,50.0,5.0,Bagasse,0.9999,42.3022,27.66,CBH
B0Y8K2,50.0,6.0,Bagasse,0.9998,42.3022,27.66,CBH
B0Y8K2,50.0,7.0,Bagasse,0.9932,42.3022,27.66,CBH
B0Y8K2,50.0,8.0,Bagasse,0.8961,42.3022,27.66,CBH
B0Y8K2,60.0,4.0,Bagasse,0.9974,42.3022,27.66,CBH
B0Y8K2,60.0,5.0,Bagasse,0.9998,42.3022,27.66,CBH
B0Y8K2,60.0,6.0,Bagasse,0.9996,42.3022,27.66,CBH
B0Y8K2,60.0,7.0,Bagasse,0.9897,42.3022,27.66,CBH
B0Y8K2,60.0,8.0,Bagasse,0.8824,42.3022,27.66,CBH
B0Y8K2,70.0,4.0,Bagasse,0.9465,42.3022,27.66,CBH
B0Y8K2,70.0,5.0,Bagasse,0.9805,42.3022,27.66,CBH
B0Y8K2,70.0,6.0,Bagasse,0.9737,42.3022,27.66,CBH
B0Y8K2,70.0,7.0,Bagasse,0.9112,42.3022,27.66,CBH
B0Y8K2,70.0,8.0,Bagasse,0.7523,42.3022,27.66,CBH
B2AE04,30.0,4.0,Cellulose,0.2952,9.7378,27.17,CBH
B2AE04,30.0,5.0,Cellulose,0.4752,9.7378,27.17,CBH
B2AE04,30.0,6.0,Cellulose,0.6063,9.7378,27.17,CBH
B2AE04,30.0,7.0,Cellulose,0.667,9.7378,27.17,CBH
B2AE04,30.0,8.0,Cellulose,0.6518,9.7378,27.17,CBH
B2AE04,40.0,4.0,Cellulose,0.4871,9.7378,27.17,CBH
B2AE04,40.0,5.0,Cellulose,0.6953,9.7378,27.17,CBH
B2AE04,40.0,6.0,Cellulose,0.8324,9.7378,27.17,CBH
B2AE04,40.0,7.0,Cellulose,0.8896,9.7378,27.17,CBH
B2AE04,40.0,8.0,Cellulose,0.8758,9.7378,27.17,CBH
B2AE04,50.0,4.0,Cellulose,0.5895,9.7378,27.17,CBH
B2AE04,50.0,5.0,Cellulose,0.8029,9.7378,27.17,CBH
B2AE04,50.0,6.0,Cellulose,0.9287,9.7378,27.17,CBH
B2AE04,50.0,7.0,Cellulose,0.9694,9.7378,27.17,CBH
B2AE04,50.0,8.0,Cellulose,0.9607,9.7378,27.17,CBH
B2AE04,60.0,4.0,Cellulose,0.5778,9.7378,27.17,CBH
B2AE04,60.0,5.0,Cellulose,0.7911,9.7378,27.17,CBH
B2AE04,60.0,6.0,Cellulose,0.9191,9.7378,27.17,CBH
B2AE04,60.0,7.0,Cellulose,0.9627,9.7378,27.17,CBH
B2AE04,60.0,8.0,Cellulose,0.9532,9.7378,27.17,CBH
B2AE04,70.0,4.0,Cellulose,0.4543,9.7378,27.17,CBH
B2AE04,70.0,5.0,Cellulose,0.6594,9.7378,27.17,CBH
B2AE04,70.0,6.0,Cellulose,0.7973,9.7378,27.17,CBH
B2AE04,70.0,7.0,Cellulose,0.8566,9.7378,27.17,CBH
B2AE04,70.0,8.0,Cellulose,0.8421,9.7378,27.17,CBH
B2AE04,30.0,4.0,Xylan,0.0779,9.7378,27.17,CBH
B2AE04,30.0,5.0,Xylan,0.1743,9.7378,27.17,CBH
B2AE04,30.0,6.0,Xylan,0.2627,9.7378,27.17,CBH
B2AE04,30.0,7.0,Xylan,0.308,9.7378,27.17,CBH
B2AE04,30.0,8.0,Xylan,0.2963,9.7378,27.17,CBH
B2AE04,40.0,4.0,Xylan,0.1817,9.7378,27.17,CBH
B2AE04,40.0,5.0,Xylan,0.33,9.7378,27.17,CBH
B2AE04,40.0,6.0,Xylan,0.4466,9.7378,27.17,CBH
B2AE04,40.0,7.0,Xylan,0.5026,9.7378,27.17,CBH
B2AE04,40.0,8.0,Xylan,0.4884,9.7378,27.17,CBH
B2AE04,50.0,4.0,Xylan,0.2505,9.7378,27.17,CBH
B2AE04,50.0,5.0,Xylan,0.4199,9.7378,27.17,CBH
B2AE04,50.0,6.0,Xylan,0.5465,9.7378,27.17,CBH
B2AE04,50.0,7.0,Xylan,0.6059,9.7378,27.17,CBH
B2AE04,50.0,8.0,Xylan,0.5909,9.7378,27.17,CBH
B2AE04,60.0,4.0,Xylan,0.2423,9.7378,27.17,CBH
B2AE04,60.0,5.0,Xylan,0.4095,9.7378,27.17,CBH
B2AE04,60.0,6.0,Xylan,0.5351,9.7378,27.17,CBH
B2AE04,60.0,7.0,Xylan,0.5942,9.7378,27.17,CBH
B2AE04,60.0,8.0,Xylan,0.5792,9.7378,27.17,CBH
B2AE04,70.0,4.0,Xylan,0.1615,9.7378,27.17,CBH
B2AE04,70.0,5.0,Xylan,0.3021,9.7378,27.17,CBH
B2AE04,70.0,6.0,Xylan,0.4149,9.7378,27.17,CBH
B2AE04,70.0,7.0,Xylan,0.4695,9.7378,27.17,CBH
B2AE04,70.0,8.0,Xylan,0.4556,9.7378,27.17,CBH
B2AE04,30.0,4.0,Bagasse,0.2507,9.7378,27.17,CBH
B2AE04,30.0,5.0,Bagasse,0.4201,9.7378,27.17,CBH
B2AE04,30.0,6.0,Bagasse,0.5467,9.7378,27.17,CBH
B2AE04,30.0,7.0,Bagasse,0.6061,9.7378,27.17,CBH
B2AE04,30.0,8.0,Bagasse,0.5911,9.7378,27.17,CBH
B2AE04,40.0,4.0,Bagasse,0.4315,9.7378,27.17,CBH
B2AE04,40.0,5.0,Bagasse,0.634,9.7378,27.17,CBH
B2AE04,40.0,6.0,Bagasse,0.7719,9.7378,27.17,CBH
B2AE04,40.0,7.0,Bagasse,0.8322,9.7378,27.17,CBH
B2AE04,40.0,8.0,Bagasse,0.8173,9.7378,27.17,CBH
B2AE04,50.0,4.0,Bagasse,0.5303,9.7378,27.17,CBH
B2AE04,50.0,5.0,Bagasse,0.7417,9.7378,27.17,CBH
B2AE04,50.0,6.0,Bagasse,0.876,9.7378,27.17,CBH
B2AE04,50.0,7.0,Bagasse,0.9285,9.7378,27.17,CBH
B2AE04,50.0,8.0,Bagasse,0.9162,9.7378,27.17,CBH
B2AE04,60.0,4.0,Bagasse,0.519,9.7378,27.17,CBH
B2AE04,60.0,5.0,Bagasse,0.7297,9.7378,27.17,CBH
B2AE04,60.0,6.0,Bagasse,0.865,9.7378,27.17,CBH
B2AE04,60.0,7.0,Bagasse,0.919,9.7378,27.17,CBH
B2AE04,60.0,8.0,Bagasse,0.9062,9.7378,27.17,CBH
B2AE04,70.0,4.0,Bagasse,0.4002,9.7378,27.17,CBH
B2AE04,70.0,5.0,Bagasse,0.5986,9.7378,27.17,CBH
B2AE04,70.0,6.0,Bagasse,0.7359,9.7378,27.17,CBH
B2AE04,70.0,7.0,Bagasse,0.7971,9.7378,27.17,CBH
B2AE04,70.0,8.0,Bagasse,0.7819,9.7378,27.17,CBH
G4MM92,30.0,4.0,Cellulose,0.4055,4.8873,26.54,CBH
G4MM92,30.0,5.0,Cellulose,0.5009,4.8873,26.54,CBH
G4MM92,30.0,6.0,Cellulose,0.5294,4.8873,26.54,CBH
G4MM92,30.0,7.0,Cellulose,0.4868,4.8873,26.54,CBH
G4MM92,30.0,8.0,Cellulose,0.3797,4.8873,26.54,CBH
G4MM92,40.0,4.0,Cellulose,0.62,4.8873,26.54,CBH
G4MM92,40.0,5.0,Cellulose,0.7263,4.8873,26.54,CBH
G4MM92,40.0,6.0,Cellulose,0.7569,4.8873,26.54,CBH
G4MM92,40.0,7.0,Cellulose,0.711,4.8873,26.54,CBH
G4MM92,40.0,8.0,Cellulose,0.5901,4.8873,26.54,CBH
G4MM92,50.0,4.0,Cellulose,0.7316,4.8873,26.54,CBH
G4MM92,50.0,5.0,Cellulose,0.8374,4.8873,26.54,CBH
G4MM92,50.0,6.0,Cellulose,0.8663,4.8873,26.54,CBH
G4MM92,50.0,7.0,Cellulose,0.8226,4.8873,26.54,CBH
G4MM92,50.0,8.0,Cellulose,0.701,4.8873,26.54,CBH
G4MM92,60.0,4.0,Cellulose,0.7244,4.8873,26.54,CBH
G4MM92,60.0,5.0,Cellulose,0.8305,4.8873,26.54,CBH
G4MM92,60.0,6.0,Cellulose,0.8596,4.8873,26.54,CBH
G4MM92,60.0,7.0,Cellulose,0.8156,4.8873,26.54,CBH
G4MM92,60.0,8.0,Cellulose,0.6938,4.8873,26.54,CBH
G4MM92,70.0,4.0,Cellulose,0.599,4.8873,26.54,CBH
G4MM92,70.0,5.0,Cellulose,0.7048,4.8873,26.54,CBH
G4MM92,70.0,6.0,Cellulose,0.7354,4.8873,26.54,CBH
G4MM92,70.0,7.0,Cellulose,0.6896,4.8873,26.54,CBH
G4MM92,70.0,8.0,Cellulose,0.5694,4.8873,26.54,CBH
G4MM92,30.0,4.0,Xylan,0.1361,4.8873,26.54,CBH
G4MM92,30.0,5.0,Xylan,0.1937,4.8873,26.54,CBH
G4MM92,30.0,6.0,Xylan,0.2124,4.8873,26.54,CBH
G4MM92,30.0,7.0,Xylan,0.1848,4.8873,26.54,CBH
G4MM92,30.0,8.0,Xylan,0.1219,4.8873,26.54,CBH
G4MM92,40.0,4.0,Xylan,0.2758,4.8873,26.54,CBH
G4MM92,40.0,5.0,Xylan,0.3578,4.8873,26.54,CBH
G4MM92,40.0,6.0,Xylan,0.3829,4.8873,26.54,CBH
G4MM92,40.0,7.0,Xylan,0.3455,4.8873,26.54,CBH
G4MM92,40.0,8.0,Xylan,0.2543,4.8873,26.54,CBH
G4MM92,50.0,4.0,Xylan,0.362,4.8873,26.54,CBH
G4MM92,50.0,5.0,Xylan,0.4536,4.8873,26.54,CBH
G4MM92,50.0,6.0,Xylan,0.4812,4.8873,26.54,CBH
G4MM92,50.0,7.0,Xylan,0.44,4.8873,26.54,CBH
G4MM92,50.0,8.0,Xylan,0.3375,4.8873,26.54,CBH
G4MM92,60.0,4.0,Xylan,0.3562,4.8873,26.54,CBH
G4MM92,60.0,5.0,Xylan,0.4472,4.8873,26.54,CBH
G4MM92,60.0,6.0,Xylan,0.4747,4.8873,26.54,CBH
G4MM92,60.0,7.0,Xylan,0.4337,4.8873,26.54,CBH
G4MM92,60.0,8.0,Xylan,0.3319,4.8873,26.54,CBH
G4MM92,70.0,4.0,Xylan,0.2606,4.8873,26.54,CBH
G4MM92,70.0,5.0,Xylan,0.3405,4.8873,26.54,CBH
G4MM92,70.0,6.0,Xylan,0.3652,4.8873,26.54,CBH
G4MM92,70.0,7.0,Xylan,0.3285,4.8873,26.54,CBH
G4MM92,70.0,8.0,Xylan,0.2397,4.8873,26.54,CBH
G4MM92,30.0,4.0,Bagasse,0.3545,4.8873,26.54,CBH
G4MM92,30.0,5.0,Bagasse,0.4453,4.8873,26.54,CBH
G4MM92,30.0,6.0,Bagasse,0.4727,4.8873,26.54,CBH
G4MM92,30.0,7.0,Bagasse,0.4318,4.8873,26.54,CBH
G4MM92,30.0,8.0,Bagasse,0.3302,4.8873,26.54,CBH
G4MM92,40.0,4.0,Bagasse,0.5605,4.8873,26.54,CBH
G4MM92,40.0,5.0,Bagasse,0.6651,4.8873,26.54,CBH
G4MM92,40.0,6.0,Bagasse,0.6956,4.8873,26.54,CBH
G4MM92,40.0,7.0,Bagasse,0.6499,4.8873,26.54,CBH
G4MM92,40.0,8.0,Bagasse,0.5315,4.8873,26.54,CBH
G4MM92,50.0,4.0,Bagasse,0.6703,4.8873,26.54,CBH
G4MM92,50.0,5.0,Bagasse,0.7772,4.8873,26.54,CBH
G4MM92,50.0,6.0,Bagasse,0.8074,4.8873,26.54,CBH
G4MM92,50.0,7.0,Bagasse,0.762,4.8873,26.54,CBH
G4MM92,50.0,8.0,Bagasse,0.64,4.8873,26.54,CBH
G4MM92,60.0,4.0,Bagasse,0.6632,4.8873,26.54,CBH
G4MM92,60.0,5.0,Bagasse,0.7701,4.8873,26.54,CBH
G4MM92,60.0,6.0,Bagasse,0.8004,4.8873,26.54,CBH
G4MM92,60.0,7.0,Bagasse,0.7548,4.8873,26.54,CBH
G4MM92,60.0,8.0,Bagasse,0.6329,4.8873,26.54,CBH
G4MM92,70.0,4.0,Bagasse,0.54,4.8873,26.54,CBH
G4MM92,70.0,5.0,Bagasse,0.6438,4.8873,26.54,CBH
G4MM92,70.0,6.0,Bagasse,0.6741,4.8873,26.54,CBH
G4MM92,70.0,7.0,Bagasse,0.6287,4.8873,26.54,CBH
G4MM92,70.0,8.0,Bagasse,0.5113,4.8873,26.54,CBH
O59843,30.0,4.0,Cellulose,0.9211,51.6211,27.49,CBH
O59843,30.0,5.0,Cellulose,0.902,51.6211,27.49,CBH
O59843,30.0,6.0,Cellulose,0.8098,51.6211,27.49,CBH
O59843,30.0,7.0,Cellulose,0.636,51.6211,27.49,CBH
O59843,30.0,8.0,Cellulose,0.4037,51.6211,27.49,CBH
O59843,40.0,4.0,Cellulose,0.9997,51.6211,27.49,CBH
O59843,40.0,5.0,Cellulose,0.9993,51.6211,27.49,CBH
O59843,40.0,6.0,Cellulose,0.9832,51.6211,27.49,CBH
O59843,40.0,7.0,Cellulose,0.8564,51.6211,27.49,CBH
O59843,40.0,8.0,Cellulose,0.609,51.6211,27.49,CBH
O59843,50.0,4.0,Cellulose,1.0,51.6211,27.49,CBH
O59843,50.0,5.0,Cellulose,1.0,51.6211,27.49,CBH
O59843,50.0,6.0,Cellulose,0.9994,51.6211,27.49,CBH
O59843,50.0,7.0,Cellulose,0.9448,51.6211,27.49,CBH
O59843,50.0,8.0,Cellulose,0.7125,51.6211,27.49,CBH
O59843,60.0,4.0,Cellulose,1.0,51.6211,27.49,CBH
O59843,60.0,5.0,Cellulose,1.0,51.6211,27.49,CBH
O59843,60.0,6.0,Cellulose,0.9989,51.6211,27.49,CBH
O59843,60.0,7.0,Cellulose,0.9344,51.6211,27.49,CBH
O59843,60.0,8.0,Cellulose,0.6983,51.6211,27.49,CBH
O59843,70.0,4.0,Cellulose,0.9984,51.6211,27.49,CBH
O59843,70.0,5.0,Cellulose,0.9963,51.6211,27.49,CBH
O59843,70.0,6.0,Cellulose,0.9627,51.6211,27.49,CBH
O59843,70.0,7.0,Cellulose,0.8154,51.6211,27.49,CBH
O59843,70.0,8.0,Cellulose,0.5677,51.6211,27.49,CBH
O59843,30.0,4.0,Xylan,0.5419,51.6211,27.49,CBH
O59843,30.0,5.0,Xylan,0.5205,51.6211,27.49,CBH
O59843,30.0,6.0,Xylan,0.4312,51.6211,27.49,CBH
O59843,30.0,7.0,Xylan,0.2903,51.6211,27.49,CBH
O59843,30.0,8.0,Xylan,0.1375,51.6211,27.49,CBH
O59843,40.0,4.0,Xylan,0.7614,51.6211,27.49,CBH
O59843,40.0,5.0,Xylan,0.7386,51.6211,27.49,CBH
O59843,40.0,6.0,Xylan,0.6403,51.6211,27.49,CBH
O59843,40.0,7.0,Xylan,0.4742,51.6211,27.49,CBH
O59843,40.0,8.0,Xylan,0.2705,51.6211,27.49,CBH
O59843,50.0,4.0,Xylan,0.8631,51.6211,27.49,CBH
O59843,50.0,5.0,Xylan,0.8416,51.6211,27.49,CBH
O59843,50.0,6.0,Xylan,0.7443,51.6211,27.49,CBH
O59843,50.0,7.0,Xylan,0.5718,51.6211,27.49,CBH
O59843,50.0,8.0,Xylan,0.3493,51.6211,27.49,CBH
O59843,60.0,4.0,Xylan,0.8497,51.6211,27.49,CBH
O59843,60.0,5.0,Xylan,0.8279,51.6211,27.49,CBH
O59843,60.0,6.0,Xylan,0.7301,51.6211,27.49,CBH
O59843,60.0,7.0,Xylan,0.5582,51.6211,27.49,CBH
O59843,60.0,8.0,Xylan,0.338,51.6211,27.49,CBH
O59843,70.0,4.0,Xylan,0.7187,51.6211,27.49,CBH
O59843,70.0,5.0,Xylan,0.6959,51.6211,27.49,CBH
O59843,70.0,6.0,Xylan,0.5984,51.6211,27.49,CBH
O59843,70.0,7.0,Xylan,0.4362,51.6211,27.49,CBH
O59843,70.0,8.0,Xylan,0.2412,51.6211,27.49,CBH
O59843,30.0,4.0,Bagasse,0.8678,51.6211,27.49,CBH
O59843,30.0,5.0,Bagasse,0.8463,51.6211,27.49,CBH
O59843,30.0,6.0,Bagasse,0.7493,51.6211,27.49,CBH
O59843,30.0,7.0,Bagasse,0.5766,51.6211,27.49,CBH
O59843,30.0,8.0,Bagasse,0.3533,51.6211,27.49,CBH
O59843,40.0,4.0,Bagasse,0.9968,51.6211,27.49,CBH
O59843,40.0,5.0,Bagasse,0.9936,51.6211,27.49,CBH
O59843,40.0,6.0,Bagasse,0.9512,51.6211,27.49,CBH
O59843,40.0,7.0,Bagasse,0.7975,51.6211,27.49,CBH
O59843,40.0,8.0,Bagasse,0.5503,51.6211,27.49,CBH
O59843,50.0,4.0,Bagasse,1.0,51.6211,27.49,CBH
O59843,50.0,5.0,Bagasse,0.9999,51.6211,27.49,CBH
O59843,50.0,6.0,Bagasse,0.9945,51.6211,27.49,CBH
O59843,50.0,7.0,Bagasse,0.8961,51.6211,27.49,CBH
O59843,50.0,8.0,Bagasse,0.6518,51.6211,27.49,CBH
O59843,60.0,4.0,Bagasse,0.9999,51.6211,27.49,CBH
O59843,60.0,5.0,Bagasse,0.9998,51.6211,27.49,CBH
O59843,60.0,6.0,Bagasse,0.9918,51.6211,27.49,CBH
O59843,60.0,7.0,Bagasse,0.8834,51.6211,27.49,CBH
O59843,60.0,8.0,Bagasse,0.6377,51.6211,27.49,CBH
O59843,70.0,4.0,Bagasse,0.989,51.6211,27.49,CBH
O59843,70.0,5.0,Bagasse,0.9813,51.6211,27.49,CBH
O59843,70.0,6.0,Bagasse,0.9194,51.6211,27.49,CBH
O59843,70.0,7.0,Bagasse,0.755,51.6211,27.49,CBH
O59843,70.0,8.0,Bagasse,0.5101,51.6211,27.49,CBH
P50899,30.0,4.0,Cellulose,0.7201,67.4551,27.13,CBH
P50899,30.0,5.0,Cellulose,0.8841,67.4551,27.13,CBH
P50899,30.0,6.0,Cellulose,0.9566,67.4551,27.13,CBH
P50899,30.0,7.0,Cellulose,0.9658,67.4551,27.13,CBH
P50899,30.0,8.0,Cellulose,0.9234,67.4551,27.13,CBH
P50899,40.0,4.0,Cellulose,0.9335,67.4551,27.13,CBH
P50899,40.0,5.0,Cellulose,0.9986,67.4551,27.13,CBH
P50899,40.0,6.0,Cellulose,1.0,67.4551,27.13,CBH
P50899,40.0,7.0,Cellulose,1.0,67.4551,27.13,CBH
P50899,40.0,8.0,Cellulose,0.9998,67.4551,27.13,CBH
P50899,50.0,4.0,Cellulose,0.9901,67.4551,27.13,CBH
P50899,50.0,5.0,Cellulose,1.0,67.4551,27.13,CBH
P50899,50.0,6.0,Cellulose,1.0,67.4551,27.13,CBH
P50899,50.0,7.0,Cellulose,1.0,67.4551,27.13,CBH
P50899,50.0,8.0,Cellulose,1.0,67.4551,27.13,CBH
P50899,60.0,4.0,Cellulose,0.9866,67.4551,27.13,CBH
P50899,60.0,5.0,Cellulose,1.0,67.4551,27.13,CBH
P50899,60.0,6.0,Cellulose,1.0,67.4551,27.13,CBH
P50899,60.0,7.0,Cellulose,1.0,67.4551,27.13,CBH
P50899,60.0,8.0,Cellulose,1.0,67.4551,27.13,CBH
P50899,70.0,4.0,Cellulose,0.9043,67.4551,27.13,CBH
P50899,70.0,5.0,Cellulose,0.9951,67.4551,27.13,CBH
P50899,70.0,6.0,Cellulose,0.9999,67.4551,27.13,CBH
P50899,70.0,7.0,Cellulose,1.0,67.4551,27.13,CBH
P50899,70.0,8.0,Cellulose,0.999,67.4551,27.13,CBH
P50899,30.0,4.0,Xylan,0.3508,67.4551,27.13,CBH
P50899,30.0,5.0,Xylan,0.4977,67.4551,27.13,CBH
P50899,30.0,6.0,Xylan,0.585,67.4551,27.13,CBH
P50899,30.0,7.0,Xylan,0.5999,67.4551,27.13,CBH
P50899,30.0,8.0,Xylan,0.5408,67.4551,27.13,CBH
P50899,40.0,4.0,Xylan,0.5532,67.4551,27.13,CBH
P50899,40.0,5.0,Xylan,0.7192,67.4551,27.13,CBH
P50899,40.0,6.0,Xylan,0.8107,67.4551,27.13,CBH
P50899,40.0,7.0,Xylan,0.8256,67.4551,27.13,CBH
P50899,40.0,8.0,Xylan,0.7652,67.4551,27.13,CBH
P50899,50.0,4.0,Xylan,0.6584,67.4551,27.13,CBH
P50899,50.0,5.0,Xylan,0.8261,67.4551,27.13,CBH
P50899,50.0,6.0,Xylan,0.9104,67.4551,27.13,CBH
P50899,50.0,7.0,Xylan,0.923,67.4551,27.13,CBH
P50899,50.0,8.0,Xylan,0.8697,67.4551,27.13,CBH
P50899,60.0,4.0,Xylan,0.6466,67.4551,27.13,CBH
P50899,60.0,5.0,Xylan,0.8144,67.4551,27.13,CBH
P50899,60.0,6.0,Xylan,0.9002,67.4551,27.13,CBH
P50899,60.0,7.0,Xylan,0.9132,67.4551,27.13,CBH
P50899,60.0,8.0,Xylan,0.8586,67.4551,27.13,CBH
P50899,70.0,4.0,Xylan,0.5191,67.4551,27.13,CBH
P50899,70.0,5.0,Xylan,0.6833,67.4551,27.13,CBH
P50899,70.0,6.0,Xylan,0.7752,67.4551,27.13,CBH
P50899,70.0,7.0,Xylan,0.7904,67.4551,27.13,CBH
P50899,70.0,8.0,Xylan,0.7293,67.4551,27.13,CBH
P50899,30.0,4.0,Bagasse,0.6587,67.4551,27.13,CBH
P50899,30.0,5.0,Bagasse,0.8263,67.4551,27.13,CBH
P50899,30.0,6.0,Bagasse,0.9106,67.4551,27.13,CBH
P50899,30.0,7.0,Bagasse,0.9232,67.4551,27.13,CBH
P50899,30.0,8.0,Bagasse,0.8699,67.4551,27.13,CBH
P50899,40.0,4.0,Bagasse,0.8818,67.4551,27.13,CBH
P50899,40.0,5.0,Bagasse,0.9899,67.4551,27.13,CBH
P50899,40.0,6.0,Bagasse,0.9996,67.4551,27.13,CBH
P50899,40.0,7.0,Bagasse,0.9998,67.4551,27.13,CBH
P50899,40.0,8.0,Bagasse,0.9975,67.4551,27.13,CBH
P50899,50.0,4.0,Bagasse,0.9646,67.4551,27.13,CBH
P50899,50.0,5.0,Bagasse,0.9998,67.4551,27.13,CBH
P50899,50.0,6.0,Bagasse,1.0,67.4551,27.13,CBH
P50899,50.0,7.0,Bagasse,1.0,67.4551,27.13,CBH
P50899,50.0,8.0,Bagasse,1.0,67.4551,27.13,CBH
P50899,60.0,4.0,Bagasse,0.9574,67.4551,27.13,CBH
P50899,60.0,5.0,Bagasse,0.9997,67.4551,27.13,CBH
P50899,60.0,6.0,Bagasse,1.0,67.4551,27.13,CBH
P50899,60.0,7.0,Bagasse,1.0,67.4551,27.13,CBH
P50899,60.0,8.0,Bagasse,1.0,67.4551,27.13,CBH
P50899,70.0,4.0,Bagasse,0.8484,67.4551,27.13,CBH
P50899,70.0,5.0,Bagasse,0.9773,67.4551,27.13,CBH
P50899,70.0,6.0,Bagasse,0.9983,67.4551,27.13,CBH
P50899,70.0,7.0,Bagasse,0.999,67.4551,27.13,CBH
P50899,70.0,8.0,Bagasse,0.9923,67.4551,27.13,CBH
B2AC20,30.0,4.0,Cellulose,0.5602,20.2927,27.44,CBH
B2AC20,30.0,5.0,Cellulose,0.7111,20.2927,27.44,CBH
B2AC20,30.0,6.0,Cellulose,0.7875,20.2927,27.44,CBH
B2AC20,30.0,7.0,Cellulose,0.7875,20.2927,27.44,CBH
B2AC20,30.0,8.0,Cellulose,0.7111,20.2927,27.44,CBH
B2AC20,40.0,4.0,Cellulose,0.7828,20.2927,27.44,CBH
B2AC20,40.0,5.0,Cellulose,0.9243,20.2927,27.44,CBH
B2AC20,40.0,6.0,Cellulose,0.9743,20.2927,27.44,CBH
B2AC20,40.0,7.0,Cellulose,0.9743,20.2927,27.44,CBH
B2AC20,40.0,8.0,Cellulose,0.9243,20.2927,27.44,CBH
B2AC20,50.0,4.0,Cellulose,0.8836,20.2927,27.44,CBH
B2AC20,50.0,5.0,Cellulose,0.9858,20.2927,27.44,CBH
B2AC20,50.0,6.0,Cellulose,0.9986,20.2927,27.44,CBH
B2AC20,50.0,7.0,Cellulose,0.9986,20.2927,27.44,CBH
B2AC20,50.0,8.0,Cellulose,0.9858,20.2927,27.44,CBH
B2AC20,60.0,4.0,Cellulose,0.8705,20.2927,27.44,CBH
B2AC20,60.0,5.0,Cellulose,0.9806,20.2927,27.44,CBH
B2AC20,60.0,6.0,Cellulose,0.9977,20.2927,27.44,CBH
B2AC20,60.0,7.0,Cellulose,0.9977,20.2927,27.44,CBH
B2AC20,60.0,8.0,Cellulose,0.9806,20.2927,27.44,CBH
B2AC20,70.0,4.0,Cellulose,0.7399,20.2927,27.44,CBH
B2AC20,70.0,5.0,Cellulose,0.8879,20.2927,27.44,CBH
B2AC20,70.0,6.0,Cellulose,0.9491,20.2927,27.44,CBH
B2AC20,70.0,7.0,Cellulose,0.9491,20.2927,27.44,CBH
B2AC20,70.0,8.0,Cellulose,0.8879,20.2927,27.44,CBH
B2AC20,30.0,4.0,Xylan,0.2313,20.2927,27.44,CBH
B2AC20,30.0,5.0,Xylan,0.3438,20.2927,27.44,CBH
B2AC20,30.0,6.0,Xylan,0.4075,20.2927,27.44,CBH
B2AC20,30.0,7.0,Xylan,0.4075,20.2927,27.44,CBH
B2AC20,30.0,8.0,Xylan,0.3438,20.2927,27.44,CBH
B2AC20,40.0,4.0,Xylan,0.4034,20.2927,27.44,CBH
B2AC20,40.0,5.0,Xylan,0.5424,20.2927,27.44,CBH
B2AC20,40.0,6.0,Xylan,0.6165,20.2927,27.44,CBH
B2AC20,40.0,7.0,Xylan,0.6165,20.2927,27.44,CBH
B2AC20,40.0,8.0,Xylan,0.5424,20.2927,27.44,CBH
B2AC20,50.0,4.0,Xylan,0.4975,20.2927,27.44,CBH
B2AC20,50.0,5.0,Xylan,0.6448,20.2927,27.44,CBH
B2AC20,50.0,6.0,Xylan,0.7212,20.2927,27.44,CBH
B2AC20,50.0,7.0,Xylan,0.7212,20.2927,27.44,CBH
B2AC20,50.0,8.0,Xylan,0.6448,20.2927,27.44,CBH
B2AC20,60.0,4.0,Xylan,0.4842,20.2927,27.44,CBH
B2AC20,60.0,5.0,Xylan,0.6306,20.2927,27.44,CBH
B2AC20,60.0,6.0,Xylan,0.7068,20.2927,27.44,CBH
B2AC20,60.0,7.0,Xylan,0.7068,20.2927,27.44,CBH
B2AC20,60.0,8.0,Xylan,0.6306,20.2927,27.44,CBH
B2AC20,70.0,4.0,Xylan,0.3671,20.2927,27.44,CBH
B2AC20,70.0,5.0,Xylan,0.5019,20.2927,27.44,CBH
B2AC20,70.0,6.0,Xylan,0.5745,20.2927,27.44,CBH
B2AC20,70.0,7.0,Xylan,0.5745,20.2927,27.44,CBH
B2AC20,70.0,8.0,Xylan,0.5019,20.2927,27.44,CBH
B2AC20,30.0,4.0,Bagasse,0.5022,20.2927,27.44,CBH
B2AC20,30.0,5.0,Bagasse,0.6498,20.2927,27.44,CBH
B2AC20,30.0,6.0,Bagasse,0.7263,20.2927,27.44,CBH
B2AC20,30.0,7.0,Bagasse,0.7263,20.2927,27.44,CBH
B2AC20,30.0,8.0,Bagasse,0.6498,20.2927,27.44,CBH
B2AC20,40.0,4.0,Bagasse,0.7215,20.2927,27.44,CBH
B2AC20,40.0,5.0,Bagasse,0.8712,20.2927,27.44,CBH
B2AC20,40.0,6.0,Bagasse,0.936,20.2927,27.44,CBH
B2AC20,40.0,7.0,Bagasse,0.936,20.2927,27.44,CBH
B2AC20,40.0,8.0,Bagasse,0.8712,20.2927,27.44,CBH
B2AC20,50.0,4.0,Bagasse,0.8258,20.2927,27.44,CBH
B2AC20,50.0,5.0,Bagasse,0.9559,20.2927,27.44,CBH
B2AC20,50.0,6.0,Bagasse,0.9902,20.2927,27.44,CBH
B2AC20,50.0,7.0,Bagasse,0.9902,20.2927,27.44,CBH
B2AC20,50.0,8.0,Bagasse,0.9559,20.2927,27.44,CBH
B2AC20,60.0,4.0,Bagasse,0.8119,20.2927,27.44,CBH
B2AC20,60.0,5.0,Bagasse,0.9464,20.2927,27.44,CBH
B2AC20,60.0,6.0,Bagasse,0.9861,20.2927,27.44,CBH
B2AC20,60.0,7.0,Bagasse,0.9861,20.2927,27.44,CBH
B2AC20,60.0,8.0,Bagasse,0.9464,20.2927,27.44,CBH
B2AC20,70.0,4.0,Bagasse,0.6784,20.2927,27.44,CBH
B2AC20,70.0,5.0,Bagasse,0.8305,20.2927,27.44,CBH
B2AC20,70.0,6.0,Bagasse,0.9011,20.2927,27.44,CBH
B2AC20,70.0,7.0,Bagasse,0.9011,20.2927,27.44,CBH
B2AC20,70.0,8.0,Bagasse,0.8305,20.2927,27.44,CBH
P50401,30.0,4.0,Cellulose,0.5585,16.7642,25.76,CBH
P50401,30.0,5.0,Cellulose,0.6782,16.7642,25.76,CBH
P50401,30.0,6.0,Cellulose,0.7241,16.7642,25.76,CBH
P50401,30.0,7.0,Cellulose,0.6935,16.7642,25.76,CBH
P50401,30.0,8.0,Cellulose,0.5879,16.7642,25.76,CBH
P50401,40.0,4.0,Cellulose,0.7923,16.7642,25.76,CBH
P50401,40.0,5.0,Cellulose,0.9075,16.7642,25.76,CBH
P50401,40.0,6.0,Cellulose,0.9439,16.7642,25.76,CBH
P50401,40.0,7.0,Cellulose,0.9203,16.7642,25.76,CBH
P50401,40.0,8.0,Cellulose,0.8224,16.7642,25.76,CBH
P50401,50.0,4.0,Cellulose,0.903,16.7642,25.76,CBH
P50401,50.0,5.0,Cellulose,0.9835,16.7642,25.76,CBH
P50401,50.0,6.0,Cellulose,0.9952,16.7642,25.76,CBH
P50401,50.0,7.0,Cellulose,0.9885,16.7642,25.76,CBH
P50401,50.0,8.0,Cellulose,0.9284,16.7642,25.76,CBH
P50401,60.0,4.0,Cellulose,0.9009,16.7642,25.76,CBH
P50401,60.0,5.0,Cellulose,0.9826,16.7642,25.76,CBH
P50401,60.0,6.0,Cellulose,0.9948,16.7642,25.76,CBH
P50401,60.0,7.0,Cellulose,0.9878,16.7642,25.76,CBH
P50401,60.0,8.0,Cellulose,0.9265,16.7642,25.76,CBH
P50401,70.0,4.0,Cellulose,0.7852,16.7642,25.76,CBH
P50401,70.0,5.0,Cellulose,0.9013,16.7642,25.76,CBH
P50401,70.0,6.0,Cellulose,0.9386,16.7642,25.76,CBH
P50401,70.0,7.0,Cellulose,0.9144,16.7642,25.76,CBH
P50401,70.0,8.0,Cellulose,0.8154,16.7642,25.76,CBH
P50401,30.0,4.0,Xylan,0.2325,16.7642,25.76,CBH
P50401,30.0,5.0,Xylan,0.3199,16.7642,25.76,CBH
P50401,30.0,6.0,Xylan,0.3561,16.7642,25.76,CBH
P50401,30.0,7.0,Xylan,0.3318,16.7642,25.76,CBH
P50401,30.0,8.0,Xylan,0.253,16.7642,25.76,CBH
P50401,40.0,4.0,Xylan,0.4131,16.7642,25.76,CBH
P50401,40.0,5.0,Xylan,0.5233,16.7642,25.76,CBH
P50401,40.0,6.0,Xylan,0.5668,16.7642,25.76,CBH
P50401,40.0,7.0,Xylan,0.5377,16.7642,25.76,CBH
P50401,40.0,8.0,Xylan,0.4398,16.7642,25.76,CBH
P50401,50.0,4.0,Xylan,0.5184,16.7642,25.76,CBH
P50401,50.0,5.0,Xylan,0.6361,16.7642,25.76,CBH
P50401,50.0,6.0,Xylan,0.6816,16.7642,25.76,CBH
P50401,50.0,7.0,Xylan,0.6512,16.7642,25.76,CBH
P50401,50.0,8.0,Xylan,0.5472,16.7642,25.76,CBH
P50401,60.0,4.0,Xylan,0.5161,16.7642,25.76,CBH
P50401,60.0,5.0,Xylan,0.6337,16.7642,25.76,CBH
P50401,60.0,6.0,Xylan,0.6792,16.7642,25.76,CBH
P50401,60.0,7.0,Xylan,0.6488,16.7642,25.76,CBH
P50401,60.0,8.0,Xylan,0.5449,16.7642,25.76,CBH
P50401,70.0,4.0,Xylan,0.407,16.7642,25.76,CBH
P50401,70.0,5.0,Xylan,0.5166,16.7642,25.76,CBH
P50401,70.0,6.0,Xylan,0.5599,16.7642,25.76,CBH
P50401,70.0,7.0,Xylan,0.5309,16.7642,25.76,CBH
P50401,70.0,8.0,Xylan,0.4335,16.7642,25.76,CBH
P50401,30.0,4.0,Bagasse,0.5008,16.7642,25.76,CBH
P50401,30.0,5.0,Bagasse,0.6176,16.7642,25.76,CBH
P50401,30.0,6.0,Bagasse,0.6628,16.7642,25.76,CBH
P50401,30.0,7.0,Bagasse,0.6326,16.7642,25.76,CBH
P50401,30.0,8.0,Bagasse,0.5293,16.7642,25.76,CBH
P50401,40.0,4.0,Bagasse,0.7311,16.7642,25.76,CBH
P50401,40.0,5.0,Bagasse,0.8517,16.7642,25.76,CBH
P50401,40.0,6.0,Bagasse,0.894,16.7642,25.76,CBH
P50401,40.0,7.0,Bagasse,0.8661,16.7642,25.76,CBH
P50401,40.0,8.0,Bagasse,0.7617,16.7642,25.76,CBH
P50401,50.0,4.0,Bagasse,0.8467,16.7642,25.76,CBH
P50401,50.0,5.0,Bagasse,0.9508,16.7642,25.76,CBH
P50401,50.0,6.0,Bagasse,0.9771,16.7642,25.76,CBH
P50401,50.0,7.0,Bagasse,0.9607,16.7642,25.76,CBH
P50401,50.0,8.0,Bagasse,0.8754,16.7642,25.76,CBH
P50401,60.0,4.0,Bagasse,0.8444,16.7642,25.76,CBH
P50401,60.0,5.0,Bagasse,0.9491,16.7642,25.76,CBH
P50401,60.0,6.0,Bagasse,0.976,16.7642,25.76,CBH
P50401,60.0,7.0,Bagasse,0.9592,16.7642,25.76,CBH
P50401,60.0,8.0,Bagasse,0.8732,16.7642,25.76,CBH
P50401,70.0,4.0,Bagasse,0.7239,16.7642,25.76,CBH
P50401,70.0,5.0,Bagasse,0.8449,16.7642,25.76,CBH
P50401,70.0,6.0,Bagasse,0.8876,16.7642,25.76,CBH
P50401,70.0,7.0,Bagasse,0.8594,16.7642,25.76,CBH
P50401,70.0,8.0,Bagasse,0.7545,16.7642,25.76,CBH
Q5B2Q4,30.0,4.0,Cellulose,0.5051,30.3272,27.39,CBH
Q5B2Q4,30.0,5.0,Cellulose,0.6992,30.3272,27.39,CBH
Q5B2Q4,30.0,6.0,Cellulose,0.8212,30.3272,27.39,CBH
Q5B2Q4,30.0,7.0,Cellulose,0.8651,30.3272,27.39,CBH
Q5B2Q4,30.0,8.0,Cellulose,0.8361,30.3272,27.39,CBH
Q5B2Q4,40.0,4.0,Cellulose,0.7263,30.3272,27.39,CBH
Q5B2Q4,40.0,5.0,Cellulose,0.916,30.3272,27.39,CBH
Q5B2Q4,40.0,6.0,Cellulose,0.988,30.3272,27.39,CBH
Q5B2Q4,40.0,7.0,Cellulose,0.9968,30.3272,27.39,CBH
Q5B2Q4,40.0,8.0,Cellulose,0.9919,30.3272,27.39,CBH
Q5B2Q4,50.0,4.0,Cellulose,0.8319,30.3272,27.39,CBH
Q5B2Q4,50.0,5.0,Cellulose,0.9827,30.3272,27.39,CBH
Q5B2Q4,50.0,6.0,Cellulose,0.9997,30.3272,27.39,CBH
Q5B2Q4,50.0,7.0,Cellulose,1.0,30.3272,27.39,CBH
Q5B2Q4,50.0,8.0,Cellulose,0.9999,30.3272,27.39,CBH
Q5B2Q4,60.0,4.0,Cellulose,0.8191,30.3272,27.39,CBH
Q5B2Q4,60.0,5.0,Cellulose,0.9773,30.3272,27.39,CBH
Q5B2Q4,60.0,6.0,Cellulose,0.9995,30.3272,27.39,CBH
Q5B2Q4,60.0,7.0,Cellulose,1.0,30.3272,27.39,CBH
Q5B2Q4,60.0,8.0,Cellulose,0.9998,30.3272,27.39,CBH
Q5B2Q4,70.0,4.0,Cellulose,0.6868,30.3272,27.39,CBH
Q5B2Q4,70.0,5.0,Cellulose,0.8818,30.3272,27.39,CBH
Q5B2Q4,70.0,6.0,Cellulose,0.9725,30.3272,27.39,CBH
Q5B2Q4,70.0,7.0,Cellulose,0.9898,30.3272,27.39,CBH
Q5B2Q4,70.0,8.0,Cellulose,0.9795,30.3272,27.39,CBH
Q5B2Q4,30.0,4.0,Xylan,0.1934,30.3272,27.39,CBH
Q5B2Q4,30.0,5.0,Xylan,0.3333,30.3272,27.39,CBH
Q5B2Q4,30.0,6.0,Xylan,0.4366,30.3272,27.39,CBH
Q5B2Q4,30.0,7.0,Xylan,0.4781,30.3272,27.39,CBH
Q5B2Q4,30.0,8.0,Xylan,0.4503,30.3272,27.39,CBH
Q5B2Q4,40.0,4.0,Xylan,0.3551,30.3272,27.39,CBH
Q5B2Q4,40.0,5.0,Xylan,0.5319,30.3272,27.39,CBH
Q5B2Q4,40.0,6.0,Xylan,0.6512,30.3272,27.39,CBH
Q5B2Q4,40.0,7.0,Xylan,0.6971,30.3272,27.39,CBH
Q5B2Q4,40.0,8.0,Xylan,0.6665,30.3272,27.39,CBH
Q5B2Q4,50.0,4.0,Xylan,0.4464,30.3272,27.39,CBH
Q5B2Q4,50.0,5.0,Xylan,0.6353,30.3272,27.39,CBH
Q5B2Q4,50.0,6.0,Xylan,0.7578,30.3272,27.39,CBH
Q5B2Q4,50.0,7.0,Xylan,0.8034,30.3272,27.39,CBH
Q5B2Q4,50.0,8.0,Xylan,0.7731,30.3272,27.39,CBH
Q5B2Q4,60.0,4.0,Xylan,0.4347,30.3272,27.39,CBH
Q5B2Q4,60.0,5.0,Xylan,0.6223,30.3272,27.39,CBH
Q5B2Q4,60.0,6.0,Xylan,0.7446,30.3272,27.39,CBH
Q5B2Q4,60.0,7.0,Xylan,0.7904,30.3272,27.39,CBH
Q5B2Q4,60.0,8.0,Xylan,0.7599,30.3272,27.39,CBH
Q5B2Q4,70.0,4.0,Xylan,0.3235,30.3272,27.39,CBH
Q5B2Q4,70.0,5.0,Xylan,0.4948,30.3272,27.39,CBH
Q5B2Q4,70.0,6.0,Xylan,0.6122,30.3272,27.39,CBH
Q5B2Q4,70.0,7.0,Xylan,0.6576,30.3272,27.39,CBH
Q5B2Q4,70.0,8.0,Xylan,0.6272,30.3272,27.39,CBH
Q5B2Q4,30.0,4.0,Bagasse,0.4488,30.3272,27.39,CBH
Q5B2Q4,30.0,5.0,Bagasse,0.6379,30.3272,27.39,CBH
Q5B2Q4,30.0,6.0,Bagasse,0.7604,30.3272,27.39,CBH
Q5B2Q4,30.0,7.0,Bagasse,0.806,30.3272,27.39,CBH
Q5B2Q4,30.0,8.0,Bagasse,0.7757,30.3272,27.39,CBH
Q5B2Q4,40.0,4.0,Bagasse,0.6648,30.3272,27.39,CBH
Q5B2Q4,40.0,5.0,Bagasse,0.8616,30.3272,27.39,CBH
Q5B2Q4,40.0,6.0,Bagasse,0.9603,30.3272,27.39,CBH
Q5B2Q4,40.0,7.0,Bagasse,0.9829,30.3272,27.39,CBH
Q5B2Q4,40.0,8.0,Bagasse,0.969,30.3272,27.39,CBH
Q5B2Q4,50.0,4.0,Bagasse,0.7714,30.3272,27.39,CBH
Q5B2Q4,50.0,5.0,Bagasse,0.95,30.3272,27.39,CBH
Q5B2Q4,50.0,6.0,Bagasse,0.9967,30.3272,27.39,CBH
Q5B2Q4,50.0,7.0,Bagasse,0.9994,30.3272,27.39,CBH
Q5B2Q4,50.0,8.0,Bagasse,0.9981,30.3272,27.39,CBH
Q5B2Q4,60.0,4.0,Bagasse,0.7583,30.3272,27.39,CBH
Q5B2Q4,60.0,5.0,Bagasse,0.9408,30.3272,27.39,CBH
Q5B2Q4,60.0,6.0,Bagasse,0.995,30.3272,27.39,CBH
Q5B2Q4,60.0,7.0,Bagasse,0.999,30.3272,27.39,CBH
Q5B2Q4,60.0,8.0,Bagasse,0.997,30.3272,27.39,CBH
Q5B2Q4,70.0,4.0,Bagasse,0.6256,30.3272,27.39,CBH
Q5B2Q4,70.0,5.0,Bagasse,0.8238,30.3272,27.39,CBH
Q5B2Q4,70.0,6.0,Bagasse,0.9331,30.3272,27.39,CBH
Q5B2Q4,70.0,7.0,Bagasse,0.9641,30.3272,27.39,CBH
Q5B2Q4,70.0,8.0,Bagasse,0.9444,30.3272,27.39,CBH
Q8NK02,30.0,4.0,Cellulose,0.5133,65.6047,27.41,CBH
Q8NK02,30.0,5.0,Cellulose,0.747,65.6047,27.41,CBH
Q8NK02,30.0,6.0,Cellulose,0.9014,65.6047,27.41,CBH
Q8NK02,30.0,7.0,Cellulose,0.9638,65.6047,27.41,CBH
Q8NK02,30.0,8.0,Cellulose,0.9681,65.6047,27.41,CBH
Q8NK02,40.0,4.0,Cellulose,0.7358,65.6047,27.41,CBH
Q8NK02,40.0,5.0,Cellulose,0.952,65.6047,27.41,CBH
Q8NK02,40.0,6.0,Cellulose,0.9993,65.6047,27.41,CBH
Q8NK02,40.0,7.0,Cellulose,1.0,65.6047,27.41,CBH
Q8NK02,40.0,8.0,Cellulose,1.0,65.6047,27.41,CBH
Q8NK02,50.0,4.0,Cellulose,0.8411,65.6047,27.41,CBH
Q8NK02,50.0,5.0,Cellulose,0.995,65.6047,27.41,CBH
Q8NK02,50.0,6.0,Cellulose,1.0,65.6047,27.41,CBH
Q8NK02,50.0,7.0,Cellulose,1.0,65.6047,27.41,CBH
Q8NK02,50.0,8.0,Cellulose,1.0,65.6047,27.41,CBH
Q8NK02,60.0,4.0,Cellulose,0.8284,65.6047,27.41,CBH
Q8NK02,60.0,5.0,Cellulose,0.9927,65.6047,27.41,CBH
Q8NK02,60.0,6.0,Cellulose,1.0,65.6047,27.41,CBH
Q8NK02,60.0,7.0,Cellulose,1.0,65.6047,27.41,CBH
Q8NK02,60.0,8.0,Cellulose,1.0,65.6047,27.41,CBH
Q8NK02,70.0,4.0,Cellulose,0.6961,65.6047,27.41,CBH
Q8NK02,70.0,5.0,Cellulose,0.9229,65.6047,27.41,CBH
Q8NK02,70.0,6.0,Cellulose,0.9969,65.6047,27.41,CBH
Q8NK02,70.0,7.0,Cellulose,0.9999,65.6047,27.41,CBH
Q8NK02,70.0,8.0,Cellulose,1.0,65.6047,27.41,CBH
Q8NK02,30.0,4.0,Xylan,0.1978,65.6047,27.41,CBH
Q8NK02,30.0,5.0,Xylan,0.3712,65.6047,27.41,CBH
Q8NK02,30.0,6.0,Xylan,0.5147,65.6047,27.41,CBH
Q8NK02,30.0,7.0,Xylan,0.5957,65.6047,27.41,CBH
Q8NK02,30.0,8.0,Xylan,0.6032,65.6047,27.41,CBH
Q8NK02,40.0,4.0,Xylan,0.3619,65.6047,27.41,CBH
Q8NK02,40.0,5.0,Xylan,0.5773,65.6047,27.41,CBH
Q8NK02,40.0,6.0,Xylan,0.7372,65.6047,27.41,CBH
Q8NK02,40.0,7.0,Xylan,0.821,65.6047,27.41,CBH
Q8NK02,40.0,8.0,Xylan,0.8284,65.6047,27.41,CBH
Q8NK02,50.0,4.0,Xylan,0.4542,65.6047,27.41,CBH
Q8NK02,50.0,5.0,Xylan,0.6827,65.6047,27.41,CBH
Q8NK02,50.0,6.0,Xylan,0.8425,65.6047,27.41,CBH
Q8NK02,50.0,7.0,Xylan,0.9183,65.6047,27.41,CBH
Q8NK02,50.0,8.0,Xylan,0.9245,65.6047,27.41,CBH
Q8NK02,60.0,4.0,Xylan,0.4423,65.6047,27.41,CBH
Q8NK02,60.0,5.0,Xylan,0.6695,65.6047,27.41,CBH
Q8NK02,60.0,6.0,Xylan,0.8298,65.6047,27.41,CBH
Q8NK02,60.0,7.0,Xylan,0.9073,65.6047,27.41,CBH
Q8NK02,60.0,8.0,Xylan,0.9138,65.6047,27.41,CBH
Q8NK02,70.0,4.0,Xylan,0.3298,65.6047,27.41,CBH
Q8NK02,70.0,5.0,Xylan,0.5392,65.6047,27.41,CBH
Q8NK02,70.0,6.0,Xylan,0.6976,65.6047,27.41,CBH
Q8NK02,70.0,7.0,Xylan,0.782,65.6047,27.41,CBH
Q8NK02,70.0,8.0,Xylan,0.7896,65.6047,27.41,CBH
Q8NK02,30.0,4.0,Bagasse,0.4566,65.6047,27.41,CBH
Q8NK02,30.0,5.0,Bagasse,0.6853,65.6047,27.41,CBH
Q8NK02,30.0,6.0,Bagasse,0.8451,65.6047,27.41,CBH
Q8NK02,30.0,7.0,Bagasse,0.9205,65.6047,27.41,CBH
Q8NK02,30.0,8.0,Bagasse,0.9266,65.6047,27.41,CBH
Q8NK02,40.0,4.0,Bagasse,0.674,65.6047,27.41,CBH
Q8NK02,40.0,5.0,Bagasse,0.9047,65.6047,27.41,CBH
Q8NK02,40.0,6.0,Bagasse,0.9939,65.6047,27.41,CBH
Q8NK02,40.0,7.0,Bagasse,0.9998,65.6047,27.41,CBH
Q8NK02,40.0,8.0,Bagasse,0.9998,65.6047,27.41,CBH
Q8NK02,50.0,4.0,Bagasse,0.7808,65.6047,27.41,CBH
Q8NK02,50.0,5.0,Bagasse,0.9772,65.6047,27.41,CBH
Q8NK02,50.0,6.0,Bagasse,0.9999,65.6047,27.41,CBH
Q8NK02,50.0,7.0,Bagasse,1.0,65.6047,27.41,CBH
Q8NK02,50.0,8.0,Bagasse,1.0,65.6047,27.41,CBH
Q8NK02,60.0,4.0,Bagasse,0.7677,65.6047,27.41,CBH
Q8NK02,60.0,5.0,Bagasse,0.9709,65.6047,27.41,CBH
Q8NK02,60.0,6.0,Bagasse,0.9999,65.6047,27.41,CBH
Q8NK02,60.0,7.0,Bagasse,1.0,65.6047,27.41,CBH
Q8NK02,60.0,8.0,Bagasse,1.0,65.6047,27.41,CBH
Q8NK02,70.0,4.0,Bagasse,0.6347,65.6047,27.41,CBH
Q8NK02,70.0,5.0,Bagasse,0.8694,65.6047,27.41,CBH
Q8NK02,70.0,6.0,Bagasse,0.9832,65.6047,27.41,CBH
Q8NK02,70.0,7.0,Bagasse,0.9987,65.6047,27.41,CBH
Q8NK02,70.0,8.0,Bagasse,0.999,65.6047,27.41,CBH
A1CU44,30.0,4.0,Cellulose,0.6863,11.751,27.96,CBH
A1CU44,30.0,5.0,Cellulose,0.6787,11.751,27.96,CBH
A1CU44,30.0,6.0,Cellulose,0.5963,11.751,27.96,CBH
A1CU44,30.0,7.0,Cellulose,0.4474,11.751,27.96,CBH
A1CU44,30.0,8.0,Cellulose,0.2596,11.751,27.96,CBH
A1CU44,40.0,4.0,Cellulose,0.8991,11.751,27.96,CBH
A1CU44,40.0,5.0,Cellulose,0.8925,11.751,27.96,CBH
A1CU44,40.0,6.0,Cellulose,0.8141,11.751,27.96,CBH
A1CU44,40.0,7.0,Cellulose,0.6553,11.751,27.96,CBH
A1CU44,40.0,8.0,Cellulose,0.4333,11.751,27.96,CBH
A1CU44,50.0,4.0,Cellulose,0.9713,11.751,27.96,CBH
A1CU44,50.0,5.0,Cellulose,0.9673,11.751,27.96,CBH
A1CU44,50.0,6.0,Cellulose,0.9075,11.751,27.96,CBH
A1CU44,50.0,7.0,Cellulose,0.756,11.751,27.96,CBH
A1CU44,50.0,8.0,Cellulose,0.525,11.751,27.96,CBH
A1CU44,60.0,4.0,Cellulose,0.9614,11.751,27.96,CBH
A1CU44,60.0,5.0,Cellulose,0.9568,11.751,27.96,CBH
A1CU44,60.0,6.0,Cellulose,0.8921,11.751,27.96,CBH
A1CU44,60.0,7.0,Cellulose,0.7382,11.751,27.96,CBH
A1CU44,60.0,8.0,Cellulose,0.5084,11.751,27.96,CBH
A1CU44,70.0,4.0,Cellulose,0.8504,11.751,27.96,CBH
A1CU44,70.0,5.0,Cellulose,0.8432,11.751,27.96,CBH
A1CU44,70.0,6.0,Cellulose,0.7612,11.751,27.96,CBH
A1CU44,70.0,7.0,Cellulose,0.6028,11.751,27.96,CBH
A1CU44,70.0,8.0,Cellulose,0.3875,11.751,27.96,CBH
A1CU44,30.0,4.0,Xylan,0.328,11.751,27.96,CBH
A1CU44,30.0,5.0,Xylan,0.3221,11.751,27.96,CBH
A1CU44,30.0,6.0,Xylan,0.2607,11.751,27.96,CBH
A1CU44,30.0,7.0,Xylan,0.1622,11.751,27.96,CBH
A1CU44,30.0,8.0,Xylan,0.0659,11.751,27.96,CBH
A1CU44,40.0,4.0,Xylan,0.5173,11.751,27.96,CBH
A1CU44,40.0,5.0,Xylan,0.5102,11.751,27.96,CBH
A1CU44,40.0,6.0,Xylan,0.4346,11.751,27.96,CBH
A1CU44,40.0,7.0,Xylan,0.3042,11.751,27.96,CBH
A1CU44,40.0,8.0,Xylan,0.1538,11.751,27.96,CBH
A1CU44,50.0,4.0,Xylan,0.6139,11.751,27.96,CBH
A1CU44,50.0,5.0,Xylan,0.6065,11.751,27.96,CBH
A1CU44,50.0,6.0,Xylan,0.5264,11.751,27.96,CBH
A1CU44,50.0,7.0,Xylan,0.3844,11.751,27.96,CBH
A1CU44,50.0,8.0,Xylan,0.2114,11.751,27.96,CBH
A1CU44,60.0,4.0,Xylan,0.5966,11.751,27.96,CBH
A1CU44,60.0,5.0,Xylan,0.5892,11.751,27.96,CBH
A1CU44,60.0,6.0,Xylan,0.5098,11.751,27.96,CBH
A1CU44,60.0,7.0,Xylan,0.3696,11.751,27.96,CBH
A1CU44,60.0,8.0,Xylan,0.2005,11.751,27.96,CBH
A1CU44,70.0,4.0,Xylan,0.4682,11.751,27.96,CBH
A1CU44,70.0,5.0,Xylan,0.4614,11.751,27.96,CBH
A1CU44,70.0,6.0,Xylan,0.3887,11.751,27.96,CBH
A1CU44,70.0,7.0,Xylan,0.2653,11.751,27.96,CBH
A1CU44,70.0,8.0,Xylan,0.1277,11.751,27.96,CBH
A1CU44,30.0,4.0,Bagasse,0.6258,11.751,27.96,CBH
A1CU44,30.0,5.0,Bagasse,0.6184,11.751,27.96,CBH
A1CU44,30.0,6.0,Bagasse,0.5378,11.751,27.96,CBH
A1CU44,30.0,7.0,Bagasse,0.3945,11.751,27.96,CBH
A1CU44,30.0,8.0,Bagasse,0.2191,11.751,27.96,CBH
A1CU44,40.0,4.0,Bagasse,0.8432,11.751,27.96,CBH
A1CU44,40.0,5.0,Bagasse,0.836,11.751,27.96,CBH
A1CU44,40.0,6.0,Bagasse,0.7537,11.751,27.96,CBH
A1CU44,40.0,7.0,Bagasse,0.5954,11.751,27.96,CBH
A1CU44,40.0,8.0,Bagasse,0.3812,11.751,27.96,CBH
A1CU44,50.0,4.0,Bagasse,0.9319,11.751,27.96,CBH
A1CU44,50.0,5.0,Bagasse,0.926,11.751,27.96,CBH
A1CU44,50.0,6.0,Bagasse,0.8525,11.751,27.96,CBH
A1CU44,50.0,7.0,Bagasse,0.6951,11.751,27.96,CBH
A1CU44,50.0,8.0,Bagasse,0.4689,11.751,27.96,CBH
A1CU44,60.0,4.0,Bagasse,0.9178,11.751,27.96,CBH
A1CU44,60.0,5.0,Bagasse,0.9115,11.751,27.96,CBH
A1CU44,60.0,6.0,Bagasse,0.8355,11.751,27.96,CBH
A1CU44,60.0,7.0,Bagasse,0.6773,11.751,27.96,CBH
A1CU44,60.0,8.0,Bagasse,0.4529,11.751,27.96,CBH
A1CU44,70.0,4.0,Bagasse,0.7912,11.751,27.96,CBH
A1CU44,70.0,5.0,Bagasse,0.7837,11.751,27.96,CBH
A1CU44,70.0,6.0,Bagasse,0.7003,11.751,27.96,CBH
A1CU44,70.0,7.0,Bagasse,0.5441,11.751,27.96,CBH
A1CU44,70.0,8.0,Bagasse,0.3379,11.751,27.96,CBH
A1DNL0,30.0,4.0,Cellulose,0.731,15.6881,27.7,CBH
A1DNL0,30.0,5.0,Cellulose,0.7158,15.6881,27.7,CBH
A1DNL0,30.0,6.0,Cellulose,0.6252,15.6881,27.7,CBH
A1DNL0,30.0,7.0,Cellulose,0.4671,15.6881,27.7,CBH
A1DNL0,30.0,8.0,Cellulose,0.2701,15.6881,27.7,CBH
A1DNL0,40.0,4.0,Cellulose,0.9374,15.6881,27.7,CBH
A1DNL0,40.0,5.0,Cellulose,0.9257,15.6881,27.7,CBH
A1DNL0,40.0,6.0,Cellulose,0.8449,15.6881,27.7,CBH
A1DNL0,40.0,7.0,Cellulose,0.6795,15.6881,27.7,CBH
A1DNL0,40.0,8.0,Cellulose,0.4483,15.6881,27.7,CBH
A1DNL0,50.0,4.0,Cellulose,0.9902,15.6881,27.7,CBH
A1DNL0,50.0,5.0,Cellulose,0.9858,15.6881,27.7,CBH
A1DNL0,50.0,6.0,Cellulose,0.9351,15.6881,27.7,CBH
A1DNL0,50.0,7.0,Cellulose,0.7826,15.6881,27.7,CBH
A1DNL0,50.0,8.0,Cellulose,0.5431,15.6881,27.7,CBH
A1DNL0,60.0,4.0,Cellulose,0.9857,15.6881,27.7,CBH
A1DNL0,60.0,5.0,Cellulose,0.9801,15.6881,27.7,CBH
A1DNL0,60.0,6.0,Cellulose,0.9231,15.6881,27.7,CBH
A1DNL0,60.0,7.0,Cellulose,0.7672,15.6881,27.7,CBH
A1DNL0,60.0,8.0,Cellulose,0.5286,15.6881,27.7,CBH
A1DNL0,70.0,4.0,Cellulose,0.8999,15.6881,27.7,CBH
A1DNL0,70.0,5.0,Cellulose,0.8865,15.6881,27.7,CBH
A1DNL0,70.0,6.0,Cellulose,0.7999,15.6881,27.7,CBH
A1DNL0,70.0,7.0,Cellulose,0.6336,15.6881,27.7,CBH
A1DNL0,70.0,8.0,Cellulose,0.4079,15.6881,27.7,CBH
A1DNL0,30.0,4.0,Xylan,0.3639,15.6881,27.7,CBH
A1DNL0,30.0,5.0,Xylan,0.3516,15.6881,27.7,CBH
A1DNL0,30.0,6.0,Xylan,0.282,15.6881,27.7,CBH
A1DNL0,30.0,7.0,Xylan,0.1746,15.6881,27.7,CBH
A1DNL0,30.0,8.0,Xylan,0.0705,15.6881,27.7,CBH
A1DNL0,40.0,4.0,Xylan,0.5619,15.6881,27.7,CBH
A1DNL0,40.0,5.0,Xylan,0.5474,15.6881,27.7,CBH
A1DNL0,40.0,6.0,Xylan,0.4631,15.6881,27.7,CBH
A1DNL0,40.0,7.0,Xylan,0.323,15.6881,27.7,CBH
A1DNL0,40.0,8.0,Xylan,0.1631,15.6881,27.7,CBH
A1DNL0,50.0,4.0,Xylan,0.6628,15.6881,27.7,CBH
A1DNL0,50.0,5.0,Xylan,0.6477,15.6881,27.7,CBH
A1DNL0,50.0,6.0,Xylan,0.559,15.6881,27.7,CBH
A1DNL0,50.0,7.0,Xylan,0.4071,15.6881,27.7,CBH
A1DNL0,50.0,8.0,Xylan,0.2239,15.6881,27.7,CBH
A1DNL0,60.0,4.0,Xylan,0.6475,15.6881,27.7,CBH
A1DNL0,60.0,5.0,Xylan,0.6325,15.6881,27.7,CBH
A1DNL0,60.0,6.0,Xylan,0.5443,15.6881,27.7,CBH
A1DNL0,60.0,7.0,Xylan,0.394,15.6881,27.7,CBH
A1DNL0,60.0,8.0,Xylan,0.2141,15.6881,27.7,CBH
A1DNL0,70.0,4.0,Xylan,0.5181,15.6881,27.7,CBH
A1DNL0,70.0,5.0,Xylan,0.504,15.6881,27.7,CBH
A1DNL0,70.0,6.0,Xylan,0.4222,15.6881,27.7,CBH
A1DNL0,70.0,7.0,Xylan,0.2882,15.6881,27.7,CBH
A1DNL0,70.0,8.0,Xylan,0.1395,15.6881,27.7,CBH
A1DNL0,30.0,4.0,Bagasse,0.6701,15.6881,27.7,CBH
A1DNL0,30.0,5.0,Bagasse,0.655,15.6881,27.7,CBH
A1DNL0,30.0,6.0,Bagasse,0.566,15.6881,27.7,CBH
A1DNL0,30.0,7.0,Bagasse,0.4134,15.6881,27.7,CBH
A1DNL0,30.0,8.0,Bagasse,0.2287,15.6881,27.7,CBH
A1DNL0,40.0,4.0,Bagasse,0.887,15.6881,27.7,CBH
A1DNL0,40.0,5.0,Bagasse,0.8732,15.6881,27.7,CBH
A1DNL0,40.0,6.0,Bagasse,0.7854,15.6881,27.7,CBH
A1DNL0,40.0,7.0,Bagasse,0.6192,15.6881,27.7,CBH
A1DNL0,40.0,8.0,Bagasse,0.3954,15.6881,27.7,CBH
A1DNL0,50.0,4.0,Bagasse,0.9652,15.6881,27.7,CBH
A1DNL0,50.0,5.0,Bagasse,0.9561,15.6881,27.7,CBH
A1DNL0,50.0,6.0,Bagasse,0.8842,15.6881,27.7,CBH
A1DNL0,50.0,7.0,Bagasse,0.7218,15.6881,27.7,CBH
A1DNL0,50.0,8.0,Bagasse,0.4864,15.6881,27.7,CBH
A1DNL0,60.0,4.0,Bagasse,0.9559,15.6881,27.7,CBH
A1DNL0,60.0,5.0,Bagasse,0.9458,15.6881,27.7,CBH
A1DNL0,60.0,6.0,Bagasse,0.8701,15.6881,27.7,CBH
A1DNL0,60.0,7.0,Bagasse,0.7063,15.6881,27.7,CBH
A1DNL0,60.0,8.0,Bagasse,0.4723,15.6881,27.7,CBH
A1DNL0,70.0,4.0,Bagasse,0.844,15.6881,27.7,CBH
A1DNL0,70.0,5.0,Bagasse,0.8294,15.6881,27.7,CBH
A1DNL0,70.0,6.0,Bagasse,0.7393,15.6881,27.7,CBH
A1DNL0,70.0,7.0,Bagasse,0.5742,15.6881,27.7,CBH
A1DNL0,70.0,8.0,Bagasse,0.3572,15.6881,27.7,CBH
P15828,30.0,4.0,Cellulose,0.1951,2.9133,27.88,CBH
P15828,30.0,5.0,Cellulose,0.3359,2.9133,27.88,CBH
P15828,30.0,6.0,Cellulose,0.4397,2.9133,27.88,CBH
P15828,30.0,7.0,Cellulose,0.4813,2.9133,27.88,CBH
P15828,30.0,8.0,Cellulose,0.4534,2.9133,27.88,CBH
P15828,40.0,4.0,Cellulose,0.3549,2.9133,27.88,CBH
P15828,40.0,5.0,Cellulose,0.5319,2.9133,27.88,CBH
P15828,40.0,6.0,Cellulose,0.6513,2.9133,27.88,CBH
P15828,40.0,7.0,Cellulose,0.6972,2.9133,27.88,CBH
P15828,40.0,8.0,Cellulose,0.6666,2.9133,27.88,CBH
P15828,50.0,4.0,Cellulose,0.4431,2.9133,27.88,CBH
P15828,50.0,5.0,Cellulose,0.6319,2.9133,27.88,CBH
P15828,50.0,6.0,Cellulose,0.7543,2.9133,27.88,CBH
P15828,50.0,7.0,Cellulose,0.8,2.9133,27.88,CBH
P15828,50.0,8.0,Cellulose,0.7696,2.9133,27.88,CBH
P15828,60.0,4.0,Cellulose,0.4282,2.9133,27.88,CBH
P15828,60.0,5.0,Cellulose,0.6153,2.9133,27.88,CBH
P15828,60.0,6.0,Cellulose,0.7376,2.9133,27.88,CBH
P15828,60.0,7.0,Cellulose,0.7834,2.9133,27.88,CBH
P15828,60.0,8.0,Cellulose,0.7529,2.9133,27.88,CBH
P15828,70.0,4.0,Cellulose,0.3148,2.9133,27.88,CBH
P15828,70.0,5.0,Cellulose,0.4849,2.9133,27.88,CBH
P15828,70.0,6.0,Cellulose,0.6017,2.9133,27.88,CBH
P15828,70.0,7.0,Cellulose,0.6471,2.9133,27.88,CBH
P15828,70.0,8.0,Cellulose,0.6167,2.9133,27.88,CBH
P15828,30.0,4.0,Xylan,0.0397,2.9133,27.88,CBH
P15828,30.0,5.0,Xylan,0.0966,2.9133,27.88,CBH
P15828,30.0,6.0,Xylan,0.1525,2.9133,27.88,CBH
P15828,30.0,7.0,Xylan,0.1778,2.9133,27.88,CBH
P15828,30.0,8.0,Xylan,0.1607,2.9133,27.88,CBH
P15828,40.0,4.0,Xylan,0.106,2.9133,27.88,CBH
P15828,40.0,5.0,Xylan,0.2105,2.9133,27.88,CBH
P15828,40.0,6.0,Xylan,0.2958,2.9133,27.88,CBH
P15828,40.0,7.0,Xylan,0.3314,2.9133,27.88,CBH
P15828,40.0,8.0,Xylan,0.3074,2.9133,27.88,CBH
P15828,50.0,4.0,Xylan,0.1545,2.9133,27.88,CBH
P15828,50.0,5.0,Xylan,0.2811,2.9133,27.88,CBH
P15828,50.0,6.0,Xylan,0.3779,2.9133,27.88,CBH
P15828,50.0,7.0,Xylan,0.4173,2.9133,27.88,CBH
P15828,50.0,8.0,Xylan,0.3909,2.9133,27.88,CBH
P15828,60.0,4.0,Xylan,0.1458,2.9133,27.88,CBH
P15828,60.0,5.0,Xylan,0.2689,2.9133,27.88,CBH
P15828,60.0,6.0,Xylan,0.364,2.9133,27.88,CBH
P15828,60.0,7.0,Xylan,0.4028,2.9133,27.88,CBH
P15828,60.0,8.0,Xylan,0.3767,2.9133,27.88,CBH
P15828,70.0,4.0,Xylan,0.0865,2.9133,27.88,CBH
P15828,70.0,5.0,Xylan,0.18,2.9133,27.88,CBH
P15828,70.0,6.0,Xylan,0.259,2.9133,27.88,CBH
P15828,70.0,7.0,Xylan,0.2925,2.9133,27.88,CBH
P15828,70.0,8.0,Xylan,0.27,2.9133,27.88,CBH
P15828,30.0,4.0,Bagasse,0.1598,2.9133,27.88,CBH
P15828,30.0,5.0,Bagasse,0.2884,2.9133,27.88,CBH
P15828,30.0,6.0,Bagasse,0.3862,2.9133,27.88,CBH
P15828,30.0,7.0,Bagasse,0.426,2.9133,27.88,CBH
P15828,30.0,8.0,Bagasse,0.3993,2.9133,27.88,CBH
P15828,40.0,4.0,Bagasse,0.3062,2.9133,27.88,CBH
P15828,40.0,5.0,Bagasse,0.4746,2.9133,27.88,CBH
P15828,40.0,6.0,Bagasse,0.5907,2.9133,27.88,CBH
P15828,40.0,7.0,Bagasse,0.6359,2.9133,27.88,CBH
P15828,40.0,8.0,Bagasse,0.6057,2.9133,27.88,CBH
P15828,50.0,4.0,Bagasse,0.3895,2.9133,27.88,CBH
P15828,50.0,5.0,Bagasse,0.5717,2.9133,27.88,CBH
P15828,50.0,6.0,Bagasse,0.6927,2.9133,27.88,CBH
P15828,50.0,7.0,Bagasse,0.7388,2.9133,27.88,CBH
P15828,50.0,8.0,Bagasse,0.7081,2.9133,27.88,CBH
P15828,60.0,4.0,Bagasse,0.3753,2.9133,27.88,CBH
P15828,60.0,5.0,Bagasse,0.5555,2.9133,27.88,CBH
P15828,60.0,6.0,Bagasse,0.676,2.9133,27.88,CBH
P15828,60.0,7.0,Bagasse,0.722,2.9133,27.88,CBH
P15828,60.0,8.0,Bagasse,0.6913,2.9133,27.88,CBH
P15828,70.0,4.0,Bagasse,0.2688,2.9133,27.88,CBH
P15828,70.0,5.0,Bagasse,0.4293,2.9133,27.88,CBH
P15828,70.0,6.0,Bagasse,0.5422,2.9133,27.88,CBH
P15828,70.0,7.0,Bagasse,0.5865,2.9133,27.88,CBH
P15828,70.0,8.0,Bagasse,0.5569,2.9133,27.88,CBH
P19355,30.0,4.0,Cellulose,0.8972,130.8579,27.78,CBH
P19355,30.0,5.0,Cellulose,0.9881,130.8579,27.78,CBH
P19355,30.0,6.0,Cellulose,0.9986,130.8579,27.78,CBH
P19355,30.0,7.0,Cellulose,0.9981,130.8579,27.78,CBH
P19355,30.0,8.0,Cellulose,0.9801,130.8579,27.78,CBH
P19355,40.0,4.0,Cellulose,0.999,130.8579,27.78,CBH
P19355,40.0,5.0,Cellulose,1.0,130.8579,27.78,CBH
P19355,40.0,6.0,Cellulose,1.0,130.8579,27.78,CBH
P19355,40.0,7.0,Cellulose,1.0,130.8579,27.78,CBH
P19355,40.0,8.0,Cellulose,1.0,130.8579,27.78,CBH
P19355,50.0,4.0,Cellulose,1.0,130.8579,27.78,CBH
P19355,50.0,5.0,Cellulose,1.0,130.8579,27.78,CBH
P19355,50.0,6.0,Cellulose,1.0,130.8579,27.78,CBH
P19355,50.0,7.0,Cellulose,1.0,130.8579,27.78,CBH
P19355,50.0,8.0,Cellulose,1.0,130.8579,27.78,CBH
P19355,60.0,4.0,Cellulose,1.0,130.8579,27.78,CBH
P19355,60.0,5.0,Cellulose,1.0,130.8579,27.78,CBH
P19355,60.0,6.0,Cellulose,1.0,130.8579,27.78,CBH
P19355,60.0,7.0,Cellulose,1.0,130.8579,27.78,CBH
P19355,60.0,8.0,Cellulose,1.0,130.8579,27.78,CBH
P19355,70.0,4.0,Cellulose,0.9942,130.8579,27.78,CBH
P19355,70.0,5.0,Cellulose,1.0,130.8579,27.78,CBH
P19355,70.0,6.0,Cellulose,1.0,130.8579,27.78,CBH
P19355,70.0,7.0,Cellulose,1.0,130.8579,27.78,CBH
P19355,70.0,8.0,Cellulose,1.0,130.8579,27.78,CBH
P19355,30.0,4.0,Xylan,0.512,130.8579,27.78,CBH
P19355,30.0,5.0,Xylan,0.6527,130.8579,27.78,CBH
P19355,30.0,6.0,Xylan,0.7214,130.8579,27.78,CBH
P19355,30.0,7.0,Xylan,0.7138,130.8579,27.78,CBH
P19355,30.0,8.0,Xylan,0.63,130.8579,27.78,CBH
P19355,40.0,4.0,Xylan,0.7296,130.8579,27.78,CBH
P19355,40.0,5.0,Xylan,0.8715,130.8579,27.78,CBH
P19355,40.0,6.0,Xylan,0.9303,130.8579,27.78,CBH
P19355,40.0,7.0,Xylan,0.9243,130.8579,27.78,CBH
P19355,40.0,8.0,Xylan,0.85,130.8579,27.78,CBH
P19355,50.0,4.0,Xylan,0.8313,130.8579,27.78,CBH
P19355,50.0,5.0,Xylan,0.9545,130.8579,27.78,CBH
P19355,50.0,6.0,Xylan,0.9874,130.8579,27.78,CBH
P19355,50.0,7.0,Xylan,0.9849,130.8579,27.78,CBH
P19355,50.0,8.0,Xylan,0.9386,130.8579,27.78,CBH
P19355,60.0,4.0,Xylan,0.815,130.8579,27.78,CBH
P19355,60.0,5.0,Xylan,0.9431,130.8579,27.78,CBH
P19355,60.0,6.0,Xylan,0.9816,130.8579,27.78,CBH
P19355,60.0,7.0,Xylan,0.9785,130.8579,27.78,CBH
P19355,60.0,8.0,Xylan,0.9259,130.8579,27.78,CBH
P19355,70.0,4.0,Xylan,0.6794,130.8579,27.78,CBH
P19355,70.0,5.0,Xylan,0.8239,130.8579,27.78,CBH
P19355,70.0,6.0,Xylan,0.8884,130.8579,27.78,CBH
P19355,70.0,7.0,Xylan,0.8815,130.8579,27.78,CBH
P19355,70.0,8.0,Xylan,0.8015,130.8579,27.78,CBH
P19355,30.0,4.0,Bagasse,0.8407,130.8579,27.78,CBH
P19355,30.0,5.0,Bagasse,0.9606,130.8579,27.78,CBH
P19355,30.0,6.0,Bagasse,0.9901,130.8579,27.78,CBH
P19355,30.0,7.0,Bagasse,0.988,130.8579,27.78,CBH
P19355,30.0,8.0,Bagasse,0.9456,130.8579,27.78,CBH
P19355,40.0,4.0,Bagasse,0.992,130.8579,27.78,CBH
P19355,40.0,5.0,Bagasse,1.0,130.8579,27.78,CBH
P19355,40.0,6.0,Bagasse,1.0,130.8579,27.78,CBH
P19355,40.0,7.0,Bagasse,1.0,130.8579,27.78,CBH
P19355,40.0,8.0,Bagasse,0.9999,130.8579,27.78,CBH
P19355,50.0,4.0,Bagasse,0.9998,130.8579,27.78,CBH
P19355,50.0,5.0,Bagasse,1.0,130.8579,27.78,CBH
P19355,50.0,6.0,Bagasse,1.0,130.8579,27.78,CBH
P19355,50.0,7.0,Bagasse,1.0,130.8579,27.78,CBH
P19355,50.0,8.0,Bagasse,1.0,130.8579,27.78,CBH
P19355,60.0,4.0,Bagasse,0.9997,130.8579,27.78,CBH
P19355,60.0,5.0,Bagasse,1.0,130.8579,27.78,CBH
P19355,60.0,6.0,Bagasse,1.0,130.8579,27.78,CBH
P19355,60.0,7.0,Bagasse,1.0,130.8579,27.78,CBH
P19355,60.0,8.0,Bagasse,1.0,130.8579,27.78,CBH
P19355,70.0,4.0,Bagasse,0.9749,130.8579,27.78,CBH
P19355,70.0,5.0,Bagasse,0.9998,130.8579,27.78,CBH
P19355,70.0,6.0,Bagasse,1.0,130.8579,27.78,CBH
P19355,70.0,7.0,Bagasse,1.0,130.8579,27.78,CBH
P19355,70.0,8.0,Bagasse,0.9994,130.8579,27.78,CBH
P49075,30.0,4.0,Cellulose,0.6998,358.5735,26.42,CBH
P49075,30.0,5.0,Cellulose,0.9439,358.5735,26.42,CBH
P49075,30.0,6.0,Cellulose,0.9996,358.5735,26.42,CBH
P49075,30.0,7.0,Cellulose,1.0,358.5735,26.42,CBH
P49075,30.0,8.0,Cellulose,1.0,358.5735,26.42,CBH
P49075,40.0,4.0,Cellulose,0.9223,358.5735,26.42,CBH
P49075,40.0,5.0,Cellulose,1.0,358.5735,26.42,CBH
P49075,40.0,6.0,Cellulose,1.0,358.5735,26.42,CBH
P49075,40.0,7.0,Cellulose,1.0,358.5735,26.42,CBH
P49075,40.0,8.0,Cellulose,1.0,358.5735,26.42,CBH
P49075,50.0,4.0,Cellulose,0.9877,358.5735,26.42,CBH
P49075,50.0,5.0,Cellulose,1.0,358.5735,26.42,CBH
P49075,50.0,6.0,Cellulose,1.0,358.5735,26.42,CBH
P49075,50.0,7.0,Cellulose,1.0,358.5735,26.42,CBH
P49075,50.0,8.0,Cellulose,1.0,358.5735,26.42,CBH
P49075,60.0,4.0,Cellulose,0.9854,358.5735,26.42,CBH
P49075,60.0,5.0,Cellulose,1.0,358.5735,26.42,CBH
P49075,60.0,6.0,Cellulose,1.0,358.5735,26.42,CBH
P49075,60.0,7.0,Cellulose,1.0,358.5735,26.42,CBH
P49075,60.0,8.0,Cellulose,1.0,358.5735,26.42,CBH
P49075,70.0,4.0,Cellulose,0.9043,358.5735,26.42,CBH
P49075,70.0,5.0,Cellulose,0.9999,358.5735,26.42,CBH
P49075,70.0,6.0,Cellulose,1.0,358.5735,26.42,CBH
P49075,70.0,7.0,Cellulose,1.0,358.5735,26.42,CBH
P49075,70.0,8.0,Cellulose,1.0,358.5735,26.42,CBH
P49075,30.0,4.0,Xylan,0.3331,358.5735,26.42,CBH
P49075,30.0,5.0,Xylan,0.5649,358.5735,26.42,CBH
P49075,30.0,6.0,Xylan,0.7475,358.5735,26.42,CBH
P49075,30.0,7.0,Xylan,0.8532,358.5735,26.42,CBH
P49075,30.0,8.0,Xylan,0.8818,358.5735,26.42,CBH
P49075,40.0,4.0,Xylan,0.5377,358.5735,26.42,CBH
P49075,40.0,5.0,Xylan,0.7958,358.5735,26.42,CBH
P49075,40.0,6.0,Xylan,0.9569,358.5735,26.42,CBH
P49075,40.0,7.0,Xylan,0.9963,358.5735,26.42,CBH
P49075,40.0,8.0,Xylan,0.9988,358.5735,26.42,CBH
P49075,50.0,4.0,Xylan,0.6476,358.5735,26.42,CBH
P49075,50.0,5.0,Xylan,0.9022,358.5735,26.42,CBH
P49075,50.0,6.0,Xylan,0.9969,358.5735,26.42,CBH
P49075,50.0,7.0,Xylan,1.0,358.5735,26.42,CBH
P49075,50.0,8.0,Xylan,1.0,358.5735,26.42,CBH
P49075,60.0,4.0,Xylan,0.6405,358.5735,26.42,CBH
P49075,60.0,5.0,Xylan,0.8959,358.5735,26.42,CBH
P49075,60.0,6.0,Xylan,0.9961,358.5735,26.42,CBH
P49075,60.0,7.0,Xylan,1.0,358.5735,26.42,CBH
P49075,60.0,8.0,Xylan,1.0,358.5735,26.42,CBH
P49075,70.0,4.0,Xylan,0.5173,358.5735,26.42,CBH
P49075,70.0,5.0,Xylan,0.7744,358.5735,26.42,CBH
P49075,70.0,6.0,Xylan,0.9422,358.5735,26.42,CBH
P49075,70.0,7.0,Xylan,0.9929,358.5735,26.42,CBH
P49075,70.0,8.0,Xylan,0.9973,358.5735,26.42,CBH
P49075,30.0,4.0,Bagasse,0.6384,358.5735,26.42,CBH
P49075,30.0,5.0,Bagasse,0.894,358.5735,26.42,CBH
P49075,30.0,6.0,Bagasse,0.9958,358.5735,26.42,CBH
P49075,30.0,7.0,Bagasse,1.0,358.5735,26.42,CBH
P49075,30.0,8.0,Bagasse,1.0,358.5735,26.42,CBH
P49075,40.0,4.0,Bagasse,0.8683,358.5735,26.42,CBH
P49075,40.0,5.0,Bagasse,0.9993,358.5735,26.42,CBH
P49075,40.0,6.0,Bagasse,1.0,358.5735,26.42,CBH
P49075,40.0,7.0,Bagasse,1.0,358.5735,26.42,CBH
P49075,40.0,8.0,Bagasse,1.0,358.5735,26.42,CBH
P49075,50.0,4.0,Bagasse,0.9592,358.5735,26.42,CBH
P49075,50.0,5.0,Bagasse,1.0,358.5735,26.42,CBH
P49075,50.0,6.0,Bagasse,1.0,358.5735,26.42,CBH
P49075,50.0,7.0,Bagasse,1.0,358.5735,26.42,CBH
P49075,50.0,8.0,Bagasse,1.0,358.5735,26.42,CBH
P49075,60.0,4.0,Bagasse,0.9546,358.5735,26.42,CBH
P49075,60.0,5.0,Bagasse,1.0,358.5735,26.42,CBH
P49075,60.0,6.0,Bagasse,1.0,358.5735,26.42,CBH
P49075,60.0,7.0,Bagasse,1.0,358.5735,26.42,CBH
P49075,60.0,8.0,Bagasse,1.0,358.5735,26.42,CBH
P49075,70.0,4.0,Bagasse,0.848,358.5735,26.42,CBH
P49075,70.0,5.0,Bagasse,0.9984,358.5735,26.42,CBH
P49075,70.0,6.0,Bagasse,1.0,358.5735,26.42,CBH
P49075,70.0,7.0,Bagasse,1.0,358.5735,26.42,CBH
P49075,70.0,8.0,Bagasse,1.0,358.5735,26.42,CBH
P62695,30.0,4.0,Cellulose,0.8924,43.9703,27.93,CBH
P62695,30.0,5.0,Cellulose,0.912,43.9703,27.93,CBH
P62695,30.0,6.0,Cellulose,0.8648,43.9703,27.93,CBH
P62695,30.0,7.0,Cellulose,0.7384,43.9703,27.93,CBH
P62695,30.0,8.0,Cellulose,0.5366,43.9703,27.93,CBH
P62695,40.0,4.0,Cellulose,0.9986,43.9703,27.93,CBH
P62695,40.0,5.0,Cellulose,0.9995,43.9703,27.93,CBH
P62695,40.0,6.0,Cellulose,0.996,43.9703,27.93,CBH
P62695,40.0,7.0,Cellulose,0.9412,43.9703,27.93,CBH
P62695,40.0,8.0,Cellulose,0.7529,43.9703,27.93,CBH
P62695,50.0,4.0,Cellulose,1.0,43.9703,27.93,CBH
P62695,50.0,5.0,Cellulose,1.0,43.9703,27.93,CBH
P62695,50.0,6.0,Cellulose,1.0,43.9703,27.93,CBH
P62695,50.0,7.0,Cellulose,0.9908,43.9703,27.93,CBH
P62695,50.0,8.0,Cellulose,0.8519,43.9703,27.93,CBH
P62695,60.0,4.0,Cellulose,1.0,43.9703,27.93,CBH
P62695,60.0,5.0,Cellulose,1.0,43.9703,27.93,CBH
P62695,60.0,6.0,Cellulose,0.9999,43.9703,27.93,CBH
P62695,60.0,7.0,Cellulose,0.9858,43.9703,27.93,CBH
P62695,60.0,8.0,Cellulose,0.8348,43.9703,27.93,CBH
P62695,70.0,4.0,Cellulose,0.992,43.9703,27.93,CBH
P62695,70.0,5.0,Cellulose,0.9959,43.9703,27.93,CBH
P62695,70.0,6.0,Cellulose,0.9832,43.9703,27.93,CBH
P62695,70.0,7.0,Cellulose,0.8982,43.9703,27.93,CBH
P62695,70.0,8.0,Cellulose,0.6994,43.9703,27.93,CBH
P62695,30.0,4.0,Xylan,0.5094,43.9703,27.93,CBH
P62695,30.0,5.0,Xylan,0.5308,43.9703,27.93,CBH
P62695,30.0,6.0,Xylan,0.4814,43.9703,27.93,CBH
P62695,30.0,7.0,Xylan,0.3689,43.9703,27.93,CBH
P62695,30.0,8.0,Xylan,0.2183,43.9703,27.93,CBH
P62695,40.0,4.0,Xylan,0.7239,43.9703,27.93,CBH
P62695,40.0,5.0,Xylan,0.7467,43.9703,27.93,CBH
P62695,40.0,6.0,Xylan,0.6935,43.9703,27.93,CBH
P62695,40.0,7.0,Xylan,0.5663,43.9703,27.93,CBH
P62695,40.0,8.0,Xylan,0.3809,43.9703,27.93,CBH
P62695,50.0,4.0,Xylan,0.8241,43.9703,27.93,CBH
P62695,50.0,5.0,Xylan,0.846,43.9703,27.93,CBH
P62695,50.0,6.0,Xylan,0.7943,43.9703,27.93,CBH
P62695,50.0,7.0,Xylan,0.6653,43.9703,27.93,CBH
P62695,50.0,8.0,Xylan,0.4689,43.9703,27.93,CBH
P62695,60.0,4.0,Xylan,0.8067,43.9703,27.93,CBH
P62695,60.0,5.0,Xylan,0.8289,43.9703,27.93,CBH
P62695,60.0,6.0,Xylan,0.7766,43.9703,27.93,CBH
P62695,60.0,7.0,Xylan,0.6476,43.9703,27.93,CBH
P62695,60.0,8.0,Xylan,0.4529,43.9703,27.93,CBH
P62695,70.0,4.0,Xylan,0.6705,43.9703,27.93,CBH
P62695,70.0,5.0,Xylan,0.6932,43.9703,27.93,CBH
P62695,70.0,6.0,Xylan,0.6403,43.9703,27.93,CBH
P62695,70.0,7.0,Xylan,0.5157,43.9703,27.93,CBH
P62695,70.0,8.0,Xylan,0.3375,43.9703,27.93,CBH
P62695,30.0,4.0,Bagasse,0.8358,43.9703,27.93,CBH
P62695,30.0,5.0,Bagasse,0.8575,43.9703,27.93,CBH
P62695,30.0,6.0,Bagasse,0.8062,43.9703,27.93,CBH
P62695,30.0,7.0,Bagasse,0.6774,43.9703,27.93,CBH
P62695,30.0,8.0,Bagasse,0.4799,43.9703,27.93,CBH
P62695,40.0,4.0,Bagasse,0.9903,43.9703,27.93,CBH
P62695,40.0,5.0,Bagasse,0.9949,43.9703,27.93,CBH
P62695,40.0,6.0,Bagasse,0.9803,43.9703,27.93,CBH
P62695,40.0,7.0,Bagasse,0.8916,43.9703,27.93,CBH
P62695,40.0,8.0,Bagasse,0.6918,43.9703,27.93,CBH
P62695,50.0,4.0,Bagasse,0.9998,43.9703,27.93,CBH
P62695,50.0,5.0,Bagasse,0.9999,43.9703,27.93,CBH
P62695,50.0,6.0,Bagasse,0.9991,43.9703,27.93,CBH
P62695,50.0,7.0,Bagasse,0.9668,43.9703,27.93,CBH
P62695,50.0,8.0,Bagasse,0.7926,43.9703,27.93,CBH
P62695,60.0,4.0,Bagasse,0.9994,43.9703,27.93,CBH
P62695,60.0,5.0,Bagasse,0.9998,43.9703,27.93,CBH
P62695,60.0,6.0,Bagasse,0.9981,43.9703,27.93,CBH
P62695,60.0,7.0,Bagasse,0.9562,43.9703,27.93,CBH
P62695,60.0,8.0,Bagasse,0.775,43.9703,27.93,CBH
P62695,70.0,4.0,Bagasse,0.9696,43.9703,27.93,CBH
P62695,70.0,5.0,Bagasse,0.9802,43.9703,27.93,CBH
P62695,70.0,6.0,Bagasse,0.9514,43.9703,27.93,CBH
P62695,70.0,7.0,Bagasse,0.8422,43.9703,27.93,CBH
P62695,70.0,8.0,Bagasse,0.6387,43.9703,27.93,CBH
Q4WM08,30.0,4.0,Cellulose,0.8487,42.3022,27.66,CBH
Q4WM08,30.0,5.0,Cellulose,0.9041,42.3022,27.66,CBH
Q4WM08,30.0,6.0,Cellulose,0.8908,42.3022,27.66,CBH
Q4WM08,30.0,7.0,Cellulose,0.8045,42.3022,27.66,CBH
Q4WM08,30.0,8.0,Cellulose,0.6375,42.3022,27.66,CBH
Q4WM08,40.0,4.0,Cellulose,0.9938,42.3022,27.66,CBH
Q4WM08,40.0,5.0,Cellulose,0.9993,42.3022,27.66,CBH
Q4WM08,40.0,6.0,Cellulose,0.9987,42.3022,27.66,CBH
Q4WM08,40.0,7.0,Cellulose,0.9808,42.3022,27.66,CBH
Q4WM08,40.0,8.0,Cellulose,0.8575,42.3022,27.66,CBH
Q4WM08,50.0,4.0,Cellulose,0.9999,42.3022,27.66,CBH
Q4WM08,50.0,5.0,Cellulose,1.0,42.3022,27.66,CBH
Q4WM08,50.0,6.0,Cellulose,1.0,42.3022,27.66,CBH
Q4WM08,50.0,7.0,Cellulose,0.9992,42.3022,27.66,CBH
Q4WM08,50.0,8.0,Cellulose,0.945,42.3022,27.66,CBH
Q4WM08,60.0,4.0,Cellulose,0.9998,42.3022,27.66,CBH
Q4WM08,60.0,5.0,Cellulose,1.0,42.3022,27.66,CBH
Q4WM08,60.0,6.0,Cellulose,1.0,42.3022,27.66,CBH
Q4WM08,60.0,7.0,Cellulose,0.9985,42.3022,27.66,CBH
Q4WM08,60.0,8.0,Cellulose,0.9336,42.3022,27.66,CBH
Q4WM08,70.0,4.0,Cellulose,0.9805,42.3022,27.66,CBH
Q4WM08,70.0,5.0,Cellulose,0.996,42.3022,27.66,CBH
Q4WM08,70.0,6.0,Cellulose,0.9937,42.3022,27.66,CBH
Q4WM08,70.0,7.0,Cellulose,0.9567,42.3022,27.66,CBH
Q4WM08,70.0,8.0,Cellulose,0.8129,42.3022,27.66,CBH
Q4WM08,30.0,4.0,Xylan,0.465,42.3022,27.66,CBH
Q4WM08,30.0,5.0,Xylan,0.5212,42.3022,27.66,CBH
Q4WM08,30.0,6.0,Xylan,0.5069,42.3022,27.66,CBH
Q4WM08,30.0,7.0,Xylan,0.4244,42.3022,27.66,CBH
Q4WM08,30.0,8.0,Xylan,0.289,42.3022,27.66,CBH
Q4WM08,40.0,4.0,Xylan,0.6784,42.3022,27.66,CBH
Q4WM08,40.0,5.0,Xylan,0.7394,42.3022,27.66,CBH
Q4WM08,40.0,6.0,Xylan,0.7241,42.3022,27.66,CBH
Q4WM08,40.0,7.0,Xylan,0.633,42.3022,27.66,CBH
Q4WM08,40.0,8.0,Xylan,0.4734,42.3022,27.66,CBH
Q4WM08,50.0,4.0,Xylan,0.7819,42.3022,27.66,CBH
Q4WM08,50.0,5.0,Xylan,0.8415,42.3022,27.66,CBH
Q4WM08,50.0,6.0,Xylan,0.8268,42.3022,27.66,CBH
Q4WM08,50.0,7.0,Xylan,0.7363,42.3022,27.66,CBH
Q4WM08,50.0,8.0,Xylan,0.5705,42.3022,27.66,CBH
Q4WM08,60.0,4.0,Xylan,0.7665,42.3022,27.66,CBH
Q4WM08,60.0,5.0,Xylan,0.8266,42.3022,27.66,CBH
Q4WM08,60.0,6.0,Xylan,0.8117,42.3022,27.66,CBH
Q4WM08,60.0,7.0,Xylan,0.7208,42.3022,27.66,CBH
Q4WM08,60.0,8.0,Xylan,0.5557,42.3022,27.66,CBH
Q4WM08,70.0,4.0,Xylan,0.6323,42.3022,27.66,CBH
Q4WM08,70.0,5.0,Xylan,0.6929,42.3022,27.66,CBH
Q4WM08,70.0,6.0,Xylan,0.6777,42.3022,27.66,CBH
Q4WM08,70.0,7.0,Xylan,0.5876,42.3022,27.66,CBH
Q4WM08,70.0,8.0,Xylan,0.4319,42.3022,27.66,CBH
Q4WM08,30.0,4.0,Bagasse,0.7892,42.3022,27.66,CBH
Q4WM08,30.0,5.0,Bagasse,0.8485,42.3022,27.66,CBH
Q4WM08,30.0,6.0,Bagasse,0.834,42.3022,27.66,CBH
Q4WM08,30.0,7.0,Bagasse,0.7437,42.3022,27.66,CBH
Q4WM08,30.0,8.0,Bagasse,0.5777,42.3022,27.66,CBH
Q4WM08,40.0,4.0,Bagasse,0.974,42.3022,27.66,CBH
Q4WM08,40.0,5.0,Bagasse,0.9938,42.3022,27.66,CBH
Q4WM08,40.0,6.0,Bagasse,0.9906,42.3022,27.66,CBH
Q4WM08,40.0,7.0,Bagasse,0.947,42.3022,27.66,CBH
Q4WM08,40.0,8.0,Bagasse,0.7984,42.3022,27.66,CBH
Q4WM08,50.0,4.0,Bagasse,0.9985,42.3022,27.66,CBH
Q4WM08,50.0,5.0,Bagasse,0.9999,42.3022,27.66,CBH
Q4WM08,50.0,6.0,Bagasse,0.9998,42.3022,27.66,CBH
Q4WM08,50.0,7.0,Bagasse,0.9932,42.3022,27.66,CBH
Q4WM08,50.0,8.0,Bagasse,0.8961,42.3022,27.66,CBH
Q4WM08,60.0,4.0,Bagasse,0.9974,42.3022,27.66,CBH
Q4WM08,60.0,5.0,Bagasse,0.9998,42.3022,27.66,CBH
Q4WM08,60.0,6.0,Bagasse,0.9996,42.3022,27.66,CBH
Q4WM08,60.0,7.0,Bagasse,0.9897,42.3022,27.66,CBH
Q4WM08,60.0,8.0,Bagasse,0.8824,42.3022,27.66,CBH
Q4WM08,70.0,4.0,Bagasse,0.9465,42.3022,27.66,CBH
Q4WM08,70.0,5.0,Bagasse,0.9805,42.3022,27.66,CBH
Q4WM08,70.0,6.0,Bagasse,0.9737,42.3022,27.66,CBH
Q4WM08,70.0,7.0,Bagasse,0.9112,42.3022,27.66,CBH
Q4WM08,70.0,8.0,Bagasse,0.7523,42.3022,27.66,CBH
P0C2S1,30.0,4.0,Cellulose,0.7761,57.6311,28.49,CBH
P0C2S1,30.0,5.0,Cellulose,0.9122,57.6311,28.49,CBH
P0C2S1,30.0,6.0,Cellulose,0.9619,57.6311,28.49,CBH
P0C2S1,30.0,7.0,Cellulose,0.9572,57.6311,28.49,CBH
P0C2S1,30.0,8.0,Cellulose,0.8926,57.6311,28.49,CBH
P0C2S1,40.0,4.0,Cellulose,0.9638,57.6311,28.49,CBH
P0C2S1,40.0,5.0,Cellulose,0.9994,57.6311,28.49,CBH
P0C2S1,40.0,6.0,Cellulose,1.0,57.6311,28.49,CBH
P0C2S1,40.0,7.0,Cellulose,1.0,57.6311,28.49,CBH
P0C2S1,40.0,8.0,Cellulose,0.9984,57.6311,28.49,CBH
P0C2S1,50.0,4.0,Cellulose,0.9963,57.6311,28.49,CBH
P0C2S1,50.0,5.0,Cellulose,1.0,57.6311,28.49,CBH
P0C2S1,50.0,6.0,Cellulose,1.0,57.6311,28.49,CBH
P0C2S1,50.0,7.0,Cellulose,1.0,57.6311,28.49,CBH
P0C2S1,50.0,8.0,Cellulose,1.0,57.6311,28.49,CBH
P0C2S1,60.0,4.0,Cellulose,0.9929,57.6311,28.49,CBH
P0C2S1,60.0,5.0,Cellulose,1.0,57.6311,28.49,CBH
P0C2S1,60.0,6.0,Cellulose,1.0,57.6311,28.49,CBH
P0C2S1,60.0,7.0,Cellulose,1.0,57.6311,28.49,CBH
P0C2S1,60.0,8.0,Cellulose,1.0,57.6311,28.49,CBH
P0C2S1,70.0,4.0,Cellulose,0.9185,57.6311,28.49,CBH
P0C2S1,70.0,5.0,Cellulose,0.9937,57.6311,28.49,CBH
P0C2S1,70.0,6.0,Cellulose,0.9995,57.6311,28.49,CBH
P0C2S1,70.0,7.0,Cellulose,0.9993,57.6311,28.49,CBH
P0C2S1,70.0,8.0,Cellulose,0.9885,57.6311,28.49,CBH
P0C2S1,30.0,4.0,Xylan,0.3974,57.6311,28.49,CBH
P0C2S1,30.0,5.0,Xylan,0.5288,57.6311,28.49,CBH
P0C2S1,30.0,6.0,Xylan,0.595,57.6311,28.49,CBH
P0C2S1,30.0,7.0,Xylan,0.5875,57.6311,28.49,CBH
P0C2S1,30.0,8.0,Xylan,0.5072,57.6311,28.49,CBH
P0C2S1,40.0,4.0,Xylan,0.5983,57.6311,28.49,CBH
P0C2S1,40.0,5.0,Xylan,0.7428,57.6311,28.49,CBH
P0C2S1,40.0,6.0,Xylan,0.811,57.6311,28.49,CBH
P0C2S1,40.0,7.0,Xylan,0.8035,57.6311,28.49,CBH
P0C2S1,40.0,8.0,Xylan,0.7198,57.6311,28.49,CBH
P0C2S1,50.0,4.0,Xylan,0.6954,57.6311,28.49,CBH
P0C2S1,50.0,5.0,Xylan,0.8393,57.6311,28.49,CBH
P0C2S1,50.0,6.0,Xylan,0.9022,57.6311,28.49,CBH
P0C2S1,50.0,7.0,Xylan,0.8955,57.6311,28.49,CBH
P0C2S1,50.0,8.0,Xylan,0.8171,57.6311,28.49,CBH
P0C2S1,60.0,4.0,Xylan,0.6739,57.6311,28.49,CBH
P0C2S1,60.0,5.0,Xylan,0.8185,57.6311,28.49,CBH
P0C2S1,60.0,6.0,Xylan,0.8833,57.6311,28.49,CBH
P0C2S1,60.0,7.0,Xylan,0.8764,57.6311,28.49,CBH
P0C2S1,60.0,8.0,Xylan,0.796,57.6311,28.49,CBH
P0C2S1,70.0,4.0,Xylan,0.536,57.6311,28.49,CBH
P0C2S1,70.0,5.0,Xylan,0.6782,57.6311,28.49,CBH
P0C2S1,70.0,6.0,Xylan,0.7471,57.6311,28.49,CBH
P0C2S1,70.0,7.0,Xylan,0.7394,57.6311,28.49,CBH
P0C2S1,70.0,8.0,Xylan,0.6553,57.6311,28.49,CBH
P0C2S1,30.0,4.0,Bagasse,0.7148,57.6311,28.49,CBH
P0C2S1,30.0,5.0,Bagasse,0.8576,57.6311,28.49,CBH
P0C2S1,30.0,6.0,Bagasse,0.9183,57.6311,28.49,CBH
P0C2S1,30.0,7.0,Bagasse,0.912,57.6311,28.49,CBH
P0C2S1,30.0,8.0,Bagasse,0.8358,57.6311,28.49,CBH
P0C2S1,40.0,4.0,Bagasse,0.921,57.6311,28.49,CBH
P0C2S1,40.0,5.0,Bagasse,0.9943,57.6311,28.49,CBH
P0C2S1,40.0,6.0,Bagasse,0.9995,57.6311,28.49,CBH
P0C2S1,40.0,7.0,Bagasse,0.9994,57.6311,28.49,CBH
P0C2S1,40.0,8.0,Bagasse,0.9894,57.6311,28.49,CBH
P0C2S1,50.0,4.0,Bagasse,0.9814,57.6311,28.49,CBH
P0C2S1,50.0,5.0,Bagasse,0.9999,57.6311,28.49,CBH
P0C2S1,50.0,6.0,Bagasse,1.0,57.6311,28.49,CBH
P0C2S1,50.0,7.0,Bagasse,1.0,57.6311,28.49,CBH
P0C2S1,50.0,8.0,Bagasse,0.9997,57.6311,28.49,CBH
P0C2S1,60.0,4.0,Bagasse,0.9719,57.6311,28.49,CBH
P0C2S1,60.0,5.0,Bagasse,0.9997,57.6311,28.49,CBH
P0C2S1,60.0,6.0,Bagasse,1.0,57.6311,28.49,CBH
P0C2S1,60.0,7.0,Bagasse,1.0,57.6311,28.49,CBH
P0C2S1,60.0,8.0,Bagasse,0.9991,57.6311,28.49,CBH
P0C2S1,70.0,4.0,Bagasse,0.8647,57.6311,28.49,CBH
P0C2S1,70.0,5.0,Bagasse,0.974,57.6311,28.49,CBH
P0C2S1,70.0,6.0,Bagasse,0.995,57.6311,28.49,CBH
P0C2S1,70.0,7.0,Bagasse,0.9937,57.6311,28.49,CBH
P0C2S1,70.0,8.0,Bagasse,0.9617,57.6311,28.49,CBH
P0C2S5,30.0,4.0,Cellulose,0.6221,19.8225,28.26,CBH
P0C2S5,30.0,5.0,Cellulose,0.7516,19.8225,28.26,CBH
P0C2S5,30.0,6.0,Cellulose,0.8047,19.8225,28.26,CBH
P0C2S5,30.0,7.0,Cellulose,0.7821,19.8225,28.26,CBH
P0C2S5,30.0,8.0,Cellulose,0.6828,19.8225,28.26,CBH
P0C2S5,40.0,4.0,Cellulose,0.8388,19.8225,28.26,CBH
P0C2S5,40.0,5.0,Cellulose,0.9492,19.8225,28.26,CBH
P0C2S5,40.0,6.0,Cellulose,0.9789,19.8225,28.26,CBH
P0C2S5,40.0,7.0,Cellulose,0.9678,19.8225,28.26,CBH
P0C2S5,40.0,8.0,Cellulose,0.8951,19.8225,28.26,CBH
P0C2S5,50.0,4.0,Cellulose,0.9267,19.8225,28.26,CBH
P0C2S5,50.0,5.0,Cellulose,0.9928,19.8225,28.26,CBH
P0C2S5,50.0,6.0,Cellulose,0.9988,19.8225,28.26,CBH
P0C2S5,50.0,7.0,Cellulose,0.9972,19.8225,28.26,CBH
P0C2S5,50.0,8.0,Cellulose,0.9677,19.8225,28.26,CBH
P0C2S5,60.0,4.0,Cellulose,0.9102,19.8225,28.26,CBH
P0C2S5,60.0,5.0,Cellulose,0.9879,19.8225,28.26,CBH
P0C2S5,60.0,6.0,Cellulose,0.9975,19.8225,28.26,CBH
P0C2S5,60.0,7.0,Cellulose,0.9947,19.8225,28.26,CBH
P0C2S5,60.0,8.0,Cellulose,0.9558,19.8225,28.26,CBH
P0C2S5,70.0,4.0,Cellulose,0.7792,19.8225,28.26,CBH
P0C2S5,70.0,5.0,Cellulose,0.9019,19.8225,28.26,CBH
P0C2S5,70.0,6.0,Cellulose,0.9441,19.8225,28.26,CBH
P0C2S5,70.0,7.0,Cellulose,0.9271,19.8225,28.26,CBH
P0C2S5,70.0,8.0,Cellulose,0.839,19.8225,28.26,CBH
P0C2S5,30.0,4.0,Xylan,0.2755,19.8225,28.26,CBH
P0C2S5,30.0,5.0,Xylan,0.3772,19.8225,28.26,CBH
P0C2S5,30.0,6.0,Xylan,0.423,19.8225,28.26,CBH
P0C2S5,30.0,7.0,Xylan,0.4031,19.8225,28.26,CBH
P0C2S5,30.0,8.0,Xylan,0.3216,19.8225,28.26,CBH
P0C2S5,40.0,4.0,Xylan,0.4542,19.8225,28.26,CBH
P0C2S5,40.0,5.0,Xylan,0.5757,19.8225,28.26,CBH
P0C2S5,40.0,6.0,Xylan,0.628,19.8225,28.26,CBH
P0C2S5,40.0,7.0,Xylan,0.6055,19.8225,28.26,CBH
P0C2S5,40.0,8.0,Xylan,0.5103,19.8225,28.26,CBH
P0C2S5,50.0,4.0,Xylan,0.5461,19.8225,28.26,CBH
P0C2S5,50.0,5.0,Xylan,0.6733,19.8225,28.26,CBH
P0C2S5,50.0,6.0,Xylan,0.7268,19.8225,28.26,CBH
P0C2S5,50.0,7.0,Xylan,0.7039,19.8225,28.26,CBH
P0C2S5,50.0,8.0,Xylan,0.6053,19.8225,28.26,CBH
P0C2S5,60.0,4.0,Xylan,0.5269,19.8225,28.26,CBH
P0C2S5,60.0,5.0,Xylan,0.6531,19.8225,28.26,CBH
P0C2S5,60.0,6.0,Xylan,0.7065,19.8225,28.26,CBH
P0C2S5,60.0,7.0,Xylan,0.6836,19.8225,28.26,CBH
P0C2S5,60.0,8.0,Xylan,0.5855,19.8225,28.26,CBH
P0C2S5,70.0,4.0,Xylan,0.4007,19.8225,28.26,CBH
P0C2S5,70.0,5.0,Xylan,0.5176,19.8225,28.26,CBH
P0C2S5,70.0,6.0,Xylan,0.5686,19.8225,28.26,CBH
P0C2S5,70.0,7.0,Xylan,0.5466,19.8225,28.26,CBH
P0C2S5,70.0,8.0,Xylan,0.4544,19.8225,28.26,CBH
P0C2S5,30.0,4.0,Bagasse,0.5624,19.8225,28.26,CBH
P0C2S5,30.0,5.0,Bagasse,0.6903,19.8225,28.26,CBH
P0C2S5,30.0,6.0,Bagasse,0.7438,19.8225,28.26,CBH
P0C2S5,30.0,7.0,Bagasse,0.7209,19.8225,28.26,CBH
P0C2S5,30.0,8.0,Bagasse,0.6219,19.8225,28.26,CBH
P0C2S5,40.0,4.0,Bagasse,0.7788,19.8225,28.26,CBH
P0C2S5,40.0,5.0,Bagasse,0.9016,19.8225,28.26,CBH
P0C2S5,40.0,6.0,Bagasse,0.9438,19.8225,28.26,CBH
P0C2S5,40.0,7.0,Bagasse,0.9267,19.8225,28.26,CBH
P0C2S5,40.0,8.0,Bagasse,0.8386,19.8225,28.26,CBH
P0C2S5,50.0,4.0,Bagasse,0.8742,19.8225,28.26,CBH
P0C2S5,50.0,5.0,Bagasse,0.9716,19.8225,28.26,CBH
P0C2S5,50.0,6.0,Bagasse,0.9911,19.8225,28.26,CBH
P0C2S5,50.0,7.0,Bagasse,0.9845,19.8225,28.26,CBH
P0C2S5,50.0,8.0,Bagasse,0.9265,19.8225,28.26,CBH
P0C2S5,60.0,4.0,Bagasse,0.8554,19.8225,28.26,CBH
P0C2S5,60.0,5.0,Bagasse,0.9604,19.8225,28.26,CBH
P0C2S5,60.0,6.0,Bagasse,0.9854,19.8225,28.26,CBH
P0C2S5,60.0,7.0,Bagasse,0.9765,19.8225,28.26,CBH
P0C2S5,60.0,8.0,Bagasse,0.9101,19.8225,28.26,CBH
P0C2S5,70.0,4.0,Bagasse,0.718,19.8225,28.26,CBH
P0C2S5,70.0,5.0,Bagasse,0.8461,19.8225,28.26,CBH
P0C2S5,70.0,6.0,Bagasse,0.8952,19.8225,28.26,CBH
P0C2S5,70.0,7.0,Bagasse,0.8746,19.8225,28.26,CBH
P0C2S5,70.0,8.0,Bagasse,0.779,19.8225,28.26,CBH
A3DH67,30.0,4.0,Cellulose,0.6221,19.8225,28.26,CBH
A3DH67,30.0,5.0,Cellulose,0.7516,19.8225,28.26,CBH
A3DH67,30.0,6.0,Cellulose,0.8047,19.8225,28.26,CBH
A3DH67,30.0,7.0,Cellulose,0.7821,19.8225,28.26,CBH
A3DH67,30.0,8.0,Cellulose,0.6828,19.8225,28.26,CBH
A3DH67,40.0,4.0,Cellulose,0.8388,19.8225,28.26,CBH
A3DH67,40.0,5.0,Cellulose,0.9492,19.8225,28.26,CBH
A3DH67,40.0,6.0,Cellulose,0.9789,19.8225,28.26,CBH
A3DH67,40.0,7.0,Cellulose,0.9678,19.8225,28.26,CBH
A3DH67,40.0,8.0,Cellulose,0.8951,19.8225,28.26,CBH
A3DH67,50.0,4.0,Cellulose,0.9267,19.8225,28.26,CBH
A3DH67,50.0,5.0,Cellulose,0.9928,19.8225,28.26,CBH
A3DH67,50.0,6.0,Cellulose,0.9988,19.8225,28.26,CBH
A3DH67,50.0,7.0,Cellulose,0.9972,19.8225,28.26,CBH
A3DH67,50.0,8.0,Cellulose,0.9677,19.8225,28.26,CBH
A3DH67,60.0,4.0,Cellulose,0.9102,19.8225,28.26,CBH
A3DH67,60.0,5.0,Cellulose,0.9879,19.8225,28.26,CBH
A3DH67,60.0,6.0,Cellulose,0.9975,19.8225,28.26,CBH
A3DH67,60.0,7.0,Cellulose,0.9947,19.8225,28.26,CBH
A3DH67,60.0,8.0,Cellulose,0.9558,19.8225,28.26,CBH
A3DH67,70.0,4.0,Cellulose,0.7792,19.8225,28.26,CBH
A3DH67,70.0,5.0,Cellulose,0.9019,19.8225,28.26,CBH
A3DH67,70.0,6.0,Cellulose,0.9441,19.8225,28.26,CBH
A3DH67,70.0,7.0,Cellulose,0.9271,19.8225,28.26,CBH
A3DH67,70.0,8.0,Cellulose,0.839,19.8225,28.26,CBH
A3DH67,30.0,4.0,Xylan,0.2755,19.8225,28.26,CBH
A3DH67,30.0,5.0,Xylan,0.3772,19.8225,28.26,CBH
A3DH67,30.0,6.0,Xylan,0.423,19.8225,28.26,CBH
A3DH67,30.0,7.0,Xylan,0.4031,19.8225,28.26,CBH
A3DH67,30.0,8.0,Xylan,0.3216,19.8225,28.26,CBH
A3DH67,40.0,4.0,Xylan,0.4542,19.8225,28.26,CBH
A3DH67,40.0,5.0,Xylan,0.5757,19.8225,28.26,CBH
A3DH67,40.0,6.0,Xylan,0.628,19.8225,28.26,CBH
A3DH67,40.0,7.0,Xylan,0.6055,19.8225,28.26,CBH
A3DH67,40.0,8.0,Xylan,0.5103,19.8225,28.26,CBH
A3DH67,50.0,4.0,Xylan,0.5461,19.8225,28.26,CBH
A3DH67,50.0,5.0,Xylan,0.6733,19.8225,28.26,CBH
A3DH67,50.0,6.0,Xylan,0.7268,19.8225,28.26,CBH
A3DH67,50.0,7.0,Xylan,0.7039,19.8225,28.26,CBH
A3DH67,50.0,8.0,Xylan,0.6053,19.8225,28.26,CBH
A3DH67,60.0,4.0,Xylan,0.5269,19.8225,28.26,CBH
A3DH67,60.0,5.0,Xylan,0.6531,19.8225,28.26,CBH
A3DH67,60.0,6.0,Xylan,0.7065,19.8225,28.26,CBH
A3DH67,60.0,7.0,Xylan,0.6836,19.8225,28.26,CBH
A3DH67,60.0,8.0,Xylan,0.5855,19.8225,28.26,CBH
A3DH67,70.0,4.0,Xylan,0.4007,19.8225,28.26,CBH
A3DH67,70.0,5.0,Xylan,0.5176,19.8225,28.26,CBH
A3DH67,70.0,6.0,Xylan,0.5686,19.8225,28.26,CBH
A3DH67,70.0,7.0,Xylan,0.5466,19.8225,28.26,CBH
A3DH67,70.0,8.0,Xylan,0.4544,19.8225,28.26,CBH
A3DH67,30.0,4.0,Bagasse,0.5624,19.8225,28.26,CBH
A3DH67,30.0,5.0,Bagasse,0.6903,19.8225,28.26,CBH
A3DH67,30.0,6.0,Bagasse,0.7438,19.8225,28.26,CBH
A3DH67,30.0,7.0,Bagasse,0.7209,19.8225,28.26,CBH
A3DH67,30.0,8.0,Bagasse,0.6219,19.8225,28.26,CBH
A3DH67,40.0,4.0,Bagasse,0.7788,19.8225,28.26,CBH
A3DH67,40.0,5.0,Bagasse,0.9016,19.8225,28.26,CBH
A3DH67,40.0,6.0,Bagasse,0.9438,19.8225,28.26,CBH
A3DH67,40.0,7.0,Bagasse,0.9267,19.8225,28.26,CBH
A3DH67,40.0,8.0,Bagasse,0.8386,19.8225,28.26,CBH
A3DH67,50.0,4.0,Bagasse,0.8742,19.8225,28.26,CBH
A3DH67,50.0,5.0,Bagasse,0.9716,19.8225,28.26,CBH
A3DH67,50.0,6.0,Bagasse,0.9911,19.8225,28.26,CBH
A3DH67,50.0,7.0,Bagasse,0.9845,19.8225,28.26,CBH
A3DH67,50.0,8.0,Bagasse,0.9265,19.8225,28.26,CBH
A3DH67,60.0,4.0,Bagasse,0.8554,19.8225,28.26,CBH
A3DH67,60.0,5.0,Bagasse,0.9604,19.8225,28.26,CBH
A3DH67,60.0,6.0,Bagasse,0.9854,19.8225,28.26,CBH
A3DH67,60.0,7.0,Bagasse,0.9765,19.8225,28.26,CBH
A3DH67,60.0,8.0,Bagasse,0.9101,19.8225,28.26,CBH
A3DH67,70.0,4.0,Bagasse,0.718,19.8225,28.26,CBH
A3DH67,70.0,5.0,Bagasse,0.8461,19.8225,28.26,CBH
A3DH67,70.0,6.0,Bagasse,0.8952,19.8225,28.26,CBH
A3DH67,70.0,7.0,Bagasse,0.8746,19.8225,28.26,CBH
A3DH67,70.0,8.0,Bagasse,0.779,19.8225,28.26,CBH
LP9F_EMENI,30.0,4.0,Cellulose,0.0473,0.4579,26.66,LPMO
LP9F_EMENI,30.0,5.0,Cellulose,0.0425,0.4579,26.66,LPMO
LP9F_EMENI,30.0,6.0,Cellulose,0.0261,0.4579,26.66,LPMO
LP9F_EMENI,30.0,7.0,Cellulose,0.0103,0.4579,26.66,LPMO
LP9F_EMENI,30.0,8.0,Cellulose,0.0025,0.4579,26.66,LPMO
LP9F_EMENI,40.0,4.0,Cellulose,0.1224,0.4579,26.66,LPMO
LP9F_EMENI,40.0,5.0,Cellulose,0.1126,0.4579,26.66,LPMO
LP9F_EMENI,40.0,6.0,Cellulose,0.0762,0.4579,26.66,LPMO
LP9F_EMENI,40.0,7.0,Cellulose,0.0343,0.4579,26.66,LPMO
LP9F_EMENI,40.0,8.0,Cellulose,0.0091,0.4579,26.66,LPMO
LP9F_EMENI,50.0,4.0,Cellulose,0.1777,0.4579,26.66,LPMO
LP9F_EMENI,50.0,5.0,Cellulose,0.1653,0.4579,26.66,LPMO
LP9F_EMENI,50.0,6.0,Cellulose,0.1175,0.4579,26.66,LPMO
LP9F_EMENI,50.0,7.0,Cellulose,0.0577,0.4579,26.66,LPMO
LP9F_EMENI,50.0,8.0,Cellulose,0.0167,0.4579,26.66,LPMO
LP9F_EMENI,60.0,4.0,Cellulose,0.1731,0.4579,26.66,LPMO
LP9F_EMENI,60.0,5.0,Cellulose,0.1608,0.4579,26.66,LPMO
LP9F_EMENI,60.0,6.0,Cellulose,0.114,0.4579,26.66,LPMO
LP9F_EMENI,60.0,7.0,Cellulose,0.0556,0.4579,26.66,LPMO
LP9F_EMENI,60.0,8.0,Cellulose,0.0159,0.4579,26.66,LPMO
LP9F_EMENI,70.0,4.0,Cellulose,0.1117,0.4579,26.66,LPMO
LP9F_EMENI,70.0,5.0,Cellulose,0.1024,0.4579,26.66,LPMO
LP9F_EMENI,70.0,6.0,Cellulose,0.0685,0.4579,26.66,LPMO
LP9F_EMENI,70.0,7.0,Cellulose,0.0303,0.4579,26.66,LPMO
LP9F_EMENI,70.0,8.0,Cellulose,0.0079,0.4579,26.66,LPMO
LP9F_EMENI,30.0,4.0,Xylan,0.0473,0.4579,26.66,LPMO
LP9F_EMENI,30.0,5.0,Xylan,0.0425,0.4579,26.66,LPMO
LP9F_EMENI,30.0,6.0,Xylan,0.0261,0.4579,26.66,LPMO
LP9F_EMENI,30.0,7.0,Xylan,0.0103,0.4579,26.66,LPMO
LP9F_EMENI,30.0,8.0,Xylan,0.0025,0.4579,26.66,LPMO
LP9F_EMENI,40.0,4.0,Xylan,0.1224,0.4579,26.66,LPMO
LP9F_EMENI,40.0,5.0,Xylan,0.1126,0.4579,26.66,LPMO
LP9F_EMENI,40.0,6.0,Xylan,0.0762,0.4579,26.66,LPMO
LP9F_EMENI,40.0,7.0,Xylan,0.0343,0.4579,26.66,LPMO
LP9F_EMENI,40.0,8.0,Xylan,0.0091,0.4579,26.66,LPMO
LP9F_EMENI,50.0,4.0,Xylan,0.1777,0.4579,26.66,LPMO
LP9F_EMENI,50.0,5.0,Xylan,0.1653,0.4579,26.66,LPMO
LP9F_EMENI,50.0,6.0,Xylan,0.1175,0.4579,26.66,LPMO
LP9F_EMENI,50.0,7.0,Xylan,0.0577,0.4579,26.66,LPMO
LP9F_EMENI,50.0,8.0,Xylan,0.0167,0.4579,26.66,LPMO
LP9F_EMENI,60.0,4.0,Xylan,0.1731,0.4579,26.66,LPMO
LP9F_EMENI,60.0,5.0,Xylan,0.1608,0.4579,26.66,LPMO
LP9F_EMENI,60.0,6.0,Xylan,0.114,0.4579,26.66,LPMO
LP9F_EMENI,60.0,7.0,Xylan,0.0556,0.4579,26.66,LPMO
LP9F_EMENI,60.0,8.0,Xylan,0.0159,0.4579,26.66,LPMO
LP9F_EMENI,70.0,4.0,Xylan,0.1117,0.4579,26.66,LPMO
LP9F_EMENI,70.0,5.0,Xylan,0.1024,0.4579,26.66,LPMO
LP9F_EMENI,70.0,6.0,Xylan,0.0685,0.4579,26.66,LPMO
LP9F_EMENI,70.0,7.0,Xylan,0.0303,0.4579,26.66,LPMO
LP9F_EMENI,70.0,8.0,Xylan,0.0079,0.4579,26.66,LPMO
LP9F_EMENI,30.0,4.0,Bagasse,0.0473,0.4579,26.66,LPMO
LP9F_EMENI,30.0,5.0,Bagasse,0.0425,0.4579,26.66,LPMO
LP9F_EMENI,30.0,6.0,Bagasse,0.0261,0.4579,26.66,LPMO
LP9F_EMENI,30.0,7.0,Bagasse,0.0103,0.4579,26.66,LPMO
LP9F_EMENI,30.0,8.0,Bagasse,0.0025,0.4579,26.66,LPMO
LP9F_EMENI,40.0,4.0,Bagasse,0.1224,0.4579,26.66,LPMO
LP9F_EMENI,40.0,5.0,Bagasse,0.1126,0.4579,26.66,LPMO
LP9F_EMENI,40.0,6.0,Bagasse,0.0762,0.4579,26.66,LPMO
LP9F_EMENI,40.0,7.0,Bagasse,0.0343,0.4579,26.66,LPMO
LP9F_EMENI,40.0,8.0,Bagasse,0.0091,0.4579,26.66,LPMO
LP9F_EMENI,50.0,4.0,Bagasse,0.1777,0.4579,26.66,LPMO
LP9F_EMENI,50.0,5.0,Bagasse,0.1653,0.4579,26.66,LPMO
LP9F_EMENI,50.0,6.0,Bagasse,0.1175,0.4579,26.66,LPMO
LP9F_EMENI,50.0,7.0,Bagasse,0.0577,0.4579,26.66,LPMO
LP9F_EMENI,50.0,8.0,Bagasse,0.0167,0.4579,26.66,LPMO
LP9F_EMENI,60.0,4.0,Bagasse,0.1731,0.4579,26.66,LPMO
LP9F_EMENI,60.0,5.0,Bagasse,0.1608,0.4579,26.66,LPMO
LP9F_EMENI,60.0,6.0,Bagasse,0.114,0.4579,26.66,LPMO
LP9F_EMENI,60.0,7.0,Bagasse,0.0556,0.4579,26.66,LPMO
LP9F_EMENI,60.0,8.0,Bagasse,0.0159,0.4579,26.66,LPMO
LP9F_EMENI,70.0,4.0,Bagasse,0.1117,0.4579,26.66,LPMO
LP9F_EMENI,70.0,5.0,Bagasse,0.1024,0.4579,26.66,LPMO
LP9F_EMENI,70.0,6.0,Bagasse,0.0685,0.4579,26.66,LPMO
LP9F_EMENI,70.0,7.0,Bagasse,0.0303,0.4579,26.66,LPMO
LP9F_EMENI,70.0,8.0,Bagasse,0.0079,0.4579,26.66,LPMO
GUN2_THEFU,30.0,4.0,Cellulose,0.024,37.3367,31.4543,EG
GUN2_THEFU,30.0,5.0,Cellulose,0.0321,37.3367,31.4543,EG
GUN2_THEFU,30.0,6.0,Cellulose,0.0321,37.3367,31.4543,EG
GUN2_THEFU,30.0,7.0,Cellulose,0.024,37.3367,31.4543,EG
GUN2_THEFU,30.0,8.0,Cellulose,0.0127,37.3367,31.4543,EG
GUN2_THEFU,40.0,4.0,Cellulose,0.1362,37.3367,31.4543,EG
GUN2_THEFU,40.0,5.0,Cellulose,0.1662,37.3367,31.4543,EG
GUN2_THEFU,40.0,6.0,Cellulose,0.1662,37.3367,31.4543,EG
GUN2_THEFU,40.0,7.0,Cellulose,0.1362,37.3367,31.4543,EG
GUN2_THEFU,40.0,8.0,Cellulose,0.0886,37.3367,31.4543,EG
GUN2_THEFU,50.0,4.0,Cellulose,0.3579,37.3367,31.4543,EG
GUN2_THEFU,50.0,5.0,Cellulose,0.4138,37.3367,31.4543,EG
GUN2_THEFU,50.0,6.0,Cellulose,0.4138,37.3367,31.4543,EG
GUN2_THEFU,50.0,7.0,Cellulose,0.3579,37.3367,31.4543,EG
GUN2_THEFU,50.0,8.0,Cellulose,0.2602,37.3367,31.4543,EG
GUN2_THEFU,60.0,4.0,Cellulose,0.5989,37.3367,31.4543,EG
GUN2_THEFU,60.0,5.0,Cellulose,0.6685,37.3367,31.4543,EG
GUN2_THEFU,60.0,6.0,Cellulose,0.6685,37.3367,31.4543,EG
GUN2_THEFU,60.0,7.0,Cellulose,0.5989,37.3367,31.4543,EG
GUN2_THEFU,60.0,8.0,Cellulose,0.4681,37.3367,31.4543,EG
GUN2_THEFU,70.0,4.0,Cellulose,0.7644,37.3367,31.4543,EG
GUN2_THEFU,70.0,5.0,Cellulose,0.835,37.3367,31.4543,EG
GUN2_THEFU,70.0,6.0,Cellulose,0.835,37.3367,31.4543,EG
GUN2_THEFU,70.0,7.0,Cellulose,0.7644,37.3367,31.4543,EG
GUN2_THEFU,70.0,8.0,Cellulose,0.6226,37.3367,31.4543,EG
GUN2_THEFU,30.0,4.0,Xylan,0.0039,37.3367,31.4543,EG
GUN2_THEFU,30.0,5.0,Xylan,0.0058,37.3367,31.4543,EG
GUN2_THEFU,30.0,6.0,Xylan,0.0058,37.3367,31.4543,EG
GUN2_THEFU,30.0,7.0,Xylan,0.0039,37.3367,31.4543,EG
GUN2_THEFU,30.0,8.0,Xylan,0.0017,37.3367,31.4543,EG
GUN2_THEFU,40.0,4.0,Xylan,0.0405,37.3367,31.4543,EG
GUN2_THEFU,40.0,5.0,Xylan,0.0526,37.3367,31.4543,EG
GUN2_THEFU,40.0,6.0,Xylan,0.0526,37.3367,31.4543,EG
GUN2_THEFU,40.0,7.0,Xylan,0.0405,37.3367,31.4543,EG
GUN2_THEFU,40.0,8.0,Xylan,0.0229,37.3367,31.4543,EG
GUN2_THEFU,50.0,4.0,Xylan,0.1444,37.3367,31.4543,EG
GUN2_THEFU,50.0,5.0,Xylan,0.1757,37.3367,31.4543,EG
GUN2_THEFU,50.0,6.0,Xylan,0.1757,37.3367,31.4543,EG
GUN2_THEFU,50.0,7.0,Xylan,0.1444,37.3367,31.4543,EG
GUN2_THEFU,50.0,8.0,Xylan,0.0945,37.3367,31.4543,EG
GUN2_THEFU,60.0,4.0,Xylan,0.2934,37.3367,31.4543,EG
GUN2_THEFU,60.0,5.0,Xylan,0.3434,37.3367,31.4543,EG
GUN2_THEFU,60.0,6.0,Xylan,0.3434,37.3367,31.4543,EG
GUN2_THEFU,60.0,7.0,Xylan,0.2934,37.3367,31.4543,EG
GUN2_THEFU,60.0,8.0,Xylan,0.2081,37.3367,31.4543,EG
GUN2_THEFU,70.0,4.0,Xylan,0.4178,37.3367,31.4543,EG
GUN2_THEFU,70.0,5.0,Xylan,0.4783,37.3367,31.4543,EG
GUN2_THEFU,70.0,6.0,Xylan,0.4783,37.3367,31.4543,EG
GUN2_THEFU,70.0,7.0,Xylan,0.4178,37.3367,31.4543,EG
GUN2_THEFU,70.0,8.0,Xylan,0.31,37.3367,31.4543,EG
GUN2_THEFU,30.0,4.0,Bagasse,0.0187,37.3367,31.4543,EG
GUN2_THEFU,30.0,5.0,Bagasse,0.0254,37.3367,31.4543,EG
GUN2_THEFU,30.0,6.0,Bagasse,0.0254,37.3367,31.4543,EG
GUN2_THEFU,30.0,7.0,Bagasse,0.0187,37.3367,31.4543,EG
GUN2_THEFU,30.0,8.0,Bagasse,0.0096,37.3367,31.4543,EG
GUN2_THEFU,40.0,4.0,Bagasse,0.1153,37.3367,31.4543,EG
GUN2_THEFU,40.0,5.0,Bagasse,0.1418,37.3367,31.4543,EG
GUN2_THEFU,40.0,6.0,Bagasse,0.1418,37.3367,31.4543,EG
GUN2_THEFU,40.0,7.0,Bagasse,0.1153,37.3367,31.4543,EG
GUN2_THEFU,40.0,8.0,Bagasse,0.0736,37.3367,31.4543,EG
GUN2_THEFU,50.0,4.0,Bagasse,0.3164,37.3367,31.4543,EG
GUN2_THEFU,50.0,5.0,Bagasse,0.3686,37.3367,31.4543,EG
GUN2_THEFU,50.0,6.0,Bagasse,0.3686,37.3367,31.4543,EG
GUN2_THEFU,50.0,7.0,Bagasse,0.3164,37.3367,31.4543,EG
GUN2_THEFU,50.0,8.0,Bagasse,0.2264,37.3367,31.4543,EG
GUN2_THEFU,60.0,4.0,Bagasse,0.5448,37.3367,31.4543,EG
GUN2_THEFU,60.0,5.0,Bagasse,0.6125,37.3367,31.4543,EG
GUN2_THEFU,60.0,6.0,Bagasse,0.6125,37.3367,31.4543,EG
GUN2_THEFU,60.0,7.0,Bagasse,0.5448,37.3367,31.4543,EG
GUN2_THEFU,60.0,8.0,Bagasse,0.4198,37.3367,31.4543,EG
GUN2_THEFU,70.0,4.0,Bagasse,0.707,37.3367,31.4543,EG
GUN2_THEFU,70.0,5.0,Bagasse,0.7785,37.3367,31.4543,EG
GUN2_THEFU,70.0,6.0,Bagasse,0.7785,37.3367,31.4543,EG
GUN2_THEFU,70.0,7.0,Bagasse,0.707,37.3367,31.4543,EG
GUN2_THEFU,70.0,8.0,Bagasse,0.5677,37.3367,31.4543,EG
CELD_PIRFI,30.0,4.0,Cellulose,0.3734,6.0,46.8731,EG
CELD_PIRFI,30.0,5.0,Cellulose,0.4012,6.0,46.8731,EG
CELD_PIRFI,30.0,6.0,Cellulose,0.3734,6.0,46.8731,EG
CELD_PIRFI,30.0,7.0,Cellulose,0.2967,6.0,46.8731,EG
CELD_PIRFI,30.0,8.0,Cellulose,0.1925,6.0,46.8731,EG
CELD_PIRFI,40.0,4.0,Cellulose,0.5123,6.0,46.8731,EG
CELD_PIRFI,40.0,5.0,Cellulose,0.5446,6.0,46.8731,EG
CELD_PIRFI,40.0,6.0,Cellulose,0.5123,6.0,46.8731,EG
CELD_PIRFI,40.0,7.0,Cellulose,0.4209,6.0,46.8731,EG
CELD_PIRFI,40.0,8.0,Cellulose,0.2893,6.0,46.8731,EG
CELD_PIRFI,50.0,4.0,Cellulose,0.563,6.0,46.8731,EG
CELD_PIRFI,50.0,5.0,Cellulose,0.5963,6.0,46.8731,EG
CELD_PIRFI,50.0,6.0,Cellulose,0.563,6.0,46.8731,EG
CELD_PIRFI,50.0,7.0,Cellulose,0.4675,6.0,46.8731,EG
CELD_PIRFI,50.0,8.0,Cellulose,0.3274,6.0,46.8731,EG
CELD_PIRFI,60.0,4.0,Cellulose,0.5123,6.0,46.8731,EG
CELD_PIRFI,60.0,5.0,Cellulose,0.5446,6.0,46.8731,EG
CELD_PIRFI,60.0,6.0,Cellulose,0.5123,6.0,46.8731,EG
CELD_PIRFI,60.0,7.0,Cellulose,0.4209,6.0,46.8731,EG
CELD_PIRFI,60.0,8.0,Cellulose,0.2893,6.0,46.8731,EG
CELD_PIRFI,70.0,4.0,Cellulose,0.3734,6.0,46.8731,EG
CELD_PIRFI,70.0,5.0,Cellulose,0.4012,6.0,46.8731,EG
CELD_PIRFI,70.0,6.0,Cellulose,0.3734,6.0,46.8731,EG
CELD_PIRFI,70.0,7.0,Cellulose,0.2967,6.0,46.8731,EG
CELD_PIRFI,70.0,8.0,Cellulose,0.1925,6.0,46.8731,EG
CELD_PIRFI,30.0,4.0,Xylan,0.1536,6.0,46.8731,EG
CELD_PIRFI,30.0,5.0,Xylan,0.1693,6.0,46.8731,EG
CELD_PIRFI,30.0,6.0,Xylan,0.1536,6.0,46.8731,EG
CELD_PIRFI,30.0,7.0,Xylan,0.1129,6.0,46.8731,EG
CELD_PIRFI,30.0,8.0,Xylan,0.0639,6.0,46.8731,EG
CELD_PIRFI,40.0,4.0,Xylan,0.2373,6.0,46.8731,EG
CELD_PIRFI,40.0,5.0,Xylan,0.2585,6.0,46.8731,EG
CELD_PIRFI,40.0,6.0,Xylan,0.2373,6.0,46.8731,EG
CELD_PIRFI,40.0,7.0,Xylan,0.1808,6.0,46.8731,EG
CELD_PIRFI,40.0,8.0,Xylan,0.1091,6.0,46.8731,EG
CELD_PIRFI,50.0,4.0,Xylan,0.2709,6.0,46.8731,EG
CELD_PIRFI,50.0,5.0,Xylan,0.294,6.0,46.8731,EG
CELD_PIRFI,50.0,6.0,Xylan,0.2709,6.0,46.8731,EG
CELD_PIRFI,50.0,7.0,Xylan,0.2089,6.0,46.8731,EG
CELD_PIRFI,50.0,8.0,Xylan,0.1287,6.0,46.8731,EG
CELD_PIRFI,60.0,4.0,Xylan,0.2373,6.0,46.8731,EG
CELD_PIRFI,60.0,5.0,Xylan,0.2585,6.0,46.8731,EG
CELD_PIRFI,60.0,6.0,Xylan,0.2373,6.0,46.8731,EG
CELD_PIRFI,60.0,7.0,Xylan,0.1808,6.0,46.8731,EG
CELD_PIRFI,60.0,8.0,Xylan,0.1091,6.0,46.8731,EG
CELD_PIRFI,70.0,4.0,Xylan,0.1536,6.0,46.8731,EG
CELD_PIRFI,70.0,5.0,Xylan,0.1693,6.0,46.8731,EG
CELD_PIRFI,70.0,6.0,Xylan,0.1536,6.0,46.8731,EG
CELD_PIRFI,70.0,7.0,Xylan,0.1129,6.0,46.8731,EG
CELD_PIRFI,70.0,8.0,Xylan,0.0639,6.0,46.8731,EG
CELD_PIRFI,30.0,4.0,Bagasse,0.3311,6.0,46.8731,EG
CELD_PIRFI,30.0,5.0,Bagasse,0.3571,6.0,46.8731,EG
CELD_PIRFI,30.0,6.0,Bagasse,0.3311,6.0,46.8731,EG
CELD_PIRFI,30.0,7.0,Bagasse,0.26,6.0,46.8731,EG
CELD_PIRFI,30.0,8.0,Bagasse,0.1654,6.0,46.8731,EG
CELD_PIRFI,40.0,4.0,Bagasse,0.4624,6.0,46.8731,EG
CELD_PIRFI,40.0,5.0,Bagasse,0.4932,6.0,46.8731,EG
CELD_PIRFI,40.0,6.0,Bagasse,0.4624,6.0,46.8731,EG
CELD_PIRFI,40.0,7.0,Bagasse,0.3756,6.0,46.8731,EG
CELD_PIRFI,40.0,8.0,Bagasse,0.2532,6.0,46.8731,EG
CELD_PIRFI,50.0,4.0,Bagasse,0.511,6.0,46.8731,EG
CELD_PIRFI,50.0,5.0,Bagasse,0.5432,6.0,46.8731,EG
CELD_PIRFI,50.0,6.0,Bagasse,0.511,6.0,46.8731,EG
CELD_PIRFI,50.0,7.0,Bagasse,0.4196,6.0,46.8731,EG
CELD_PIRFI,50.0,8.0,Bagasse,0.2883,6.0,46.8731,EG
CELD_PIRFI,60.0,4.0,Bagasse,0.4624,6.0,46.8731,EG
CELD_PIRFI,60.0,5.0,Bagasse,0.4932,6.0,46.8731,EG
CELD_PIRFI,60.0,6.0,Bagasse,0.4624,6.0,46.8731,EG
CELD_PIRFI,60.0,7.0,Bagasse,0.3756,6.0,46.8731,EG
CELD_PIRFI,60.0,8.0,Bagasse,0.2532,6.0,46.8731,EG
CELD_PIRFI,70.0,4.0,Bagasse,0.3311,6.0,46.8731,EG
CELD_PIRFI,70.0,5.0,Bagasse,0.3571,6.0,46.8731,EG
CELD_PIRFI,70.0,6.0,Bagasse,0.3311,6.0,46.8731,EG
CELD_PIRFI,70.0,7.0,Bagasse,0.26,6.0,46.8731,EG
CELD_PIRFI,70.0,8.0,Bagasse,0.1654,6.0,46.8731,EG
NFEG12A_ASPFI,30.0,4.0,Cellulose,0.7865,1721.0,40.3355,EG
NFEG12A_ASPFI,30.0,5.0,Cellulose,0.821,1721.0,40.3355,EG
NFEG12A_ASPFI,30.0,6.0,Cellulose,0.7865,1721.0,40.3355,EG
NFEG12A_ASPFI,30.0,7.0,Cellulose,0.6814,1721.0,40.3355,EG
NFEG12A_ASPFI,30.0,8.0,Cellulose,0.5129,1721.0,40.3355,EG
NFEG12A_ASPFI,40.0,4.0,Cellulose,0.9978,1721.0,40.3355,EG
NFEG12A_ASPFI,40.0,5.0,Cellulose,0.9994,1721.0,40.3355,EG
NFEG12A_ASPFI,40.0,6.0,Cellulose,0.9978,1721.0,40.3355,EG
NFEG12A_ASPFI,40.0,7.0,Cellulose,0.9707,1721.0,40.3355,EG
NFEG12A_ASPFI,40.0,8.0,Cellulose,0.8336,1721.0,40.3355,EG
NFEG12A_ASPFI,50.0,4.0,Cellulose,1.0,1721.0,40.3355,EG
NFEG12A_ASPFI,50.0,5.0,Cellulose,1.0,1721.0,40.3355,EG
NFEG12A_ASPFI,50.0,6.0,Cellulose,1.0,1721.0,40.3355,EG
NFEG12A_ASPFI,50.0,7.0,Cellulose,1.0,1721.0,40.3355,EG
NFEG12A_ASPFI,50.0,8.0,Cellulose,0.9875,1721.0,40.3355,EG
NFEG12A_ASPFI,60.0,4.0,Cellulose,1.0,1721.0,40.3355,EG
NFEG12A_ASPFI,60.0,5.0,Cellulose,1.0,1721.0,40.3355,EG
NFEG12A_ASPFI,60.0,6.0,Cellulose,1.0,1721.0,40.3355,EG
NFEG12A_ASPFI,60.0,7.0,Cellulose,1.0,1721.0,40.3355,EG
NFEG12A_ASPFI,60.0,8.0,Cellulose,0.9997,1721.0,40.3355,EG
NFEG12A_ASPFI,70.0,4.0,Cellulose,1.0,1721.0,40.3355,EG
NFEG12A_ASPFI,70.0,5.0,Cellulose,1.0,1721.0,40.3355,EG
NFEG12A_ASPFI,70.0,6.0,Cellulose,1.0,1721.0,40.3355,EG
NFEG12A_ASPFI,70.0,7.0,Cellulose,1.0,1721.0,40.3355,EG
NFEG12A_ASPFI,70.0,8.0,Cellulose,0.9997,1721.0,40.3355,EG
NFEG12A_ASPFI,30.0,4.0,Xylan,0.4398,1721.0,40.3355,EG
NFEG12A_ASPFI,30.0,5.0,Xylan,0.4701,1721.0,40.3355,EG
NFEG12A_ASPFI,30.0,6.0,Xylan,0.4398,1721.0,40.3355,EG
NFEG12A_ASPFI,30.0,7.0,Xylan,0.3551,1721.0,40.3355,EG
NFEG12A_ASPFI,30.0,8.0,Xylan,0.237,1721.0,40.3355,EG
NFEG12A_ASPFI,40.0,4.0,Xylan,0.7521,1721.0,40.3355,EG
NFEG12A_ASPFI,40.0,5.0,Xylan,0.787,1721.0,40.3355,EG
NFEG12A_ASPFI,40.0,6.0,Xylan,0.7521,1721.0,40.3355,EG
NFEG12A_ASPFI,40.0,7.0,Xylan,0.6471,1721.0,40.3355,EG
NFEG12A_ASPFI,40.0,8.0,Xylan,0.4817,1721.0,40.3355,EG
NFEG12A_ASPFI,50.0,4.0,Xylan,0.9484,1721.0,40.3355,EG
NFEG12A_ASPFI,50.0,5.0,Xylan,0.9688,1721.0,40.3355,EG
NFEG12A_ASPFI,50.0,6.0,Xylan,0.9484,1721.0,40.3355,EG
NFEG12A_ASPFI,50.0,7.0,Xylan,0.863,1721.0,40.3355,EG
NFEG12A_ASPFI,50.0,8.0,Xylan,0.6907,1721.0,40.3355,EG
NFEG12A_ASPFI,60.0,4.0,Xylan,0.9936,1721.0,40.3355,EG
NFEG12A_ASPFI,60.0,5.0,Xylan,0.9978,1721.0,40.3355,EG
NFEG12A_ASPFI,60.0,6.0,Xylan,0.9936,1721.0,40.3355,EG
NFEG12A_ASPFI,60.0,7.0,Xylan,0.9512,1721.0,40.3355,EG
NFEG12A_ASPFI,60.0,8.0,Xylan,0.8,1721.0,40.3355,EG
NFEG12A_ASPFI,70.0,4.0,Xylan,0.9936,1721.0,40.3355,EG
NFEG12A_ASPFI,70.0,5.0,Xylan,0.9978,1721.0,40.3355,EG
NFEG12A_ASPFI,70.0,6.0,Xylan,0.9936,1721.0,40.3355,EG
NFEG12A_ASPFI,70.0,7.0,Xylan,0.9512,1721.0,40.3355,EG
NFEG12A_ASPFI,70.0,8.0,Xylan,0.8,1721.0,40.3355,EG
NFEG12A_ASPFI,30.0,4.0,Bagasse,0.7304,1721.0,40.3355,EG
NFEG12A_ASPFI,30.0,5.0,Bagasse,0.7655,1721.0,40.3355,EG
NFEG12A_ASPFI,30.0,6.0,Bagasse,0.7304,1721.0,40.3355,EG
NFEG12A_ASPFI,30.0,7.0,Bagasse,0.6258,1721.0,40.3355,EG
NFEG12A_ASPFI,30.0,8.0,Bagasse,0.4626,1721.0,40.3355,EG
NFEG12A_ASPFI,40.0,4.0,Bagasse,0.9889,1721.0,40.3355,EG
NFEG12A_ASPFI,40.0,5.0,Bagasse,0.9956,1721.0,40.3355,EG
NFEG12A_ASPFI,40.0,6.0,Bagasse,0.9889,1721.0,40.3355,EG
NFEG12A_ASPFI,40.0,7.0,Bagasse,0.9365,1721.0,40.3355,EG
NFEG12A_ASPFI,40.0,8.0,Bagasse,0.7785,1721.0,40.3355,EG
NFEG12A_ASPFI,50.0,4.0,Bagasse,1.0,1721.0,40.3355,EG
NFEG12A_ASPFI,50.0,5.0,Bagasse,1.0,1721.0,40.3355,EG
NFEG12A_ASPFI,50.0,6.0,Bagasse,1.0,1721.0,40.3355,EG
NFEG12A_ASPFI,50.0,7.0,Bagasse,0.9998,1721.0,40.3355,EG
NFEG12A_ASPFI,50.0,8.0,Bagasse,0.9643,1721.0,40.3355,EG
NFEG12A_ASPFI,60.0,4.0,Bagasse,1.0,1721.0,40.3355,EG
NFEG12A_ASPFI,60.0,5.0,Bagasse,1.0,1721.0,40.3355,EG
NFEG12A_ASPFI,60.0,6.0,Bagasse,1.0,1721.0,40.3355,EG
NFEG12A_ASPFI,60.0,7.0,Bagasse,1.0,1721.0,40.3355,EG
NFEG12A_ASPFI,60.0,8.0,Bagasse,0.9971,1721.0,40.3355,EG
NFEG12A_ASPFI,70.0,4.0,Bagasse,1.0,1721.0,40.3355,EG
NFEG12A_ASPFI,70.0,5.0,Bagasse,1.0,1721.0,40.3355,EG
NFEG12A_ASPFI,70.0,6.0,Bagasse,1.0,1721.0,40.3355,EG
NFEG12A_ASPFI,70.0,7.0,Bagasse,1.0,1721.0,40.3355,EG
NFEG12A_ASPFI,70.0,8.0,Bagasse,0.9971,1721.0,40.3355,EG
ACEL12B_ACICE,30.0,4.0,Cellulose,0.1049,84.1004,157.0865,EG
ACEL12B_ACICE,30.0,5.0,Cellulose,0.1049,84.1004,157.0865,EG
ACEL12B_ACICE,30.0,6.0,Cellulose,0.0841,84.1004,157.0865,EG
ACEL12B_ACICE,30.0,7.0,Cellulose,0.0521,84.1004,157.0865,EG
ACEL12B_ACICE,30.0,8.0,Cellulose,0.0227,84.1004,157.0865,EG
ACEL12B_ACICE,40.0,4.0,Cellulose,0.3274,84.1004,157.0865,EG
ACEL12B_ACICE,40.0,5.0,Cellulose,0.3274,84.1004,157.0865,EG
ACEL12B_ACICE,40.0,6.0,Cellulose,0.2803,84.1004,157.0865,EG
ACEL12B_ACICE,40.0,7.0,Cellulose,0.1994,84.1004,157.0865,EG
ACEL12B_ACICE,40.0,8.0,Cellulose,0.1106,84.1004,157.0865,EG
ACEL12B_ACICE,50.0,4.0,Cellulose,0.5947,84.1004,157.0865,EG
ACEL12B_ACICE,50.0,5.0,Cellulose,0.5947,84.1004,157.0865,EG
ACEL12B_ACICE,50.0,6.0,Cellulose,0.5328,84.1004,157.0865,EG
ACEL12B_ACICE,50.0,7.0,Cellulose,0.4158,84.1004,157.0865,EG
ACEL12B_ACICE,50.0,8.0,Cellulose,0.2665,84.1004,157.0865,EG
ACEL12B_ACICE,60.0,4.0,Cellulose,0.7898,84.1004,157.0865,EG
ACEL12B_ACICE,60.0,5.0,Cellulose,0.7898,84.1004,157.0865,EG
ACEL12B_ACICE,60.0,6.0,Cellulose,0.7285,84.1004,157.0865,EG
ACEL12B_ACICE,60.0,7.0,Cellulose,0.6025,84.1004,157.0865,EG
ACEL12B_ACICE,60.0,8.0,Cellulose,0.4228,84.1004,157.0865,EG
ACEL12B_ACICE,70.0,4.0,Cellulose,0.8776,84.1004,157.0865,EG
ACEL12B_ACICE,70.0,5.0,Cellulose,0.8776,84.1004,157.0865,EG
ACEL12B_ACICE,70.0,6.0,Cellulose,0.8229,84.1004,157.0865,EG
ACEL12B_ACICE,70.0,7.0,Cellulose,0.7011,84.1004,157.0865,EG
ACEL12B_ACICE,70.0,8.0,Cellulose,0.5138,84.1004,157.0865,EG
ACEL12B_ACICE,30.0,4.0,Xylan,0.0289,84.1004,157.0865,EG
ACEL12B_ACICE,30.0,5.0,Xylan,0.0289,84.1004,157.0865,EG
ACEL12B_ACICE,30.0,6.0,Xylan,0.0215,84.1004,157.0865,EG
ACEL12B_ACICE,30.0,7.0,Xylan,0.0112,84.1004,157.0865,EG
ACEL12B_ACICE,30.0,8.0,Xylan,0.0036,84.1004,157.0865,EG
ACEL12B_ACICE,40.0,4.0,Xylan,0.1312,84.1004,157.0865,EG
ACEL12B_ACICE,40.0,5.0,Xylan,0.1312,84.1004,157.0865,EG
ACEL12B_ACICE,40.0,6.0,Xylan,0.1064,84.1004,157.0865,EG
ACEL12B_ACICE,40.0,7.0,Xylan,0.0677,84.1004,157.0865,EG
ACEL12B_ACICE,40.0,8.0,Xylan,0.0311,84.1004,157.0865,EG
ACEL12B_ACICE,50.0,4.0,Xylan,0.3036,84.1004,157.0865,EG
ACEL12B_ACICE,50.0,5.0,Xylan,0.3036,84.1004,157.0865,EG
ACEL12B_ACICE,50.0,6.0,Xylan,0.2587,84.1004,157.0865,EG
ACEL12B_ACICE,50.0,7.0,Xylan,0.1822,84.1004,157.0865,EG
ACEL12B_ACICE,50.0,8.0,Xylan,0.0995,84.1004,157.0865,EG
ACEL12B_ACICE,60.0,4.0,Xylan,0.4696,84.1004,157.0865,EG
ACEL12B_ACICE,60.0,5.0,Xylan,0.4696,84.1004,157.0865,EG
ACEL12B_ACICE,60.0,6.0,Xylan,0.4127,84.1004,157.0865,EG
ACEL12B_ACICE,60.0,7.0,Xylan,0.3096,84.1004,157.0865,EG
ACEL12B_ACICE,60.0,8.0,Xylan,0.1864,84.1004,157.0865,EG
ACEL12B_ACICE,70.0,4.0,Xylan,0.564,84.1004,157.0865,EG
ACEL12B_ACICE,70.0,5.0,Xylan,0.564,84.1004,157.0865,EG
ACEL12B_ACICE,70.0,6.0,Xylan,0.5029,84.1004,157.0865,EG
ACEL12B_ACICE,70.0,7.0,Xylan,0.3889,84.1004,157.0865,EG
ACEL12B_ACICE,70.0,8.0,Xylan,0.2456,84.1004,157.0865,EG
ACEL12B_ACICE,30.0,4.0,Bagasse,0.0879,84.1004,157.0865,EG
ACEL12B_ACICE,30.0,5.0,Bagasse,0.0879,84.1004,157.0865,EG
ACEL12B_ACICE,30.0,6.0,Bagasse,0.0698,84.1004,157.0865,EG
ACEL12B_ACICE,30.0,7.0,Bagasse,0.0423,84.1004,157.0865,EG
ACEL12B_ACICE,30.0,8.0,Bagasse,0.0177,84.1004,157.0865,EG
ACEL12B_ACICE,40.0,4.0,Bagasse,0.2893,84.1004,157.0865,EG
ACEL12B_ACICE,40.0,5.0,Bagasse,0.2893,84.1004,157.0865,EG
ACEL12B_ACICE,40.0,6.0,Bagasse,0.2457,84.1004,157.0865,EG
ACEL12B_ACICE,40.0,7.0,Bagasse,0.1719,84.1004,157.0865,EG
ACEL12B_ACICE,40.0,8.0,Bagasse,0.0929,84.1004,157.0865,EG
ACEL12B_ACICE,50.0,4.0,Bagasse,0.5449,84.1004,157.0865,EG
ACEL12B_ACICE,50.0,5.0,Bagasse,0.5449,84.1004,157.0865,EG
ACEL12B_ACICE,50.0,6.0,Bagasse,0.4845,84.1004,157.0865,EG
ACEL12B_ACICE,50.0,7.0,Bagasse,0.3724,84.1004,157.0865,EG
ACEL12B_ACICE,50.0,8.0,Bagasse,0.233,84.1004,157.0865,EG
ACEL12B_ACICE,60.0,4.0,Bagasse,0.7408,84.1004,157.0865,EG
ACEL12B_ACICE,60.0,5.0,Bagasse,0.7408,84.1004,157.0865,EG
ACEL12B_ACICE,60.0,6.0,Bagasse,0.6781,84.1004,157.0865,EG
ACEL12B_ACICE,60.0,7.0,Bagasse,0.5526,84.1004,157.0865,EG
ACEL12B_ACICE,60.0,8.0,Bagasse,0.379,84.1004,157.0865,EG
ACEL12B_ACICE,70.0,4.0,Bagasse,0.8341,84.1004,157.0865,EG
ACEL12B_ACICE,70.0,5.0,Bagasse,0.8341,84.1004,157.0865,EG
ACEL12B_ACICE,70.0,6.0,Bagasse,0.7754,84.1004,157.0865,EG
ACEL12B_ACICE,70.0,7.0,Bagasse,0.6505,84.1004,157.0865,EG
ACEL12B_ACICE,70.0,8.0,Bagasse,0.4662,84.1004,157.0865,EG
GUX1_TRIRF,30.0,4.0,Cellulose,0.0253,0.024,17.269,CBH
GUX1_TRIRF,30.0,5.0,Cellulose,0.0293,0.024,17.269,CBH
GUX1_TRIRF,30.0,6.0,Cellulose,0.0253,0.024,17.269,CBH
GUX1_TRIRF,30.0,7.0,Cellulose,0.0159,0.024,17.269,CBH
GUX1_TRIRF,30.0,8.0,Cellulose,0.0066,0.024,17.269,CBH
GUX1_TRIRF,40.0,4.0,Cellulose,0.0484,0.024,17.269,CBH
GUX1_TRIRF,40.0,5.0,Cellulose,0.055,0.024,17.269,CBH
GUX1_TRIRF,40.0,6.0,Cellulose,0.0484,0.024,17.269,CBH
GUX1_TRIRF,40.0,7.0,Cellulose,0.0323,0.024,17.269,CBH
GUX1_TRIRF,40.0,8.0,Cellulose,0.0151,0.024,17.269,CBH
GUX1_TRIRF,50.0,4.0,Cellulose,0.059,0.024,17.269,CBH
GUX1_TRIRF,50.0,5.0,Cellulose,0.0666,0.024,17.269,CBH
GUX1_TRIRF,50.0,6.0,Cellulose,0.059,0.024,17.269,CBH
GUX1_TRIRF,50.0,7.0,Cellulose,0.0401,0.024,17.269,CBH
GUX1_TRIRF,50.0,8.0,Cellulose,0.0194,0.024,17.269,CBH
GUX1_TRIRF,60.0,4.0,Cellulose,0.0484,0.024,17.269,CBH
GUX1_TRIRF,60.0,5.0,Cellulose,0.055,0.024,17.269,CBH
GUX1_TRIRF,60.0,6.0,Cellulose,0.0484,0.024,17.269,CBH
GUX1_TRIRF,60.0,7.0,Cellulose,0.0323,0.024,17.269,CBH
GUX1_TRIRF,60.0,8.0,Cellulose,0.0151,0.024,17.269,CBH
GUX1_TRIRF,70.0,4.0,Cellulose,0.0253,0.024,17.269,CBH
GUX1_TRIRF,70.0,5.0,Cellulose,0.0293,0.024,17.269,CBH
GUX1_TRIRF,70.0,6.0,Cellulose,0.0253,0.024,17.269,CBH
GUX1_TRIRF,70.0,7.0,Cellulose,0.0159,0.024,17.269,CBH
GUX1_TRIRF,70.0,8.0,Cellulose,0.0066,0.024,17.269,CBH
GUX1_TRIRF,30.0,4.0,Xylan,0.0042,0.024,17.269,CBH
GUX1_TRIRF,30.0,5.0,Xylan,0.0051,0.024,17.269,CBH
GUX1_TRIRF,30.0,6.0,Xylan,0.0042,0.024,17.269,CBH
GUX1_TRIRF,30.0,7.0,Xylan,0.0023,0.024,17.269,CBH
GUX1_TRIRF,30.0,8.0,Xylan,0.0008,0.024,17.269,CBH
GUX1_TRIRF,40.0,4.0,Xylan,0.0101,0.024,17.269,CBH
GUX1_TRIRF,40.0,5.0,Xylan,0.012,0.024,17.269,CBH
GUX1_TRIRF,40.0,6.0,Xylan,0.0101,0.024,17.269,CBH
GUX1_TRIRF,40.0,7.0,Xylan,0.0058,0.024,17.269,CBH
GUX1_TRIRF,40.0,8.0,Xylan,0.0021,0.024,17.269,CBH
GUX1_TRIRF,50.0,4.0,Xylan,0.0132,0.024,17.269,CBH
GUX1_TRIRF,50.0,5.0,Xylan,0.0156,0.024,17.269,CBH
GUX1_TRIRF,50.0,6.0,Xylan,0.0132,0.024,17.269,CBH
GUX1_TRIRF,50.0,7.0,Xylan,0.0078,0.024,17.269,CBH
GUX1_TRIRF,50.0,8.0,Xylan,0.0029,0.024,17.269,CBH
GUX1_TRIRF,60.0,4.0,Xylan,0.0101,0.024,17.269,CBH
GUX1_TRIRF,60.0,5.0,Xylan,0.012,0.024,17.269,CBH
GUX1_TRIRF,60.0,6.0,Xylan,0.0101,0.024,17.269,CBH
GUX1_TRIRF,60.0,7.0,Xylan,0.0058,0.024,17.269,CBH
GUX1_TRIRF,60.0,8.0,Xylan,0.0021,0.024,17.269,CBH
GUX1_TRIRF,70.0,4.0,Xylan,0.0042,0.024,17.269,CBH
GUX1_TRIRF,70.0,5.0,Xylan,0.0051,0.024,17.269,CBH
GUX1_TRIRF,70.0,6.0,Xylan,0.0042,0.024,17.269,CBH
GUX1_TRIRF,70.0,7.0,Xylan,0.0023,0.024,17.269,CBH
GUX1_TRIRF,70.0,8.0,Xylan,0.0008,0.024,17.269,CBH
GUX1_TRIRF,30.0,4.0,Bagasse,0.0198,0.024,17.269,CBH
GUX1_TRIRF,30.0,5.0,Bagasse,0.0231,0.024,17.269,CBH
GUX1_TRIRF,30.0,6.0,Bagasse,0.0198,0.024,17.269,CBH
GUX1_TRIRF,30.0,7.0,Bagasse,0.0121,0.024,17.269,CBH
GUX1_TRIRF,30.0,8.0,Bagasse,0.0049,0.024,17.269,CBH
GUX1_TRIRF,40.0,4.0,Bagasse,0.0392,0.024,17.269,CBH
GUX1_TRIRF,40.0,5.0,Bagasse,0.0447,0.024,17.269,CBH
GUX1_TRIRF,40.0,6.0,Bagasse,0.0392,0.024,17.269,CBH
GUX1_TRIRF,40.0,7.0,Bagasse,0.0256,0.024,17.269,CBH
GUX1_TRIRF,40.0,8.0,Bagasse,0.0115,0.024,17.269,CBH
GUX1_TRIRF,50.0,4.0,Bagasse,0.0481,0.024,17.269,CBH
GUX1_TRIRF,50.0,5.0,Bagasse,0.0547,0.024,17.269,CBH
GUX1_TRIRF,50.0,6.0,Bagasse,0.0481,0.024,17.269,CBH
GUX1_TRIRF,50.0,7.0,Bagasse,0.0321,0.024,17.269,CBH
GUX1_TRIRF,50.0,8.0,Bagasse,0.015,0.024,17.269,CBH
GUX1_TRIRF,60.0,4.0,Bagasse,0.0392,0.024,17.269,CBH
GUX1_TRIRF,60.0,5.0,Bagasse,0.0447,0.024,17.269,CBH
GUX1_TRIRF,60.0,6.0,Bagasse,0.0392,0.024,17.269,CBH
GUX1_TRIRF,60.0,7.0,Bagasse,0.0256,0.024,17.269,CBH
GUX1_TRIRF,60.0,8.0,Bagasse,0.0115,0.024,17.269,CBH
GUX1_TRIRF,70.0,4.0,Bagasse,0.0198,0.024,17.269,CBH
GUX1_TRIRF,70.0,5.0,Bagasse,0.0231,0.024,17.269,CBH
GUX1_TRIRF,70.0,6.0,Bagasse,0.0198,0.024,17.269,CBH
GUX1_TRIRF,70.0,7.0,Bagasse,0.0121,0.024,17.269,CBH
GUX1_TRIRF,70.0,8.0,Bagasse,0.0049,0.024,17.269,CBH
CBH1_RASEM,30.0,4.0,Cellulose,0.0022,0.022,30.2208,CBH
CBH1_RASEM,30.0,5.0,Cellulose,0.0027,0.022,30.2208,CBH
CBH1_RASEM,30.0,6.0,Cellulose,0.0022,0.022,30.2208,CBH
CBH1_RASEM,30.0,7.0,Cellulose,0.0012,0.022,30.2208,CBH
CBH1_RASEM,30.0,8.0,Cellulose,0.0004,0.022,30.2208,CBH
CBH1_RASEM,40.0,4.0,Cellulose,0.0133,0.022,30.2208,CBH
CBH1_RASEM,40.0,5.0,Cellulose,0.0157,0.022,30.2208,CBH
CBH1_RASEM,40.0,6.0,Cellulose,0.0133,0.022,30.2208,CBH
CBH1_RASEM,40.0,7.0,Cellulose,0.0078,0.022,30.2208,CBH
CBH1_RASEM,40.0,8.0,Cellulose,0.003,0.022,30.2208,CBH
CBH1_RASEM,50.0,4.0,Cellulose,0.0345,0.022,30.2208,CBH
CBH1_RASEM,50.0,5.0,Cellulose,0.0396,0.022,30.2208,CBH
CBH1_RASEM,50.0,6.0,Cellulose,0.0345,0.022,30.2208,CBH
CBH1_RASEM,50.0,7.0,Cellulose,0.0223,0.022,30.2208,CBH
CBH1_RASEM,50.0,8.0,Cellulose,0.0098,0.022,30.2208,CBH
CBH1_RASEM,60.0,4.0,Cellulose,0.0523,0.022,30.2208,CBH
CBH1_RASEM,60.0,5.0,Cellulose,0.0592,0.022,30.2208,CBH
CBH1_RASEM,60.0,6.0,Cellulose,0.0523,0.022,30.2208,CBH
CBH1_RASEM,60.0,7.0,Cellulose,0.0351,0.022,30.2208,CBH
CBH1_RASEM,60.0,8.0,Cellulose,0.0166,0.022,30.2208,CBH
CBH1_RASEM,70.0,4.0,Cellulose,0.0523,0.022,30.2208,CBH
CBH1_RASEM,70.0,5.0,Cellulose,0.0592,0.022,30.2208,CBH
CBH1_RASEM,70.0,6.0,Cellulose,0.0523,0.022,30.2208,CBH
CBH1_RASEM,70.0,7.0,Cellulose,0.0351,0.022,30.2208,CBH
CBH1_RASEM,70.0,8.0,Cellulose,0.0166,0.022,30.2208,CBH
CBH1_RASEM,30.0,4.0,Xylan,0.0002,0.022,30.2208,CBH
CBH1_RASEM,30.0,5.0,Xylan,0.0003,0.022,30.2208,CBH
CBH1_RASEM,30.0,6.0,Xylan,0.0002,0.022,30.2208,CBH
CBH1_RASEM,30.0,7.0,Xylan,0.0001,0.022,30.2208,CBH
CBH1_RASEM,30.0,8.0,Xylan,0.0,0.022,30.2208,CBH
CBH1_RASEM,40.0,4.0,Xylan,0.0018,0.022,30.2208,CBH
CBH1_RASEM,40.0,5.0,Xylan,0.0022,0.022,30.2208,CBH
CBH1_RASEM,40.0,6.0,Xylan,0.0018,0.022,30.2208,CBH
CBH1_RASEM,40.0,7.0,Xylan,0.001,0.022,30.2208,CBH
CBH1_RASEM,40.0,8.0,Xylan,0.0003,0.022,30.2208,CBH
CBH1_RASEM,50.0,4.0,Xylan,0.0064,0.022,30.2208,CBH
CBH1_RASEM,50.0,5.0,Xylan,0.0077,0.022,30.2208,CBH
CBH1_RASEM,50.0,6.0,Xylan,0.0064,0.022,30.2208,CBH
CBH1_RASEM,50.0,7.0,Xylan,0.0035,0.022,30.2208,CBH
CBH1_RASEM,50.0,8.0,Xylan,0.0013,0.022,30.2208,CBH
CBH1_RASEM,60.0,4.0,Xylan,0.0112,0.022,30.2208,CBH
CBH1_RASEM,60.0,5.0,Xylan,0.0133,0.022,30.2208,CBH
CBH1_RASEM,60.0,6.0,Xylan,0.0112,0.022,30.2208,CBH
CBH1_RASEM,60.0,7.0,Xylan,0.0065,0.022,30.2208,CBH
CBH1_RASEM,60.0,8.0,Xylan,0.0024,0.022,30.2208,CBH
CBH1_RASEM,70.0,4.0,Xylan,0.0112,0.022,30.2208,CBH
CBH1_RASEM,70.0,5.0,Xylan,0.0133,0.022,30.2208,CBH
CBH1_RASEM,70.0,6.0,Xylan,0.0112,0.022,30.2208,CBH
CBH1_RASEM,70.0,7.0,Xylan,0.0065,0.022,30.2208,CBH
CBH1_RASEM,70.0,8.0,Xylan,0.0024,0.022,30.2208,CBH
CBH1_RASEM,30.0,4.0,Bagasse,0.0016,0.022,30.2208,CBH
CBH1_RASEM,30.0,5.0,Bagasse,0.002,0.022,30.2208,CBH
CBH1_RASEM,30.0,6.0,Bagasse,0.0016,0.022,30.2208,CBH
CBH1_RASEM,30.0,7.0,Bagasse,0.0008,0.022,30.2208,CBH
CBH1_RASEM,30.0,8.0,Bagasse,0.0003,0.022,30.2208,CBH
CBH1_RASEM,40.0,4.0,Bagasse,0.0101,0.022,30.2208,CBH
CBH1_RASEM,40.0,5.0,Bagasse,0.012,0.022,30.2208,CBH
CBH1_RASEM,40.0,6.0,Bagasse,0.0101,0.022,30.2208,CBH
CBH1_RASEM,40.0,7.0,Bagasse,0.0058,0.022,30.2208,CBH
CBH1_RASEM,40.0,8.0,Bagasse,0.0021,0.022,30.2208,CBH
CBH1_RASEM,50.0,4.0,Bagasse,0.0275,0.022,30.2208,CBH
CBH1_RASEM,50.0,5.0,Bagasse,0.0317,0.022,30.2208,CBH
CBH1_RASEM,50.0,6.0,Bagasse,0.0275,0.022,30.2208,CBH
CBH1_RASEM,50.0,7.0,Bagasse,0.0174,0.022,30.2208,CBH
CBH1_RASEM,50.0,8.0,Bagasse,0.0073,0.022,30.2208,CBH
CBH1_RASEM,60.0,4.0,Bagasse,0.0424,0.022,30.2208,CBH
CBH1_RASEM,60.0,5.0,Bagasse,0.0484,0.022,30.2208,CBH
CBH1_RASEM,60.0,6.0,Bagasse,0.0424,0.022,30.2208,CBH
CBH1_RASEM,60.0,7.0,Bagasse,0.028,0.022,30.2208,CBH
CBH1_RASEM,60.0,8.0,Bagasse,0.0128,0.022,30.2208,CBH
CBH1_RASEM,70.0,4.0,Bagasse,0.0424,0.022,30.2208,CBH
CBH1_RASEM,70.0,5.0,Bagasse,0.0484,0.022,30.2208,CBH
CBH1_RASEM,70.0,6.0,Bagasse,0.0424,0.022,30.2208,CBH
CBH1_RASEM,70.0,7.0,Bagasse,0.028,0.022,30.2208,CBH
CBH1_RASEM,70.0,8.0,Bagasse,0.0128,0.022,30.2208,CBH
BGL1_ASPNG,30.0,4.0,Cellulose,0.5069,31.6167,0.88,BG
BGL1_ASPNG,30.0,5.0,Cellulose,0.5269,31.6167,0.88,BG
BGL1_ASPNG,30.0,6.0,Cellulose,0.481,31.6167,0.88,BG
BGL1_ASPNG,30.0,7.0,Cellulose,0.3789,31.6167,0.88,BG
BGL1_ASPNG,30.0,8.0,Cellulose,0.2462,31.6167,0.88,BG
BGL1_ASPNG,40.0,4.0,Cellulose,0.6725,31.6167,0.88,BG
BGL1_ASPNG,40.0,5.0,Cellulose,0.6952,31.6167,0.88,BG
BGL1_ASPNG,40.0,6.0,Cellulose,0.6427,31.6167,0.88,BG
BGL1_ASPNG,40.0,7.0,Cellulose,0.5231,31.6167,0.88,BG
BGL1_ASPNG,40.0,8.0,Cellulose,0.3593,31.6167,0.88,BG
BGL1_ASPNG,50.0,4.0,Cellulose,0.7323,31.6167,0.88,BG
BGL1_ASPNG,50.0,5.0,Cellulose,0.7557,31.6167,0.88,BG
BGL1_ASPNG,50.0,6.0,Cellulose,0.7014,31.6167,0.88,BG
BGL1_ASPNG,50.0,7.0,Cellulose,0.5766,31.6167,0.88,BG
BGL1_ASPNG,50.0,8.0,Cellulose,0.4031,31.6167,0.88,BG
BGL1_ASPNG,60.0,4.0,Cellulose,0.6725,31.6167,0.88,BG
BGL1_ASPNG,60.0,5.0,Cellulose,0.6952,31.6167,0.88,BG
BGL1_ASPNG,60.0,6.0,Cellulose,0.6427,31.6167,0.88,BG
BGL1_ASPNG,60.0,7.0,Cellulose,0.5231,31.6167,0.88,BG
BGL1_ASPNG,60.0,8.0,Cellulose,0.3593,31.6167,0.88,BG
BGL1_ASPNG,70.0,4.0,Cellulose,0.5069,31.6167,0.88,BG
BGL1_ASPNG,70.0,5.0,Cellulose,0.5269,31.6167,0.88,BG
BGL1_ASPNG,70.0,6.0,Cellulose,0.481,31.6167,0.88,BG
BGL1_ASPNG,70.0,7.0,Cellulose,0.3789,31.6167,0.88,BG
BGL1_ASPNG,70.0,8.0,Cellulose,0.2462,31.6167,0.88,BG
BGL1_ASPNG,30.0,4.0,Xylan,0.2305,31.6167,0.88,BG
BGL1_ASPNG,30.0,5.0,Xylan,0.2428,31.6167,0.88,BG
BGL1_ASPNG,30.0,6.0,Xylan,0.2147,31.6167,0.88,BG
BGL1_ASPNG,30.0,7.0,Xylan,0.1564,31.6167,0.88,BG
BGL1_ASPNG,30.0,8.0,Xylan,0.0897,31.6167,0.88,BG
BGL1_ASPNG,40.0,4.0,Xylan,0.339,31.6167,0.88,BG
BGL1_ASPNG,40.0,5.0,Xylan,0.3549,31.6167,0.88,BG
BGL1_ASPNG,40.0,6.0,Xylan,0.3185,31.6167,0.88,BG
BGL1_ASPNG,40.0,7.0,Xylan,0.2405,31.6167,0.88,BG
BGL1_ASPNG,40.0,8.0,Xylan,0.1459,31.6167,0.88,BG
BGL1_ASPNG,50.0,4.0,Xylan,0.3814,31.6167,0.88,BG
BGL1_ASPNG,50.0,5.0,Xylan,0.3984,31.6167,0.88,BG
BGL1_ASPNG,50.0,6.0,Xylan,0.3593,31.6167,0.88,BG
BGL1_ASPNG,50.0,7.0,Xylan,0.2745,31.6167,0.88,BG
BGL1_ASPNG,50.0,8.0,Xylan,0.1697,31.6167,0.88,BG
BGL1_ASPNG,60.0,4.0,Xylan,0.339,31.6167,0.88,BG
BGL1_ASPNG,60.0,5.0,Xylan,0.3549,31.6167,0.88,BG
BGL1_ASPNG,60.0,6.0,Xylan,0.3185,31.6167,0.88,BG
BGL1_ASPNG,60.0,7.0,Xylan,0.2405,31.6167,0.88,BG
BGL1_ASPNG,60.0,8.0,Xylan,0.1459,31.6167,0.88,BG
BGL1_ASPNG,70.0,4.0,Xylan,0.2305,31.6167,0.88,BG
BGL1_ASPNG,70.0,5.0,Xylan,0.2428,31.6167,0.88,BG
BGL1_ASPNG,70.0,6.0,Xylan,0.2147,31.6167,0.88,BG
BGL1_ASPNG,70.0,7.0,Xylan,0.1564,31.6167,0.88,BG
BGL1_ASPNG,70.0,8.0,Xylan,0.0897,31.6167,0.88,BG
BGL1_ASPNG,30.0,4.0,Bagasse,0.4556,31.6167,0.88,BG
BGL1_ASPNG,30.0,5.0,Bagasse,0.4744,31.6167,0.88,BG
BGL1_ASPNG,30.0,6.0,Bagasse,0.4311,31.6167,0.88,BG
BGL1_ASPNG,30.0,7.0,Bagasse,0.3356,31.6167,0.88,BG
BGL1_ASPNG,30.0,8.0,Bagasse,0.2139,31.6167,0.88,BG
BGL1_ASPNG,40.0,4.0,Bagasse,0.6134,31.6167,0.88,BG
BGL1_ASPNG,40.0,5.0,Bagasse,0.6352,31.6167,0.88,BG
BGL1_ASPNG,40.0,6.0,Bagasse,0.5848,31.6167,0.88,BG
BGL1_ASPNG,40.0,7.0,Bagasse,0.4708,31.6167,0.88,BG
BGL1_ASPNG,40.0,8.0,Bagasse,0.3174,31.6167,0.88,BG
BGL1_ASPNG,50.0,4.0,Bagasse,0.6709,31.6167,0.88,BG
BGL1_ASPNG,50.0,5.0,Bagasse,0.6936,31.6167,0.88,BG
BGL1_ASPNG,50.0,6.0,Bagasse,0.6412,31.6167,0.88,BG
BGL1_ASPNG,50.0,7.0,Bagasse,0.5217,31.6167,0.88,BG
BGL1_ASPNG,50.0,8.0,Bagasse,0.3581,31.6167,0.88,BG
BGL1_ASPNG,60.0,4.0,Bagasse,0.6134,31.6167,0.88,BG
BGL1_ASPNG,60.0,5.0,Bagasse,0.6352,31.6167,0.88,BG
BGL1_ASPNG,60.0,6.0,Bagasse,0.5848,31.6167,0.88,BG
BGL1_ASPNG,60.0,7.0,Bagasse,0.4708,31.6167,0.88,BG
BGL1_ASPNG,60.0,8.0,Bagasse,0.3174,31.6167,0.88,BG
BGL1_ASPNG,70.0,4.0,Bagasse,0.4556,31.6167,0.88,BG
BGL1_ASPNG,70.0,5.0,Bagasse,0.4744,31.6167,0.88,BG
BGL1_ASPNG,70.0,6.0,Bagasse,0.4311,31.6167,0.88,BG
BGL1_ASPNG,70.0,7.0,Bagasse,0.3356,31.6167,0.88,BG
BGL1_ASPNG,70.0,8.0,Bagasse,0.2139,31.6167,0.88,BG
BGL1_TRIRF,30.0,4.0,Cellulose,0.9802,40.75,1.36,BG
BGL1_TRIRF,30.0,5.0,Cellulose,0.9983,40.75,1.36,BG
BGL1_TRIRF,30.0,6.0,Cellulose,0.9472,40.75,1.36,BG
BGL1_TRIRF,30.0,7.0,Cellulose,0.8011,40.75,1.36,BG
BGL1_TRIRF,30.0,8.0,Cellulose,0.5814,40.75,1.36,BG
BGL1_TRIRF,40.0,4.0,Cellulose,1.0,40.75,1.36,BG
BGL1_TRIRF,40.0,5.0,Cellulose,1.0,40.75,1.36,BG
BGL1_TRIRF,40.0,6.0,Cellulose,1.0,40.75,1.36,BG
BGL1_TRIRF,40.0,7.0,Cellulose,0.9962,40.75,1.36,BG
BGL1_TRIRF,40.0,8.0,Cellulose,0.771,40.75,1.36,BG
BGL1_TRIRF,50.0,4.0,Cellulose,1.0,40.75,1.36,BG
BGL1_TRIRF,50.0,5.0,Cellulose,1.0,40.75,1.36,BG
BGL1_TRIRF,50.0,6.0,Cellulose,1.0,40.75,1.36,BG
BGL1_TRIRF,50.0,7.0,Cellulose,1.0,40.75,1.36,BG
BGL1_TRIRF,50.0,8.0,Cellulose,0.8374,40.75,1.36,BG
BGL1_TRIRF,60.0,4.0,Cellulose,1.0,40.75,1.36,BG
BGL1_TRIRF,60.0,5.0,Cellulose,1.0,40.75,1.36,BG
BGL1_TRIRF,60.0,6.0,Cellulose,1.0,40.75,1.36,BG
BGL1_TRIRF,60.0,7.0,Cellulose,0.9962,40.75,1.36,BG
BGL1_TRIRF,60.0,8.0,Cellulose,0.771,40.75,1.36,BG
BGL1_TRIRF,70.0,4.0,Cellulose,0.9802,40.75,1.36,BG
BGL1_TRIRF,70.0,5.0,Cellulose,0.9983,40.75,1.36,BG
BGL1_TRIRF,70.0,6.0,Cellulose,0.9472,40.75,1.36,BG
BGL1_TRIRF,70.0,7.0,Cellulose,0.8011,40.75,1.36,BG
BGL1_TRIRF,70.0,8.0,Cellulose,0.5814,40.75,1.36,BG
BGL1_TRIRF,30.0,4.0,Xylan,0.5523,40.75,1.36,BG
BGL1_TRIRF,30.0,5.0,Xylan,0.5752,40.75,1.36,BG
BGL1_TRIRF,30.0,6.0,Xylan,0.5223,40.75,1.36,BG
BGL1_TRIRF,30.0,7.0,Xylan,0.4021,40.75,1.36,BG
BGL1_TRIRF,30.0,8.0,Xylan,0.2404,40.75,1.36,BG
BGL1_TRIRF,40.0,4.0,Xylan,0.7392,40.75,1.36,BG
BGL1_TRIRF,40.0,5.0,Xylan,0.7642,40.75,1.36,BG
BGL1_TRIRF,40.0,6.0,Xylan,0.7061,40.75,1.36,BG
BGL1_TRIRF,40.0,7.0,Xylan,0.5709,40.75,1.36,BG
BGL1_TRIRF,40.0,8.0,Xylan,0.3786,40.75,1.36,BG
BGL1_TRIRF,50.0,4.0,Xylan,0.8049,40.75,1.36,BG
BGL1_TRIRF,50.0,5.0,Xylan,0.8305,40.75,1.36,BG
BGL1_TRIRF,50.0,6.0,Xylan,0.7711,40.75,1.36,BG
BGL1_TRIRF,50.0,7.0,Xylan,0.6319,40.75,1.36,BG
BGL1_TRIRF,50.0,8.0,Xylan,0.4309,40.75,1.36,BG
BGL1_TRIRF,60.0,4.0,Xylan,0.7392,40.75,1.36,BG
BGL1_TRIRF,60.0,5.0,Xylan,0.7642,40.75,1.36,BG
BGL1_TRIRF,60.0,6.0,Xylan,0.7061,40.75,1.36,BG
BGL1_TRIRF,60.0,7.0,Xylan,0.5709,40.75,1.36,BG
BGL1_TRIRF,60.0,8.0,Xylan,0.3786,40.75,1.36,BG
BGL1_TRIRF,70.0,4.0,Xylan,0.5523,40.75,1.36,BG
BGL1_TRIRF,70.0,5.0,Xylan,0.5752,40.75,1.36,BG
BGL1_TRIRF,70.0,6.0,Xylan,0.5223,40.75,1.36,BG
BGL1_TRIRF,70.0,7.0,Xylan,0.4021,40.75,1.36,BG
BGL1_TRIRF,70.0,8.0,Xylan,0.2404,40.75,1.36,BG
BGL1_TRIRF,30.0,4.0,Bagasse,0.9127,40.75,1.36,BG
BGL1_TRIRF,30.0,5.0,Bagasse,0.9385,40.75,1.36,BG
BGL1_TRIRF,30.0,6.0,Bagasse,0.8781,40.75,1.36,BG
BGL1_TRIRF,30.0,7.0,Bagasse,0.7337,40.75,1.36,BG
BGL1_TRIRF,30.0,8.0,Bagasse,0.5207,40.75,1.36,BG
BGL1_TRIRF,40.0,4.0,Bagasse,1.0,40.75,1.36,BG
BGL1_TRIRF,40.0,5.0,Bagasse,1.0,40.75,1.36,BG
BGL1_TRIRF,40.0,6.0,Bagasse,1.0,40.75,1.36,BG
BGL1_TRIRF,40.0,7.0,Bagasse,0.9337,40.75,1.36,BG
BGL1_TRIRF,40.0,8.0,Bagasse,0.7043,40.75,1.36,BG
BGL1_TRIRF,50.0,4.0,Bagasse,1.0,40.75,1.36,BG
BGL1_TRIRF,50.0,5.0,Bagasse,1.0,40.75,1.36,BG
BGL1_TRIRF,50.0,6.0,Bagasse,1.0,40.75,1.36,BG
BGL1_TRIRF,50.0,7.0,Bagasse,0.9952,40.75,1.36,BG
BGL1_TRIRF,50.0,8.0,Bagasse,0.7692,40.75,1.36,BG
BGL1_TRIRF,60.0,4.0,Bagasse,1.0,40.75,1.36,BG
BGL1_TRIRF,60.0,5.0,Bagasse,1.0,40.75,1.36,BG
BGL1_TRIRF,60.0,6.0,Bagasse,1.0,40.75,1.36,BG
BGL1_TRIRF,60.0,7.0,Bagasse,0.9337,40.75,1.36,BG
BGL1_TRIRF,60.0,8.0,Bagasse,0.7043,40.75,1.36,BG
BGL1_TRIRF,70.0,4.0,Bagasse,0.9127,40.75,1.36,BG
BGL1_TRIRF,70.0,5.0,Bagasse,0.9385,40.75,1.36,BG
BGL1_TRIRF,70.0,6.0,Bagasse,0.8781,40.75,1.36,BG
BGL1_TRIRF,70.0,7.0,Bagasse,0.7337,40.75,1.36,BG
BGL1_TRIRF,70.0,8.0,Bagasse,0.5207,40.75,1.36,BG
BGLA_ASPFU,30.0,4.0,Cellulose,0.639,80.3,1.75,BG
BGLA_ASPFU,30.0,5.0,Cellulose,0.7617,80.3,1.75,BG
BGLA_ASPFU,30.0,6.0,Cellulose,0.8038,80.3,1.75,BG
BGLA_ASPFU,30.0,7.0,Cellulose,0.7617,80.3,1.75,BG
BGLA_ASPFU,30.0,8.0,Cellulose,0.639,80.3,1.75,BG
BGLA_ASPFU,40.0,4.0,Cellulose,0.9661,80.3,1.75,BG
BGLA_ASPFU,40.0,5.0,Cellulose,1.0,80.3,1.75,BG
BGLA_ASPFU,40.0,6.0,Cellulose,1.0,80.3,1.75,BG
BGLA_ASPFU,40.0,7.0,Cellulose,1.0,80.3,1.75,BG
BGLA_ASPFU,40.0,8.0,Cellulose,0.9661,80.3,1.75,BG
BGLA_ASPFU,50.0,4.0,Cellulose,1.0,80.3,1.75,BG
BGLA_ASPFU,50.0,5.0,Cellulose,1.0,80.3,1.75,BG
BGLA_ASPFU,50.0,6.0,Cellulose,1.0,80.3,1.75,BG
BGLA_ASPFU,50.0,7.0,Cellulose,1.0,80.3,1.75,BG
BGLA_ASPFU,50.0,8.0,Cellulose,1.0,80.3,1.75,BG
BGLA_ASPFU,60.0,4.0,Cellulose,1.0,80.3,1.75,BG
BGLA_ASPFU,60.0,5.0,Cellulose,1.0,80.3,1.75,BG
BGLA_ASPFU,60.0,6.0,Cellulose,1.0,80.3,1.75,BG
BGLA_ASPFU,60.0,7.0,Cellulose,1.0,80.3,1.75,BG
BGLA_ASPFU,60.0,8.0,Cellulose,1.0,80.3,1.75,BG
BGLA_ASPFU,70.0,4.0,Cellulose,1.0,80.3,1.75,BG
BGLA_ASPFU,70.0,5.0,Cellulose,1.0,80.3,1.75,BG
BGLA_ASPFU,70.0,6.0,Cellulose,1.0,80.3,1.75,BG
BGLA_ASPFU,70.0,7.0,Cellulose,1.0,80.3,1.75,BG
BGLA_ASPFU,70.0,8.0,Cellulose,1.0,80.3,1.75,BG
BGLA_ASPFU,30.0,4.0,Xylan,0.2805,80.3,1.75,BG
BGLA_ASPFU,30.0,5.0,Xylan,0.3716,80.3,1.75,BG
BGLA_ASPFU,30.0,6.0,Xylan,0.4045,80.3,1.75,BG
BGLA_ASPFU,30.0,7.0,Xylan,0.3716,80.3,1.75,BG
BGLA_ASPFU,30.0,8.0,Xylan,0.2805,80.3,1.75,BG
BGLA_ASPFU,40.0,4.0,Xylan,0.5403,80.3,1.75,BG
BGLA_ASPFU,40.0,5.0,Xylan,0.6571,80.3,1.75,BG
BGLA_ASPFU,40.0,6.0,Xylan,0.6976,80.3,1.75,BG
BGLA_ASPFU,40.0,7.0,Xylan,0.6571,80.3,1.75,BG
BGLA_ASPFU,40.0,8.0,Xylan,0.5403,80.3,1.75,BG
BGLA_ASPFU,50.0,4.0,Xylan,0.7258,80.3,1.75,BG
BGLA_ASPFU,50.0,5.0,Xylan,0.8523,80.3,1.75,BG
BGLA_ASPFU,50.0,6.0,Xylan,0.8953,80.3,1.75,BG
BGLA_ASPFU,50.0,7.0,Xylan,0.8523,80.3,1.75,BG
BGLA_ASPFU,50.0,8.0,Xylan,0.7258,80.3,1.75,BG
BGLA_ASPFU,60.0,4.0,Xylan,0.7911,80.3,1.75,BG
BGLA_ASPFU,60.0,5.0,Xylan,0.9194,80.3,1.75,BG
BGLA_ASPFU,60.0,6.0,Xylan,0.9615,80.3,1.75,BG
BGLA_ASPFU,60.0,7.0,Xylan,0.9194,80.3,1.75,BG
BGLA_ASPFU,60.0,8.0,Xylan,0.7911,80.3,1.75,BG
BGLA_ASPFU,70.0,4.0,Xylan,0.7258,80.3,1.75,BG
BGLA_ASPFU,70.0,5.0,Xylan,0.8523,80.3,1.75,BG
BGLA_ASPFU,70.0,6.0,Xylan,0.8953,80.3,1.75,BG
BGLA_ASPFU,70.0,7.0,Xylan,0.8523,80.3,1.75,BG
BGLA_ASPFU,70.0,8.0,Xylan,0.7258,80.3,1.75,BG
BGLA_ASPFU,30.0,4.0,Bagasse,0.5762,80.3,1.75,BG
BGLA_ASPFU,30.0,5.0,Bagasse,0.6953,80.3,1.75,BG
BGLA_ASPFU,30.0,6.0,Bagasse,0.7364,80.3,1.75,BG
BGLA_ASPFU,30.0,7.0,Bagasse,0.6953,80.3,1.75,BG
BGLA_ASPFU,30.0,8.0,Bagasse,0.5762,80.3,1.75,BG
BGLA_ASPFU,40.0,4.0,Bagasse,0.8983,80.3,1.75,BG
BGLA_ASPFU,40.0,5.0,Bagasse,0.9999,80.3,1.75,BG
BGLA_ASPFU,40.0,6.0,Bagasse,1.0,80.3,1.75,BG
BGLA_ASPFU,40.0,7.0,Bagasse,0.9999,80.3,1.75,BG
BGLA_ASPFU,40.0,8.0,Bagasse,0.8983,80.3,1.75,BG
BGLA_ASPFU,50.0,4.0,Bagasse,1.0,80.3,1.75,BG
BGLA_ASPFU,50.0,5.0,Bagasse,1.0,80.3,1.75,BG
BGLA_ASPFU,50.0,6.0,Bagasse,1.0,80.3,1.75,BG
BGLA_ASPFU,50.0,7.0,Bagasse,1.0,80.3,1.75,BG
BGLA_ASPFU,50.0,8.0,Bagasse,1.0,80.3,1.75,BG
BGLA_ASPFU,60.0,4.0,Bagasse,1.0,80.3,1.75,BG
BGLA_ASPFU,60.0,5.0,Bagasse,1.0,80.3,1.75,BG
BGLA_ASPFU,60.0,6.0,Bagasse,1.0,80.3,1.75,BG
BGLA_ASPFU,60.0,7.0,Bagasse,1.0,80.3,1.75,BG
BGLA_ASPFU,60.0,8.0,Bagasse,1.0,80.3,1.75,BG
BGLA_ASPFU,70.0,4.0,Bagasse,1.0,80.3,1.75,BG
BGLA_ASPFU,70.0,5.0,Bagasse,1.0,80.3,1.75,BG
BGLA_ASPFU,70.0,6.0,Bagasse,1.0,80.3,1.75,BG
BGLA_ASPFU,70.0,7.0,Bagasse,1.0,80.3,1.75,BG
BGLA_ASPFU,70.0,8.0,Bagasse,1.0,80.3,1.75,BG
BGLA_THEMA,30.0,4.0,Cellulose,0.0103,55.6,22.3,BG
BGLA_THEMA,30.0,5.0,Cellulose,0.0263,55.6,22.3,BG
BGLA_THEMA,30.0,6.0,Cellulose,0.0432,55.6,22.3,BG
BGLA_THEMA,30.0,7.0,Cellulose,0.0482,55.6,22.3,BG
BGLA_THEMA,30.0,8.0,Cellulose,0.0373,55.6,22.3,BG
BGLA_THEMA,40.0,4.0,Cellulose,0.1312,55.6,22.3,BG
BGLA_THEMA,40.0,5.0,Cellulose,0.2317,55.6,22.3,BG
BGLA_THEMA,40.0,6.0,Cellulose,0.3027,55.6,22.3,BG
BGLA_THEMA,40.0,7.0,Cellulose,0.3204,55.6,22.3,BG
BGLA_THEMA,40.0,8.0,Cellulose,0.2798,55.6,22.3,BG
BGLA_THEMA,50.0,4.0,Cellulose,0.42,55.6,22.3,BG
BGLA_THEMA,50.0,5.0,Cellulose,0.5838,55.6,22.3,BG
BGLA_THEMA,50.0,6.0,Cellulose,0.6828,55.6,22.3,BG
BGLA_THEMA,50.0,7.0,Cellulose,0.706,55.6,22.3,BG
BGLA_THEMA,50.0,8.0,Cellulose,0.652,55.6,22.3,BG
BGLA_THEMA,60.0,4.0,Cellulose,0.7065,55.6,22.3,BG
BGLA_THEMA,60.0,5.0,Cellulose,0.8816,55.6,22.3,BG
BGLA_THEMA,60.0,6.0,Cellulose,0.9622,55.6,22.3,BG
BGLA_THEMA,60.0,7.0,Cellulose,0.9752,55.6,22.3,BG
BGLA_THEMA,60.0,8.0,Cellulose,0.9408,55.6,22.3,BG
BGLA_THEMA,70.0,4.0,Cellulose,0.8847,55.6,22.3,BG
BGLA_THEMA,70.0,5.0,Cellulose,0.9943,55.6,22.3,BG
BGLA_THEMA,70.0,6.0,Cellulose,0.9999,55.6,22.3,BG
BGLA_THEMA,70.0,7.0,Cellulose,1.0,55.6,22.3,BG
BGLA_THEMA,70.0,8.0,Cellulose,0.9997,55.6,22.3,BG
BGLA_THEMA,30.0,4.0,Xylan,0.0011,55.6,22.3,BG
BGLA_THEMA,30.0,5.0,Xylan,0.003,55.6,22.3,BG
BGLA_THEMA,30.0,6.0,Xylan,0.0052,55.6,22.3,BG
BGLA_THEMA,30.0,7.0,Xylan,0.0059,55.6,22.3,BG
BGLA_THEMA,30.0,8.0,Xylan,0.0044,55.6,22.3,BG
BGLA_THEMA,40.0,4.0,Xylan,0.022,55.6,22.3,BG
BGLA_THEMA,40.0,5.0,Xylan,0.0527,55.6,22.3,BG
BGLA_THEMA,40.0,6.0,Xylan,0.0818,55.6,22.3,BG
BGLA_THEMA,40.0,7.0,Xylan,0.09,55.6,22.3,BG
BGLA_THEMA,40.0,8.0,Xylan,0.0718,55.6,22.3,BG
BGLA_THEMA,50.0,4.0,Xylan,0.1419,55.6,22.3,BG
BGLA_THEMA,50.0,5.0,Xylan,0.2466,55.6,22.3,BG
BGLA_THEMA,50.0,6.0,Xylan,0.3196,55.6,22.3,BG
BGLA_THEMA,50.0,7.0,Xylan,0.3378,55.6,22.3,BG
BGLA_THEMA,50.0,8.0,Xylan,0.2962,55.6,22.3,BG
BGLA_THEMA,60.0,4.0,Xylan,0.3381,55.6,22.3,BG
BGLA_THEMA,60.0,5.0,Xylan,0.4907,55.6,22.3,BG
BGLA_THEMA,60.0,6.0,Xylan,0.5857,55.6,22.3,BG
BGLA_THEMA,60.0,7.0,Xylan,0.6082,55.6,22.3,BG
BGLA_THEMA,60.0,8.0,Xylan,0.5559,55.6,22.3,BG
BGLA_THEMA,70.0,4.0,Xylan,0.4939,55.6,22.3,BG
BGLA_THEMA,70.0,5.0,Xylan,0.665,55.6,22.3,BG
BGLA_THEMA,70.0,6.0,Xylan,0.7657,55.6,22.3,BG
BGLA_THEMA,70.0,7.0,Xylan,0.7889,55.6,22.3,BG
BGLA_THEMA,70.0,8.0,Xylan,0.7346,55.6,22.3,BG
BGLA_THEMA,30.0,4.0,Bagasse,0.0073,55.6,22.3,BG
BGLA_THEMA,30.0,5.0,Bagasse,0.0191,55.6,22.3,BG
BGLA_THEMA,30.0,6.0,Bagasse,0.032,55.6,22.3,BG
BGLA_THEMA,30.0,7.0,Bagasse,0.0358,55.6,22.3,BG
BGLA_THEMA,30.0,8.0,Bagasse,0.0274,55.6,22.3,BG
BGLA_THEMA,40.0,4.0,Bagasse,0.1041,55.6,22.3,BG
BGLA_THEMA,40.0,5.0,Bagasse,0.1929,55.6,22.3,BG
BGLA_THEMA,40.0,6.0,Bagasse,0.2578,55.6,22.3,BG
BGLA_THEMA,40.0,7.0,Bagasse,0.2741,55.6,22.3,BG
BGLA_THEMA,40.0,8.0,Bagasse,0.2367,55.6,22.3,BG
BGLA_THEMA,50.0,4.0,Bagasse,0.3676,55.6,22.3,BG
BGLA_THEMA,50.0,5.0,Bagasse,0.5246,55.6,22.3,BG
BGLA_THEMA,50.0,6.0,Bagasse,0.6213,55.6,22.3,BG
BGLA_THEMA,50.0,7.0,Bagasse,0.6441,55.6,22.3,BG
BGLA_THEMA,50.0,8.0,Bagasse,0.5911,55.6,22.3,BG
BGLA_THEMA,60.0,4.0,Bagasse,0.6446,55.6,22.3,BG
BGLA_THEMA,60.0,5.0,Bagasse,0.8222,55.6,22.3,BG
BGLA_THEMA,60.0,6.0,Bagasse,0.9158,55.6,22.3,BG
BGLA_THEMA,60.0,7.0,Bagasse,0.9347,55.6,22.3,BG
BGLA_THEMA,60.0,8.0,Bagasse,0.8885,55.6,22.3,BG
BGLA_THEMA,70.0,4.0,Bagasse,0.8255,55.6,22.3,BG
BGLA_THEMA,70.0,5.0,Bagasse,0.9729,55.6,22.3,BG
BGLA_THEMA,70.0,6.0,Bagasse,0.9986,55.6,22.3,BG
BGLA_THEMA,70.0,7.0,Bagasse,0.9995,55.6,22.3,BG
BGLA_THEMA,70.0,8.0,Bagasse,0.9956,55.6,22.3,BG
